Execute     source -notrace -encoding utf-8 C:/Xilinx/Vitis/2024.2/tps/tcl/tcl8.6/clock.tcl 
Execute       source -encoding utf-8 C:/Xilinx/Vitis/2024.2/tps/tcl/tcl8/8.5/msgcat-1.6.1.tm 
Execute         source C:/Xilinx/Vitis/2024.2/tps/tcl/tcllib1.11.1/amazon-s3/pkgIndex.tcl 
Execute         source C:/Xilinx/Vitis/2024.2/tps/tcl/tcllib1.11.1/asn/pkgIndex.tcl 
Execute         source C:/Xilinx/Vitis/2024.2/tps/tcl/tcllib1.11.1/base32/pkgIndex.tcl 
Execute         source C:/Xilinx/Vitis/2024.2/tps/tcl/tcllib1.11.1/base64/pkgIndex.tcl 
Execute         source C:/Xilinx/Vitis/2024.2/tps/tcl/tcllib1.11.1/bee/pkgIndex.tcl 
Execute         source C:/Xilinx/Vitis/2024.2/tps/tcl/tcllib1.11.1/bench/pkgIndex.tcl 
Execute         source C:/Xilinx/Vitis/2024.2/tps/tcl/tcllib1.11.1/bibtex/pkgIndex.tcl 
Execute         source C:/Xilinx/Vitis/2024.2/tps/tcl/tcllib1.11.1/cache/pkgIndex.tcl 
Execute         source C:/Xilinx/Vitis/2024.2/tps/tcl/tcllib1.11.1/cmdline/pkgIndex.tcl 
Execute         source C:/Xilinx/Vitis/2024.2/tps/tcl/tcllib1.11.1/comm/pkgIndex.tcl 
Execute         source C:/Xilinx/Vitis/2024.2/tps/tcl/tcllib1.11.1/control/pkgIndex.tcl 
Execute         source C:/Xilinx/Vitis/2024.2/tps/tcl/tcllib1.11.1/counter/pkgIndex.tcl 
Execute         source C:/Xilinx/Vitis/2024.2/tps/tcl/tcllib1.11.1/crc/pkgIndex.tcl 
Execute         source C:/Xilinx/Vitis/2024.2/tps/tcl/tcllib1.11.1/csv/pkgIndex.tcl 
Execute         source C:/Xilinx/Vitis/2024.2/tps/tcl/tcllib1.11.1/dns/pkgIndex.tcl 
Execute         source C:/Xilinx/Vitis/2024.2/tps/tcl/tcllib1.11.1/docstrip/pkgIndex.tcl 
Execute         source C:/Xilinx/Vitis/2024.2/tps/tcl/tcllib1.11.1/doctools/pkgIndex.tcl 
Execute         source C:/Xilinx/Vitis/2024.2/tps/tcl/tcllib1.11.1/exif/pkgIndex.tcl 
Execute         source C:/Xilinx/Vitis/2024.2/tps/tcl/tcllib1.11.1/fileutil/pkgIndex.tcl 
Execute         source C:/Xilinx/Vitis/2024.2/tps/tcl/tcllib1.11.1/ftp/pkgIndex.tcl 
Execute         source C:/Xilinx/Vitis/2024.2/tps/tcl/tcllib1.11.1/ftpd/pkgIndex.tcl 
Execute         source C:/Xilinx/Vitis/2024.2/tps/tcl/tcllib1.11.1/fumagic/pkgIndex.tcl 
Execute         source C:/Xilinx/Vitis/2024.2/tps/tcl/tcllib1.11.1/grammar_fa/pkgIndex.tcl 
Execute         source C:/Xilinx/Vitis/2024.2/tps/tcl/tcllib1.11.1/grammar_me/pkgIndex.tcl 
Execute         source C:/Xilinx/Vitis/2024.2/tps/tcl/tcllib1.11.1/grammar_peg/pkgIndex.tcl 
Execute         source C:/Xilinx/Vitis/2024.2/tps/tcl/tcllib1.11.1/html/pkgIndex.tcl 
Execute         source C:/Xilinx/Vitis/2024.2/tps/tcl/tcllib1.11.1/htmlparse/pkgIndex.tcl 
Execute         source C:/Xilinx/Vitis/2024.2/tps/tcl/tcllib1.11.1/http/pkgIndex.tcl 
Execute         source C:/Xilinx/Vitis/2024.2/tps/tcl/tcllib1.11.1/ident/pkgIndex.tcl 
Execute         source C:/Xilinx/Vitis/2024.2/tps/tcl/tcllib1.11.1/inifile/pkgIndex.tcl 
Execute         source C:/Xilinx/Vitis/2024.2/tps/tcl/tcllib1.11.1/interp/pkgIndex.tcl 
Execute         source C:/Xilinx/Vitis/2024.2/tps/tcl/tcllib1.11.1/irc/pkgIndex.tcl 
Execute         source C:/Xilinx/Vitis/2024.2/tps/tcl/tcllib1.11.1/javascript/pkgIndex.tcl 
Execute         source C:/Xilinx/Vitis/2024.2/tps/tcl/tcllib1.11.1/jpeg/pkgIndex.tcl 
Execute         source C:/Xilinx/Vitis/2024.2/tps/tcl/tcllib1.11.1/json/pkgIndex.tcl 
Execute         source C:/Xilinx/Vitis/2024.2/tps/tcl/tcllib1.11.1/ldap/pkgIndex.tcl 
Execute         source C:/Xilinx/Vitis/2024.2/tps/tcl/tcllib1.11.1/log/pkgIndex.tcl 
Execute         source C:/Xilinx/Vitis/2024.2/tps/tcl/tcllib1.11.1/map/pkgIndex.tcl 
Execute         source C:/Xilinx/Vitis/2024.2/tps/tcl/tcllib1.11.1/mapproj/pkgIndex.tcl 
Execute         source C:/Xilinx/Vitis/2024.2/tps/tcl/tcllib1.11.1/math/pkgIndex.tcl 
Execute         source C:/Xilinx/Vitis/2024.2/tps/tcl/tcllib1.11.1/md4/pkgIndex.tcl 
Execute         source C:/Xilinx/Vitis/2024.2/tps/tcl/tcllib1.11.1/md5/pkgIndex.tcl 
Execute         source C:/Xilinx/Vitis/2024.2/tps/tcl/tcllib1.11.1/md5crypt/pkgIndex.tcl 
Execute         source C:/Xilinx/Vitis/2024.2/tps/tcl/tcllib1.11.1/mime/pkgIndex.tcl 
Execute         source C:/Xilinx/Vitis/2024.2/tps/tcl/tcllib1.11.1/multiplexer/pkgIndex.tcl 
Execute         source C:/Xilinx/Vitis/2024.2/tps/tcl/tcllib1.11.1/ncgi/pkgIndex.tcl 
Execute         source C:/Xilinx/Vitis/2024.2/tps/tcl/tcllib1.11.1/nmea/pkgIndex.tcl 
Execute         source C:/Xilinx/Vitis/2024.2/tps/tcl/tcllib1.11.1/nns/pkgIndex.tcl 
Execute         source C:/Xilinx/Vitis/2024.2/tps/tcl/tcllib1.11.1/nntp/pkgIndex.tcl 
Execute         source C:/Xilinx/Vitis/2024.2/tps/tcl/tcllib1.11.1/ntp/pkgIndex.tcl 
Execute         source C:/Xilinx/Vitis/2024.2/tps/tcl/tcllib1.11.1/otp/pkgIndex.tcl 
Execute         source C:/Xilinx/Vitis/2024.2/tps/tcl/tcllib1.11.1/page/pkgIndex.tcl 
Execute         source C:/Xilinx/Vitis/2024.2/tps/tcl/tcllib1.11.1/pluginmgr/pkgIndex.tcl 
Execute         source C:/Xilinx/Vitis/2024.2/tps/tcl/tcllib1.11.1/png/pkgIndex.tcl 
Execute         source C:/Xilinx/Vitis/2024.2/tps/tcl/tcllib1.11.1/pop3/pkgIndex.tcl 
Execute         source C:/Xilinx/Vitis/2024.2/tps/tcl/tcllib1.11.1/pop3d/pkgIndex.tcl 
Execute         source C:/Xilinx/Vitis/2024.2/tps/tcl/tcllib1.11.1/profiler/pkgIndex.tcl 
Execute         source C:/Xilinx/Vitis/2024.2/tps/tcl/tcllib1.11.1/rcs/pkgIndex.tcl 
Execute         source C:/Xilinx/Vitis/2024.2/tps/tcl/tcllib1.11.1/report/pkgIndex.tcl 
Execute         source C:/Xilinx/Vitis/2024.2/tps/tcl/tcllib1.11.1/ripemd/pkgIndex.tcl 
Execute         source C:/Xilinx/Vitis/2024.2/tps/tcl/tcllib1.11.1/sasl/pkgIndex.tcl 
Execute         source C:/Xilinx/Vitis/2024.2/tps/tcl/tcllib1.11.1/sha1/pkgIndex.tcl 
Execute         source C:/Xilinx/Vitis/2024.2/tps/tcl/tcllib1.11.1/simulation/pkgIndex.tcl 
Execute         source C:/Xilinx/Vitis/2024.2/tps/tcl/tcllib1.11.1/smtpd/pkgIndex.tcl 
Execute         source C:/Xilinx/Vitis/2024.2/tps/tcl/tcllib1.11.1/snit/pkgIndex.tcl 
Execute         source C:/Xilinx/Vitis/2024.2/tps/tcl/tcllib1.11.1/soundex/pkgIndex.tcl 
Execute         source C:/Xilinx/Vitis/2024.2/tps/tcl/tcllib1.11.1/stooop/pkgIndex.tcl 
Execute         source C:/Xilinx/Vitis/2024.2/tps/tcl/tcllib1.11.1/stringprep/pkgIndex.tcl 
Execute         source C:/Xilinx/Vitis/2024.2/tps/tcl/tcllib1.11.1/struct/pkgIndex.tcl 
Execute         source C:/Xilinx/Vitis/2024.2/tps/tcl/tcllib1.11.1/tar/pkgIndex.tcl 
Execute         source C:/Xilinx/Vitis/2024.2/tps/tcl/tcllib1.11.1/term/pkgIndex.tcl 
Execute         source C:/Xilinx/Vitis/2024.2/tps/tcl/tcllib1.11.1/textutil/pkgIndex.tcl 
Execute         source C:/Xilinx/Vitis/2024.2/tps/tcl/tcllib1.11.1/tie/pkgIndex.tcl 
Execute         source C:/Xilinx/Vitis/2024.2/tps/tcl/tcllib1.11.1/tiff/pkgIndex.tcl 
Execute         source C:/Xilinx/Vitis/2024.2/tps/tcl/tcllib1.11.1/transfer/pkgIndex.tcl 
Execute         source C:/Xilinx/Vitis/2024.2/tps/tcl/tcllib1.11.1/treeql/pkgIndex.tcl 
Execute         source C:/Xilinx/Vitis/2024.2/tps/tcl/tcllib1.11.1/try/pkgIndex.tcl 
Execute         source C:/Xilinx/Vitis/2024.2/tps/tcl/tcllib1.11.1/uev/pkgIndex.tcl 
Execute         source C:/Xilinx/Vitis/2024.2/tps/tcl/tcllib1.11.1/units/pkgIndex.tcl 
Execute         source C:/Xilinx/Vitis/2024.2/tps/tcl/tcllib1.11.1/uri/pkgIndex.tcl 
Execute         source C:/Xilinx/Vitis/2024.2/tps/tcl/tcllib1.11.1/uuid/pkgIndex.tcl 
Execute         source C:/Xilinx/Vitis/2024.2/tps/tcl/tcllib1.11.1/wip/pkgIndex.tcl 
Execute         source C:/Xilinx/Vitis/2024.2/tps/tcl/tcllib1.11.1/yaml/pkgIndex.tcl 
Execute         source C:/Xilinx/Vitis/2024.2/tps/tcl/tcllib1.11.1/pkgIndex.tcl 
Execute         source C:/Xilinx/Vitis/2024.2/tps/tcl/tk8.6/pkgIndex.tcl 
Execute         source C:/Xilinx/Vitis/2024.2/tps/tcl/tcl8.6/http1.0/pkgIndex.tcl 
Execute         source C:/Xilinx/Vitis/2024.2/tps/tcl/tcl8.6/opt0.4/pkgIndex.tcl 
Execute         source C:/Xilinx/Vitis/2024.2/tps/tcl/tcl8.6/pkgs/win/thread2.8.7/pkgIndex.tcl 
Execute       source C:/Xilinx/Vitis/2024.2/tps/tcl/tcllib1.11.1/amazon-s3/pkgIndex.tcl 
Execute       source C:/Xilinx/Vitis/2024.2/tps/tcl/tcllib1.11.1/asn/pkgIndex.tcl 
Execute       source C:/Xilinx/Vitis/2024.2/tps/tcl/tcllib1.11.1/base32/pkgIndex.tcl 
Execute       source C:/Xilinx/Vitis/2024.2/tps/tcl/tcllib1.11.1/base64/pkgIndex.tcl 
Execute       source C:/Xilinx/Vitis/2024.2/tps/tcl/tcllib1.11.1/bee/pkgIndex.tcl 
Execute       source C:/Xilinx/Vitis/2024.2/tps/tcl/tcllib1.11.1/bench/pkgIndex.tcl 
Execute       source C:/Xilinx/Vitis/2024.2/tps/tcl/tcllib1.11.1/bibtex/pkgIndex.tcl 
Execute       source C:/Xilinx/Vitis/2024.2/tps/tcl/tcllib1.11.1/cache/pkgIndex.tcl 
Execute       source C:/Xilinx/Vitis/2024.2/tps/tcl/tcllib1.11.1/cmdline/pkgIndex.tcl 
Execute       source C:/Xilinx/Vitis/2024.2/tps/tcl/tcllib1.11.1/comm/pkgIndex.tcl 
Execute       source C:/Xilinx/Vitis/2024.2/tps/tcl/tcllib1.11.1/control/pkgIndex.tcl 
Execute       source C:/Xilinx/Vitis/2024.2/tps/tcl/tcllib1.11.1/counter/pkgIndex.tcl 
Execute       source C:/Xilinx/Vitis/2024.2/tps/tcl/tcllib1.11.1/crc/pkgIndex.tcl 
Execute       source C:/Xilinx/Vitis/2024.2/tps/tcl/tcllib1.11.1/csv/pkgIndex.tcl 
Execute       source C:/Xilinx/Vitis/2024.2/tps/tcl/tcllib1.11.1/dns/pkgIndex.tcl 
Execute       source C:/Xilinx/Vitis/2024.2/tps/tcl/tcllib1.11.1/docstrip/pkgIndex.tcl 
Execute       source C:/Xilinx/Vitis/2024.2/tps/tcl/tcllib1.11.1/doctools/pkgIndex.tcl 
Execute       source C:/Xilinx/Vitis/2024.2/tps/tcl/tcllib1.11.1/exif/pkgIndex.tcl 
Execute       source C:/Xilinx/Vitis/2024.2/tps/tcl/tcllib1.11.1/fileutil/pkgIndex.tcl 
Execute       source C:/Xilinx/Vitis/2024.2/tps/tcl/tcllib1.11.1/ftp/pkgIndex.tcl 
Execute       source C:/Xilinx/Vitis/2024.2/tps/tcl/tcllib1.11.1/ftpd/pkgIndex.tcl 
Execute       source C:/Xilinx/Vitis/2024.2/tps/tcl/tcllib1.11.1/fumagic/pkgIndex.tcl 
Execute       source C:/Xilinx/Vitis/2024.2/tps/tcl/tcllib1.11.1/grammar_fa/pkgIndex.tcl 
Execute       source C:/Xilinx/Vitis/2024.2/tps/tcl/tcllib1.11.1/grammar_me/pkgIndex.tcl 
Execute       source C:/Xilinx/Vitis/2024.2/tps/tcl/tcllib1.11.1/grammar_peg/pkgIndex.tcl 
Execute       source C:/Xilinx/Vitis/2024.2/tps/tcl/tcllib1.11.1/html/pkgIndex.tcl 
Execute       source C:/Xilinx/Vitis/2024.2/tps/tcl/tcllib1.11.1/htmlparse/pkgIndex.tcl 
Execute       source C:/Xilinx/Vitis/2024.2/tps/tcl/tcllib1.11.1/http/pkgIndex.tcl 
Execute       source C:/Xilinx/Vitis/2024.2/tps/tcl/tcllib1.11.1/ident/pkgIndex.tcl 
Execute       source C:/Xilinx/Vitis/2024.2/tps/tcl/tcllib1.11.1/inifile/pkgIndex.tcl 
Execute       source C:/Xilinx/Vitis/2024.2/tps/tcl/tcllib1.11.1/interp/pkgIndex.tcl 
Execute       source C:/Xilinx/Vitis/2024.2/tps/tcl/tcllib1.11.1/irc/pkgIndex.tcl 
Execute       source C:/Xilinx/Vitis/2024.2/tps/tcl/tcllib1.11.1/javascript/pkgIndex.tcl 
Execute       source C:/Xilinx/Vitis/2024.2/tps/tcl/tcllib1.11.1/jpeg/pkgIndex.tcl 
Execute       source C:/Xilinx/Vitis/2024.2/tps/tcl/tcllib1.11.1/json/pkgIndex.tcl 
Execute       source C:/Xilinx/Vitis/2024.2/tps/tcl/tcllib1.11.1/ldap/pkgIndex.tcl 
Execute       source C:/Xilinx/Vitis/2024.2/tps/tcl/tcllib1.11.1/log/pkgIndex.tcl 
Execute       source C:/Xilinx/Vitis/2024.2/tps/tcl/tcllib1.11.1/map/pkgIndex.tcl 
Execute       source C:/Xilinx/Vitis/2024.2/tps/tcl/tcllib1.11.1/mapproj/pkgIndex.tcl 
Execute       source C:/Xilinx/Vitis/2024.2/tps/tcl/tcllib1.11.1/math/pkgIndex.tcl 
Execute       source C:/Xilinx/Vitis/2024.2/tps/tcl/tcllib1.11.1/md4/pkgIndex.tcl 
Execute       source C:/Xilinx/Vitis/2024.2/tps/tcl/tcllib1.11.1/md5/pkgIndex.tcl 
Execute       source C:/Xilinx/Vitis/2024.2/tps/tcl/tcllib1.11.1/md5crypt/pkgIndex.tcl 
Execute       source C:/Xilinx/Vitis/2024.2/tps/tcl/tcllib1.11.1/mime/pkgIndex.tcl 
Execute       source C:/Xilinx/Vitis/2024.2/tps/tcl/tcllib1.11.1/multiplexer/pkgIndex.tcl 
Execute       source C:/Xilinx/Vitis/2024.2/tps/tcl/tcllib1.11.1/ncgi/pkgIndex.tcl 
Execute       source C:/Xilinx/Vitis/2024.2/tps/tcl/tcllib1.11.1/nmea/pkgIndex.tcl 
Execute       source C:/Xilinx/Vitis/2024.2/tps/tcl/tcllib1.11.1/nns/pkgIndex.tcl 
Execute       source C:/Xilinx/Vitis/2024.2/tps/tcl/tcllib1.11.1/nntp/pkgIndex.tcl 
Execute       source C:/Xilinx/Vitis/2024.2/tps/tcl/tcllib1.11.1/ntp/pkgIndex.tcl 
Execute       source C:/Xilinx/Vitis/2024.2/tps/tcl/tcllib1.11.1/otp/pkgIndex.tcl 
Execute       source C:/Xilinx/Vitis/2024.2/tps/tcl/tcllib1.11.1/page/pkgIndex.tcl 
Execute       source C:/Xilinx/Vitis/2024.2/tps/tcl/tcllib1.11.1/pluginmgr/pkgIndex.tcl 
Execute       source C:/Xilinx/Vitis/2024.2/tps/tcl/tcllib1.11.1/png/pkgIndex.tcl 
Execute       source C:/Xilinx/Vitis/2024.2/tps/tcl/tcllib1.11.1/pop3/pkgIndex.tcl 
Execute       source C:/Xilinx/Vitis/2024.2/tps/tcl/tcllib1.11.1/pop3d/pkgIndex.tcl 
Execute       source C:/Xilinx/Vitis/2024.2/tps/tcl/tcllib1.11.1/profiler/pkgIndex.tcl 
Execute       source C:/Xilinx/Vitis/2024.2/tps/tcl/tcllib1.11.1/rcs/pkgIndex.tcl 
Execute       source C:/Xilinx/Vitis/2024.2/tps/tcl/tcllib1.11.1/report/pkgIndex.tcl 
Execute       source C:/Xilinx/Vitis/2024.2/tps/tcl/tcllib1.11.1/ripemd/pkgIndex.tcl 
Execute       source C:/Xilinx/Vitis/2024.2/tps/tcl/tcllib1.11.1/sasl/pkgIndex.tcl 
Execute       source C:/Xilinx/Vitis/2024.2/tps/tcl/tcllib1.11.1/sha1/pkgIndex.tcl 
Execute       source C:/Xilinx/Vitis/2024.2/tps/tcl/tcllib1.11.1/simulation/pkgIndex.tcl 
Execute       source C:/Xilinx/Vitis/2024.2/tps/tcl/tcllib1.11.1/smtpd/pkgIndex.tcl 
Execute       source C:/Xilinx/Vitis/2024.2/tps/tcl/tcllib1.11.1/snit/pkgIndex.tcl 
Execute       source C:/Xilinx/Vitis/2024.2/tps/tcl/tcllib1.11.1/soundex/pkgIndex.tcl 
Execute       source C:/Xilinx/Vitis/2024.2/tps/tcl/tcllib1.11.1/stooop/pkgIndex.tcl 
Execute       source C:/Xilinx/Vitis/2024.2/tps/tcl/tcllib1.11.1/stringprep/pkgIndex.tcl 
Execute       source C:/Xilinx/Vitis/2024.2/tps/tcl/tcllib1.11.1/struct/pkgIndex.tcl 
Execute       source C:/Xilinx/Vitis/2024.2/tps/tcl/tcllib1.11.1/tar/pkgIndex.tcl 
Execute       source C:/Xilinx/Vitis/2024.2/tps/tcl/tcllib1.11.1/term/pkgIndex.tcl 
Execute       source C:/Xilinx/Vitis/2024.2/tps/tcl/tcllib1.11.1/textutil/pkgIndex.tcl 
Execute       source C:/Xilinx/Vitis/2024.2/tps/tcl/tcllib1.11.1/tie/pkgIndex.tcl 
Execute       source C:/Xilinx/Vitis/2024.2/tps/tcl/tcllib1.11.1/tiff/pkgIndex.tcl 
Execute       source C:/Xilinx/Vitis/2024.2/tps/tcl/tcllib1.11.1/transfer/pkgIndex.tcl 
Execute       source C:/Xilinx/Vitis/2024.2/tps/tcl/tcllib1.11.1/treeql/pkgIndex.tcl 
Execute       source C:/Xilinx/Vitis/2024.2/tps/tcl/tcllib1.11.1/try/pkgIndex.tcl 
Execute       source C:/Xilinx/Vitis/2024.2/tps/tcl/tcllib1.11.1/uev/pkgIndex.tcl 
Execute       source C:/Xilinx/Vitis/2024.2/tps/tcl/tcllib1.11.1/units/pkgIndex.tcl 
Execute       source C:/Xilinx/Vitis/2024.2/tps/tcl/tcllib1.11.1/uri/pkgIndex.tcl 
Execute       source C:/Xilinx/Vitis/2024.2/tps/tcl/tcllib1.11.1/uuid/pkgIndex.tcl 
Execute       source C:/Xilinx/Vitis/2024.2/tps/tcl/tcllib1.11.1/wip/pkgIndex.tcl 
Execute       source C:/Xilinx/Vitis/2024.2/tps/tcl/tcllib1.11.1/yaml/pkgIndex.tcl 
Execute       source C:/Xilinx/Vitis/2024.2/tps/tcl/tcllib1.11.1/pkgIndex.tcl 
Execute       source C:/Xilinx/Vitis/2024.2/tps/tcl/tk8.6/pkgIndex.tcl 
Execute       source C:/Xilinx/Vitis/2024.2/tps/tcl/tcl8.6/http1.0/pkgIndex.tcl 
Execute       source C:/Xilinx/Vitis/2024.2/tps/tcl/tcl8.6/opt0.4/pkgIndex.tcl 
Execute       source C:/Xilinx/Vitis/2024.2/tps/tcl/tcl8.6/pkgs/win/thread2.8.7/pkgIndex.tcl 
Command     ap_source done; 0.182 sec.
INFO-FLOW: Workspace C:/Users/office/Desktop/Sobel_Accelerator/hls_component/sobel/hls opened at Thu May 01 02:10:46 +0200 2025
Execute     send_msg_by_id INFO @200-1505@%s%s default  vivado 
INFO: [HLS 200-1505] Using default flow_target 'vivado'
Command   open_solution done; 0.222 sec.
Execute   apply_ini C:/Users/office/Desktop/Sobel_Accelerator/hls_component/hls_config.cfg 
Execute     send_msg_by_id INFO @200-1465@%s 'syn.file=C:/Users/office/Desktop/Sobel_Accelerator/Sobel.cpp' from C:/Users/office/Desktop/Sobel_Accelerator/hls_component/hls_config.cfg(8) 
INFO: [HLS 200-1465] Applying ini 'syn.file=C:/Users/office/Desktop/Sobel_Accelerator/Sobel.cpp' from C:/Users/office/Desktop/Sobel_Accelerator/hls_component/hls_config.cfg(8)
Execute     add_files C:/Users/office/Desktop/Sobel_Accelerator/Sobel.cpp 
INFO: [HLS 200-10] Adding design file 'C:/Users/office/Desktop/Sobel_Accelerator/Sobel.cpp' to the project
Execute     send_msg_by_id INFO @200-1465@%s 'syn.top=sobel' from C:/Users/office/Desktop/Sobel_Accelerator/hls_component/hls_config.cfg(7) 
INFO: [HLS 200-1465] Applying ini 'syn.top=sobel' from C:/Users/office/Desktop/Sobel_Accelerator/hls_component/hls_config.cfg(7)
Execute     set_top sobel 
Execute     send_msg_by_id INFO @200-1465@%s 'flow_target=vivado' from C:/Users/office/Desktop/Sobel_Accelerator/hls_component/hls_config.cfg(4) 
INFO: [HLS 200-1465] Applying ini 'flow_target=vivado' from C:/Users/office/Desktop/Sobel_Accelerator/hls_component/hls_config.cfg(4)
Execute     send_msg_by_id INFO @200-1505@%s%s  vivado 
INFO: [HLS 200-1505] Using flow_target 'vivado'
Execute     send_msg_by_id INFO @200-1465@%s 'part=xc7z020clg400-1' from C:/Users/office/Desktop/Sobel_Accelerator/hls_component/hls_config.cfg(1) 
INFO: [HLS 200-1465] Applying ini 'part=xc7z020clg400-1' from C:/Users/office/Desktop/Sobel_Accelerator/hls_component/hls_config.cfg(1)
Execute     set_part xc7z020clg400-1 
Execute       create_platform xc7z020clg400-1 -board  
DBG:HLSDevice: Trying to load device library: C:/Xilinx/Vitis/2024.2\lib\win64.o\xv_hlsvwrap.dll
DBG:HLSDevice: first parts/arch.xml in RDI_DATADIR: C:/Xilinx/Vivado/2024.2/data/parts/arch.xml
DBG:HLSDevice: init success
INFO: [HLS 200-1611] Setting target device to 'xc7z020-clg400-1'
Command       create_platform done; 1.921 sec.
Execute       source C:/Xilinx/Vitis/2024.2/common/technology/xilinx/common/xilinx.gen 
Execute         source C:/Xilinx/Vitis/2024.2/common/technology/xilinx/interface/plb46.gen 
Execute         source C:/Xilinx/Vitis/2024.2/common/technology/xilinx/interface/axi4.gen 
Execute         source C:/Xilinx/Vitis/2024.2/common/technology/xilinx/interface/nativeAXI4.gen 
Execute           source C:/Xilinx/Vitis/2024.2/common/technology/xilinx/interface/saxilite.gen 
Execute         source C:/Xilinx/Vitis/2024.2/common/technology/xilinx/scripts/xilinxcoregen.gen 
Execute         source C:/Xilinx/Vitis/2024.2/common/technology/xilinx/interface/XilEDKCoreGen.gen 
Execute         source C:/Xilinx/Vitis/2024.2/common/technology/xilinx/ip/dds_compiler.gen 
Execute         source C:/Xilinx/Vitis/2024.2/common/technology/xilinx/ip/util.gen 
Execute         source C:/Xilinx/Vitis/2024.2/common/technology/xilinx/ip/xfft.gen 
Command         ap_source done; 0.105 sec.
Execute         source C:/Xilinx/Vitis/2024.2/common/technology/xilinx/ip/xfir.gen 
Execute         source C:/Xilinx/Vitis/2024.2/common/technology/xilinx/DSP48/dsp48.gen 
Command       ap_source done; 0.145 sec.
Execute       ap_part_info -name xc7z020-clg400-1 -data info 
Execute       config_compile -quiet -complex-mul-dsp=0 
Command     set_part done; 2.124 sec.
Execute     send_msg_by_id INFO @200-1465@%s 'clock=10ns' from C:/Users/office/Desktop/Sobel_Accelerator/hls_component/hls_config.cfg(9) 
INFO: [HLS 200-1465] Applying ini 'clock=10ns' from C:/Users/office/Desktop/Sobel_Accelerator/hls_component/hls_config.cfg(9)
Execute     create_clock -period 10ns 
Execute       ap_set_clock -name default -period 10 -unit ns -default=false 
INFO: [SYN 201-201] Setting up clock 'default' with a period of 10ns.
Execute     send_msg_by_id INFO @200-1465@%s 'clock_uncertainty=1.25ns' from C:/Users/office/Desktop/Sobel_Accelerator/hls_component/hls_config.cfg(10) 
INFO: [HLS 200-1465] Applying ini 'clock_uncertainty=1.25ns' from C:/Users/office/Desktop/Sobel_Accelerator/hls_component/hls_config.cfg(10)
Execute     set_clock_uncertainty 1.25ns 
Execute       ap_set_clock -name default -uncertainty 1.25 -unit ns 
INFO: [SYN 201-201] Setting up clock 'default' with an uncertainty of 1.25ns.
Execute     send_msg_by_id INFO @200-1465@%s 'package.output.format=xo' from C:/Users/office/Desktop/Sobel_Accelerator/hls_component/hls_config.cfg(5) 
INFO: [HLS 200-1465] Applying ini 'package.output.format=xo' from C:/Users/office/Desktop/Sobel_Accelerator/hls_component/hls_config.cfg(5)
Execute     config_export -format=xo 
Command   apply_ini done; 2.159 sec.
Execute   apply_ini C:/Users/office/Desktop/Sobel_Accelerator/hls_component/sobel/hls/config.cmdline 
Execute   ::AP::init_summary_file csynth 
Execute     AP::app_get_file_relativeroot [AP::app_get_root] {}
Execute   csynth_design 
INFO-FLOW: Running SLX 'csynth' proc: ::SLX::run_csynth
Execute     elaborate -effort=medium -skip_syncheck=0 -keep_printf=0 -skip_cdt=0 -skip_transform=0 -ng=0 -g=0 -opt_fp=0 -from_csynth_design=1 
INFO: [HLS 200-111] Finished File checks and directory preparation: CPU user time: 3 seconds. CPU system time: 1 seconds. Elapsed time: 3.924 seconds; current allocated memory: 162.398 MB.
Execute       set_directive_top sobel -name=sobel 
Execute       source C:/Xilinx/Vitis/2024.2/tps/tcl/tcllib1.11.1/yaml/huddle.tcl 
Execute       source C:/Xilinx/Vitis/2024.2/tps/tcl/tcllib1.11.1/yaml/json2huddle.tcl 
INFO: [HLS 200-10] Analyzing design file '../Sobel.cpp' ... 
INFO-FLOW: Compiling one TU...
INFO-FLOW: Handling ../Sobel.cpp as C++
Execute       ap_part_info -name xc7z020-clg400-1 -data info 
INFO-FLOW: Running: GCC PP 39
INFO-FLOW: Source preprocessing
INFO-FLOW: run_clang exec: C:/Xilinx/Vitis/2024.2/win64/tools/clang-3.9-csynth/bin/clang ../Sobel.cpp -foptimization-record-file=C:/Users/office/Desktop/Sobel_Accelerator/hls_component/sobel/hls/.autopilot/db/Sobel.cpp.clang.diag.yml -mllvm -pass-remarks-missed=reflow|pasta|unroll|inline -mllvm -pass-remarks=reflow|pasta|unroll|inline -fno-limit-debug-info --sysroot C:/Xilinx/Vitis/2024.2/tps/mingw/8.3.0/win64.o/nt -fhls -fno-exceptions -insert-hls-directive=C:/Users/office/Desktop/Sobel_Accelerator/hls_component/sobel/hls/.autopilot/db/all.directive.json -E -fno-math-errno -c -emit-llvm -mllvm -disable-llvm-optzns -Werror=implicit-function-declaration -Werror=implicit-hls-streams -Werror=return-type -Wpragmas -Wunused-parameter -Wdump-hls-pragmas -Wno-error=dump-hls-pragmas -hls-clock-period=10 -fno-threadsafe-statics -fno-use-cxa-atexit -std=gnu++14 -target fpga64-xilinx-mingw32 -fno-threadsafe-statics -fno-use-cxa-atexit -D__VITIS_HLS__ -DAESL_SYN -D__SYNTHESIS__ -D__HLS_SYN__ -I C:/Xilinx/Vitis/2024.2/common/technology/autopilot -I C:/Xilinx/Vitis/2024.2/common/technology/autopilot/ap_sysc -include etc/autopilot_ssdm_op.h -D__DSP48E1__ -I /usr/include/x86_64-linux-gnu -o C:/Users/office/Desktop/Sobel_Accelerator/hls_component/sobel/hls/.autopilot/db/Sobel.pp.0.cpp {-hls-platform-db-name=C:/Xilinx/Vitis/2024.2\common/technology\xilinx/common/platform.db} -hls-platform-name=zynq_slow -device-resource-info=BRAM_280.000000_DSP_220.000000_FF_106400.000000_LUT_53200.000000_SLICE_13300.000000_URAM_0.000000 -device-name-info=xc7z020clg400-1 > C:/Users/office/Desktop/Sobel_Accelerator/hls_component/sobel/hls/.autopilot/db/Sobel.cpp.clang.out.log 2> C:/Users/office/Desktop/Sobel_Accelerator/hls_component/sobel/hls/.autopilot/db/Sobel.cpp.clang.err.log
INFO-FLOW: Done: GCC PP 39 time: 0.4 seconds per iteration
INFO-FLOW: Source syntax check for synthesis
INFO-FLOW: run_clang exec: C:/Xilinx/Vitis/2024.2/win64/tools/clang-3.9-csynth/bin/clang -foptimization-record-file=C:/Users/office/Desktop/Sobel_Accelerator/hls_component/sobel/hls/.autopilot/db/clang.diag.yml -mllvm -pass-remarks-missed=reflow|pasta|unroll|inline -mllvm -pass-remarks=reflow|pasta|unroll|inline -fsyntax-only -fhls -target fpga64-xilinx-linux-gnu C:/Users/office/Desktop/Sobel_Accelerator/hls_component/sobel/hls/.autopilot/db/Sobel.pp.0.cpp {-hls-platform-db-name=C:/Xilinx/Vitis/2024.2\common/technology\xilinx/common/platform.db} -hls-platform-name=zynq_slow -device-resource-info=BRAM_280.000000_DSP_220.000000_FF_106400.000000_LUT_53200.000000_SLICE_13300.000000_URAM_0.000000 -device-name-info=xc7z020clg400-1 > C:/Users/office/Desktop/Sobel_Accelerator/hls_component/sobel/hls/.autopilot/db/clang.out.log 2> C:/Users/office/Desktop/Sobel_Accelerator/hls_component/sobel/hls/.autopilot/db/clang.err.log
Execute       clang_tidy xilinx-systemc-detector -desc systemc-detector C:/Users/office/Desktop/Sobel_Accelerator/hls_component/sobel/hls/.autopilot/db/Sobel.pp.0.cpp std=gnu++14 -target fpga  -directive=C:/Users/office/Desktop/Sobel_Accelerator/hls_component/sobel/hls/.autopilot/db/.systemc_flag 
INFO-FLOW: exec C:/Xilinx/Vitis/2024.2/win64/tools/clang-3.9-csynth/bin/clang-tidy -header-filter=.* --checks=-*,xilinx-systemc-detector -import-directive=C:/Users/office/Desktop/Sobel_Accelerator/hls_component/sobel/hls/.autopilot/db/.systemc_flag -fix-errors C:/Users/office/Desktop/Sobel_Accelerator/hls_component/sobel/hls/.autopilot/db/Sobel.pp.0.cpp -- -std=gnu++14 -target fpga -fhls -ferror-limit=0
Command       clang_tidy done; 1.188 sec.
INFO-FLOW: Running: clang-tidy CDT preprocess 39
Execute       clang_tidy xilinx-directive2pragma -desc directive2pragma C:/Users/office/Desktop/Sobel_Accelerator/hls_component/sobel/hls/.autopilot/db/Sobel.pp.0.cpp std=gnu++14 -target fpga  -directive=C:/Users/office/Desktop/Sobel_Accelerator/hls_component/sobel/hls/.autopilot/db/all.directive.json 
INFO-FLOW: exec C:/Xilinx/Vitis/2024.2/win64/tools/clang-3.9-csynth/bin/clang-tidy -header-filter=.* --checks=-*,xilinx-directive2pragma -import-directive=C:/Users/office/Desktop/Sobel_Accelerator/hls_component/sobel/hls/.autopilot/db/all.directive.json -fix-errors C:/Users/office/Desktop/Sobel_Accelerator/hls_component/sobel/hls/.autopilot/db/Sobel.pp.0.cpp -- -std=gnu++14 -target fpga -fhls -ferror-limit=0
Command       clang_tidy done; 1.051 sec.
INFO-FLOW: Done: clang-tidy CDT preprocess 39 time: 1.1 seconds per iteration
INFO-FLOW: Calling xilinx-label-all-loops ... 
INFO-FLOW: Calling xilinx-aggregate-on-hls-vector ... 
Execute       clang_tidy -errorcheck -desc loop-label xilinx-label-all-loops,xilinx-aggregate-on-hls-vector,,xilinx-warn-mayneed-no-ctor-attribute C:/Users/office/Desktop/Sobel_Accelerator/hls_component/sobel/hls/.autopilot/db/Sobel.pp.0.cpp std=gnu++14 -target fpga  
INFO-FLOW: run_clang exec: C:/Xilinx/Vitis/2024.2/win64/tools/clang-3.9-csynth/bin/clang-tidy -export-fixes=C:/Users/office/Desktop/Sobel_Accelerator/hls_component/sobel/hls/.autopilot/db/Sobel.pp.0.cpp.clang-tidy.loop-label.diag.yml -header-filter=.* --checks=-*,xilinx-label-all-loops,xilinx-aggregate-on-hls-vector,,xilinx-warn-mayneed-no-ctor-attribute -fix-errors C:/Users/office/Desktop/Sobel_Accelerator/hls_component/sobel/hls/.autopilot/db/Sobel.pp.0.cpp -- -std=gnu++14 -target fpga -fhls -ferror-limit=0 > C:/Users/office/Desktop/Sobel_Accelerator/hls_component/sobel/hls/.autopilot/db/Sobel.pp.0.cpp.clang-tidy.loop-label.out.log 2> C:/Users/office/Desktop/Sobel_Accelerator/hls_component/sobel/hls/.autopilot/db/Sobel.pp.0.cpp.clang-tidy.loop-label.err.log
Execute         source C:/Xilinx/Vitis/2024.2/tps/tcl/tcllib1.11.1/yaml/yaml.tcl 
Command       clang_tidy done; 1.439 sec.
INFO-FLOW: run_clang exec: C:/Xilinx/Vitis/2024.2/win64/tools/clang-3.9-csynth/bin/xilinx-dataflow-lawyer -export-fixes=C:/Users/office/Desktop/Sobel_Accelerator/hls_component/sobel/hls/.autopilot/db/Sobel.pp.0.cpp.xilinx-dataflow-lawyer.diag.yml C:/Users/office/Desktop/Sobel_Accelerator/hls_component/sobel/hls/.autopilot/db/Sobel.pp.0.cpp -- -std=gnu++14 -target fpga -fhls -ferror-limit=0 -fstrict-dataflow > C:/Users/office/Desktop/Sobel_Accelerator/hls_component/sobel/hls/.autopilot/db/Sobel.pp.0.cpp.xilinx-dataflow-lawyer.out.log 2> C:/Users/office/Desktop/Sobel_Accelerator/hls_component/sobel/hls/.autopilot/db/Sobel.pp.0.cpp.xilinx-dataflow-lawyer.err.log
Execute       ap_part_info -name xc7z020-clg400-1 -data info 
INFO-FLOW: compiling source code to llvm bc
INFO-FLOW: run_clang exec: C:/Xilinx/Vitis/2024.2/win64/tools/clang-3.9-csynth/bin/clang -foptimization-record-file=C:/Users/office/Desktop/Sobel_Accelerator/hls_component/sobel/hls/.autopilot/db/Sobel.pp.0.cpp.clang.diag.yml -mllvm -pass-remarks-missed=reflow|pasta|unroll|inline -mllvm -pass-remarks=reflow|pasta|unroll|inline -fno-limit-debug-info -fhls -flto -fno-exceptions -Wno-error=c++11-narrowing -hls-emit-hint-scope C:/Users/office/Desktop/Sobel_Accelerator/hls_component/sobel/hls/.autopilot/db/Sobel.pp.0.cpp -fno-math-errno -c -emit-llvm -mllvm -disable-llvm-optzns -Werror=implicit-function-declaration -Werror=implicit-hls-streams -Werror=return-type -Wpragmas -Wunused-parameter -Wdump-hls-pragmas -Wno-error=dump-hls-pragmas -hls-clock-period=10 -fno-threadsafe-statics -fno-use-cxa-atexit -std=gnu++14 -target fpga64-xilinx-linux-gnu -D__VITIS_HLS__ -DAESL_SYN -D__SYNTHESIS__ -D__HLS_SYN__ -I C:/Xilinx/Vitis/2024.2/common/technology/autopilot -I C:/Xilinx/Vitis/2024.2/common/technology/autopilot/ap_sysc -include etc/autopilot_ssdm_op.h -D__DSP48E1__ -g -o C:/Users/office/Desktop/Sobel_Accelerator/hls_component/sobel/hls/.autopilot/db/Sobel.bc {-hls-platform-db-name=C:/Xilinx/Vitis/2024.2\common/technology\xilinx/common/platform.db} -hls-platform-name=zynq_slow -device-resource-info=BRAM_280.000000_DSP_220.000000_FF_106400.000000_LUT_53200.000000_SLICE_13300.000000_URAM_0.000000 -device-name-info=xc7z020clg400-1 > C:/Users/office/Desktop/Sobel_Accelerator/hls_component/sobel/hls/.autopilot/db/Sobel.pp.0.cpp.clang.out.log 2> C:/Users/office/Desktop/Sobel_Accelerator/hls_component/sobel/hls/.autopilot/db/Sobel.pp.0.cpp.clang.err.log
INFO: [HLS 200-111] Finished Source Code Analysis and Preprocessing: CPU user time: 0 seconds. CPU system time: 0 seconds. Elapsed time: 7.398 seconds; current allocated memory: 165.547 MB.
INFO-FLOW: Linking Debug ...
INFO-FLOW: Linking dut bc code.
Execute       run_link_or_opt -out C:/Users/office/Desktop/Sobel_Accelerator/hls_component/sobel/hls/.autopilot/db/a.g.ld.0.bc -args  "C:/Users/office/Desktop/Sobel_Accelerator/hls_component/sobel/hls/.autopilot/db/Sobel.g.bc"  
INFO-FLOW: run_clang exec: C:/Xilinx/Vitis/2024.2/win64/tools/clang-3.9-csynth/bin/llvm-link C:/Users/office/Desktop/Sobel_Accelerator/hls_component/sobel/hls/.autopilot/db/Sobel.g.bc -o C:/Users/office/Desktop/Sobel_Accelerator/hls_component/sobel/hls/.autopilot/db/a.g.ld.0.bc > C:/Users/office/Desktop/Sobel_Accelerator/hls_component/sobel/hls/.autopilot/db/a.g.ld.0.bc.llvm-link.out.log 2> C:/Users/office/Desktop/Sobel_Accelerator/hls_component/sobel/hls/.autopilot/db/a.g.ld.0.bc.llvm-link.err.log
Command       run_link_or_opt done; 0.486 sec.
Execute       run_link_or_opt -opt -out C:/Users/office/Desktop/Sobel_Accelerator/hls_component/sobel/hls/.autopilot/db/a.g.ld.1.lower.bc -args C:/Users/office/Desktop/Sobel_Accelerator/hls_component/sobel/hls/.autopilot/db/a.g.ld.0.bc -reflow-lower-math-intrinsics 
INFO-FLOW: run_clang exec: C:/Xilinx/Vitis/2024.2/win64/tools/clang-3.9-csynth/bin/opt -pass-remarks-missed=reflow|pasta|unroll|inline -pass-remarks=reflow|pasta|unroll|inline -pass-remarks-output=C:/Users/office/Desktop/Sobel_Accelerator/hls_component/sobel/hls/.autopilot/db/a.g.ld.1.lower.bc.opt.diag.yml C:/Users/office/Desktop/Sobel_Accelerator/hls_component/sobel/hls/.autopilot/db/a.g.ld.0.bc -reflow-lower-math-intrinsics -o C:/Users/office/Desktop/Sobel_Accelerator/hls_component/sobel/hls/.autopilot/db/a.g.ld.1.lower.bc > C:/Users/office/Desktop/Sobel_Accelerator/hls_component/sobel/hls/.autopilot/db/a.g.ld.1.lower.bc.opt.out.log 2> C:/Users/office/Desktop/Sobel_Accelerator/hls_component/sobel/hls/.autopilot/db/a.g.ld.1.lower.bc.opt.err.log
INFO-FLOW: Running: gen_design_size_report post-opt
INFO-FLOW: Done: gen_design_size_report post-opt time: 0 seconds per iteration
Command       run_link_or_opt done; 0.367 sec.
INFO-FLOW: Linking math bc lib
Execute       run_link_or_opt -out C:/Users/office/Desktop/Sobel_Accelerator/hls_component/sobel/hls/.autopilot/db/a.g.ld.2.m1.bc -args C:/Users/office/Desktop/Sobel_Accelerator/hls_component/sobel/hls/.autopilot/db/a.g.ld.1.lower.bc -only-needed C:/Xilinx/Vitis/2024.2/win64/lib/libhlsm_39.bc C:/Xilinx/Vitis/2024.2/win64/lib/libhlsmc++_39.bc 
INFO-FLOW: run_clang exec: C:/Xilinx/Vitis/2024.2/win64/tools/clang-3.9-csynth/bin/llvm-link C:/Users/office/Desktop/Sobel_Accelerator/hls_component/sobel/hls/.autopilot/db/a.g.ld.1.lower.bc -only-needed C:/Xilinx/Vitis/2024.2/win64/lib/libhlsm_39.bc C:/Xilinx/Vitis/2024.2/win64/lib/libhlsmc++_39.bc -o C:/Users/office/Desktop/Sobel_Accelerator/hls_component/sobel/hls/.autopilot/db/a.g.ld.2.m1.bc > C:/Users/office/Desktop/Sobel_Accelerator/hls_component/sobel/hls/.autopilot/db/a.g.ld.2.m1.bc.llvm-link.out.log 2> C:/Users/office/Desktop/Sobel_Accelerator/hls_component/sobel/hls/.autopilot/db/a.g.ld.2.m1.bc.llvm-link.err.log
Command       run_link_or_opt done; 2.677 sec.
Execute       run_link_or_opt -opt -out C:/Users/office/Desktop/Sobel_Accelerator/hls_component/sobel/hls/.autopilot/db/a.g.ld.3.fpc.bc -args C:/Users/office/Desktop/Sobel_Accelerator/hls_component/sobel/hls/.autopilot/db/a.g.ld.2.m1.bc -reflow-globaldce -hls-top-function-name=sobel -reflow-float-conversion 
INFO-FLOW: run_clang exec: C:/Xilinx/Vitis/2024.2/win64/tools/clang-3.9-csynth/bin/opt -pass-remarks-missed=reflow|pasta|unroll|inline -pass-remarks=reflow|pasta|unroll|inline -pass-remarks-output=C:/Users/office/Desktop/Sobel_Accelerator/hls_component/sobel/hls/.autopilot/db/a.g.ld.3.fpc.bc.opt.diag.yml C:/Users/office/Desktop/Sobel_Accelerator/hls_component/sobel/hls/.autopilot/db/a.g.ld.2.m1.bc -reflow-globaldce -hls-top-function-name=sobel -reflow-float-conversion -o C:/Users/office/Desktop/Sobel_Accelerator/hls_component/sobel/hls/.autopilot/db/a.g.ld.3.fpc.bc > C:/Users/office/Desktop/Sobel_Accelerator/hls_component/sobel/hls/.autopilot/db/a.g.ld.3.fpc.bc.opt.out.log 2> C:/Users/office/Desktop/Sobel_Accelerator/hls_component/sobel/hls/.autopilot/db/a.g.ld.3.fpc.bc.opt.err.log
INFO-FLOW: Running: gen_design_size_report post-opt
INFO-FLOW: Done: gen_design_size_report post-opt time: 0 seconds per iteration
Command       run_link_or_opt done; 1.327 sec.
Execute       run_link_or_opt -out C:/Users/office/Desktop/Sobel_Accelerator/hls_component/sobel/hls/.autopilot/db/a.g.ld.4.m2.bc -args C:/Users/office/Desktop/Sobel_Accelerator/hls_component/sobel/hls/.autopilot/db/a.g.ld.3.fpc.bc -only-needed C:/Xilinx/Vitis/2024.2/win64/lib/libfloatconversion_39.bc 
INFO-FLOW: run_clang exec: C:/Xilinx/Vitis/2024.2/win64/tools/clang-3.9-csynth/bin/llvm-link C:/Users/office/Desktop/Sobel_Accelerator/hls_component/sobel/hls/.autopilot/db/a.g.ld.3.fpc.bc -only-needed C:/Xilinx/Vitis/2024.2/win64/lib/libfloatconversion_39.bc -o C:/Users/office/Desktop/Sobel_Accelerator/hls_component/sobel/hls/.autopilot/db/a.g.ld.4.m2.bc > C:/Users/office/Desktop/Sobel_Accelerator/hls_component/sobel/hls/.autopilot/db/a.g.ld.4.m2.bc.llvm-link.out.log 2> C:/Users/office/Desktop/Sobel_Accelerator/hls_component/sobel/hls/.autopilot/db/a.g.ld.4.m2.bc.llvm-link.err.log
Execute       run_link_or_opt -opt -out C:/Users/office/Desktop/Sobel_Accelerator/hls_component/sobel/hls/.autopilot/db/a.g.ld.5.gdce.bc -args C:/Users/office/Desktop/Sobel_Accelerator/hls_component/sobel/hls/.autopilot/db/a.g.ld.4.m2.bc -reflow-globaldce -hls-top-function-name=sobel 
INFO-FLOW: run_clang exec: C:/Xilinx/Vitis/2024.2/win64/tools/clang-3.9-csynth/bin/opt -pass-remarks-missed=reflow|pasta|unroll|inline -pass-remarks=reflow|pasta|unroll|inline -pass-remarks-output=C:/Users/office/Desktop/Sobel_Accelerator/hls_component/sobel/hls/.autopilot/db/a.g.ld.5.gdce.bc.opt.diag.yml C:/Users/office/Desktop/Sobel_Accelerator/hls_component/sobel/hls/.autopilot/db/a.g.ld.4.m2.bc -reflow-globaldce -hls-top-function-name=sobel -o C:/Users/office/Desktop/Sobel_Accelerator/hls_component/sobel/hls/.autopilot/db/a.g.ld.5.gdce.bc > C:/Users/office/Desktop/Sobel_Accelerator/hls_component/sobel/hls/.autopilot/db/a.g.ld.5.gdce.bc.opt.out.log 2> C:/Users/office/Desktop/Sobel_Accelerator/hls_component/sobel/hls/.autopilot/db/a.g.ld.5.gdce.bc.opt.err.log
INFO-FLOW: Running: gen_design_size_report post-opt
INFO-FLOW: Done: gen_design_size_report post-opt time: 0 seconds per iteration
Execute       send_msg_by_id INFO @200-777@%s Vivado 
INFO: [HLS 200-777] Using interface defaults for 'Vivado' flow target.
Execute       is_m_axi_addr64 
INFO-FLOW: Doing LTO.
INFO-FLOW: run_clang (background poll_ms 5000) exec: C:/Xilinx/Vitis/2024.2/win64/tools/clang-3.9-csynth/bin/clang -foptimization-record-file=C:/Users/office/Desktop/Sobel_Accelerator/hls_component/sobel/hls/.autopilot/db/a.g.ld.0.bc.clang.reflow.diag.yml -mllvm -pass-remarks-missed=reflow|pasta|unroll|inline -mllvm -pass-remarks=reflow|pasta|unroll|inline -fhls -mllvm -hls-top-function-name=sobel -mllvm -hls-db-dir -mllvm C:/Users/office/Desktop/Sobel_Accelerator/hls_component/sobel/hls/.autopilot/db -emit-llvm -c -target fpga64-xilinx-none -mllvm -xcl-xmlinfo=C:/Users/office/Desktop/Sobel_Accelerator/hls_component/sobel/hls/.autopilot/db/../../kernel.xml -mllvm -top-io-mapping-info=C:/Users/office/Desktop/Sobel_Accelerator/hls_component/sobel/hls/.autopilot/db/top-io-fe.xml -mllvm -hls-bitcode-version=3.1 -mllvm -reflow-enable-slave-interface-default-setting=true -mllvm -gen-kernel-xml=true -mllvm -default-maxi-offset=slave -mllvm -maxi-latency=0 -mllvm -hls-maxi-data-size-in-bits=8 -mllvm -hls-maxi-max-data-size-in-bits=1024 -mllvm -hls-max-widen-size-in-bits=0 -mllvm -xcl-kernel-max-mem-ports=0 -mllvm -maxi-read-trans=16 -mllvm -maxi-write-trans=16 -mllvm -maxi-read-burst-len=16 -mllvm -maxi-write-burst-len=16 -mllvm -reflow-enable-saxi-64bits=0 -mllvm -reflow-basic-block-instr-threshold=200000 -mllvm -reflow-auto-pipeline-threshold=64 -mllvm -reflow-enable-maxi-auto-id-channel=0 -mllvm -reflow-bdd-simplify-threshold=1048576 -mllvm -reflow-fanout-threshold=16 -mllvm -reflow-complete-threshold=4 -mllvm -reflow-array-promotion-threshold=64 -mllvm -assume-maxi-align=1 -mllvm -reflow-enable-dataflow-strict-mode-checking=1 -ftime-report -mllvm -time-passes -mllvm -reflow-auto-array-partition-mode=default -mllvm -reflow-enable-auto-small-array-partition=true -mllvm -reflow-enable-auto-array-promotion=true -mllvm -reflow-enable-auto-array-partition-for-flatten=true -mllvm -reflow-enable-auto-parallel-performance-driven=true -mllvm -reflow-enable-partition-for-automation=true -mllvm -reflow-aggregate-bitwidth-threshold=4096 -mllvm -reflow-reserved-saxilite-registers=0 -mllvm -enable-reflow-auto-loop-pipeline -mllvm -reflow-max-unroll-threshold=409600 -mllvm -auto-unroll-tripcount-threshold=0 -mllvm -reflow-assume-no-address-wrap=true -mllvm -reflow-enable-occurrence-inference=true -mllvm -reflow-emit-hint-scope=true -mllvm -reflow-enable-codegen-with-if=true -mllvm -reflow-enable-dataflow-canon=true -mllvm -reflow-enable-dataflow-canon2=true -mllvm -hls -mllvm -disable-inlined-alloca-merging=true -mllvm -default-clock-period=10 -mllvm -use_read_first_ram_in_loop=1 -mllvm -default-clock-uncertainty=1.25 -x ir C:/Users/office/Desktop/Sobel_Accelerator/hls_component/sobel/hls/.autopilot/db/a.g.ld.5.gdce.bc -o C:/Users/office/Desktop/Sobel_Accelerator/hls_component/sobel/hls/.autopilot/db/a.g.lto.bc {-hls-platform-db-name=C:/Xilinx/Vitis/2024.2\common/technology\xilinx/common/platform.db} -hls-platform-name=zynq_slow -device-resource-info=BRAM_280.000000_DSP_220.000000_FF_106400.000000_LUT_53200.000000_SLICE_13300.000000_URAM_0.000000 -device-name-info=xc7z020clg400-1 2> C:/Users/office/Desktop/Sobel_Accelerator/hls_component/sobel/hls/.autopilot/db/a.g.ld.0.bc.clang.reflow.err.log bg_poll_cmd: ::AP::poll_clang_39_closed_source
Execute       send_msg_by_id INFO @200-1995@%s%s%s 460 Compile/Link C:/Users/office/Desktop/Sobel_Accelerator/hls_component/sobel/hls/syn/report/csynth_design_size.rpt 
INFO: [HLS 200-1995] There were 460 instructions in the design after the 'Compile/Link' phase of compilation. See the Design Size Report for more details: C:/Users/office/Desktop/Sobel_Accelerator/hls_component/sobel/hls/syn/report/csynth_design_size.rpt
Execute       send_msg_by_id INFO @200-1995@%s%s%s 237 Unroll/Inline (step 1) C:/Users/office/Desktop/Sobel_Accelerator/hls_component/sobel/hls/syn/report/csynth_design_size.rpt 
INFO: [HLS 200-1995] There were 237 instructions in the design after the 'Unroll/Inline (step 1)' phase of compilation. See the Design Size Report for more details: C:/Users/office/Desktop/Sobel_Accelerator/hls_component/sobel/hls/syn/report/csynth_design_size.rpt
Execute       send_msg_by_id INFO @200-1995@%s%s%s 183 Unroll/Inline (step 2) C:/Users/office/Desktop/Sobel_Accelerator/hls_component/sobel/hls/syn/report/csynth_design_size.rpt 
INFO: [HLS 200-1995] There were 183 instructions in the design after the 'Unroll/Inline (step 2)' phase of compilation. See the Design Size Report for more details: C:/Users/office/Desktop/Sobel_Accelerator/hls_component/sobel/hls/syn/report/csynth_design_size.rpt
Execute       send_msg_by_id INFO @200-1995@%s%s%s 175 Unroll/Inline (step 3) C:/Users/office/Desktop/Sobel_Accelerator/hls_component/sobel/hls/syn/report/csynth_design_size.rpt 
INFO: [HLS 200-1995] There were 175 instructions in the design after the 'Unroll/Inline (step 3)' phase of compilation. See the Design Size Report for more details: C:/Users/office/Desktop/Sobel_Accelerator/hls_component/sobel/hls/syn/report/csynth_design_size.rpt
Execute       send_msg_by_id INFO @200-1995@%s%s%s 175 Unroll/Inline (step 4) C:/Users/office/Desktop/Sobel_Accelerator/hls_component/sobel/hls/syn/report/csynth_design_size.rpt 
INFO: [HLS 200-1995] There were 175 instructions in the design after the 'Unroll/Inline (step 4)' phase of compilation. See the Design Size Report for more details: C:/Users/office/Desktop/Sobel_Accelerator/hls_component/sobel/hls/syn/report/csynth_design_size.rpt
Execute       send_msg_by_id INFO @200-1995@%s%s%s 203 Array/Struct (step 1) C:/Users/office/Desktop/Sobel_Accelerator/hls_component/sobel/hls/syn/report/csynth_design_size.rpt 
INFO: [HLS 200-1995] There were 203 instructions in the design after the 'Array/Struct (step 1)' phase of compilation. See the Design Size Report for more details: C:/Users/office/Desktop/Sobel_Accelerator/hls_component/sobel/hls/syn/report/csynth_design_size.rpt
Execute       send_msg_by_id INFO @200-1995@%s%s%s 181 Array/Struct (step 2) C:/Users/office/Desktop/Sobel_Accelerator/hls_component/sobel/hls/syn/report/csynth_design_size.rpt 
INFO: [HLS 200-1995] There were 181 instructions in the design after the 'Array/Struct (step 2)' phase of compilation. See the Design Size Report for more details: C:/Users/office/Desktop/Sobel_Accelerator/hls_component/sobel/hls/syn/report/csynth_design_size.rpt
Execute       send_msg_by_id INFO @200-1995@%s%s%s 181 Array/Struct (step 3) C:/Users/office/Desktop/Sobel_Accelerator/hls_component/sobel/hls/syn/report/csynth_design_size.rpt 
INFO: [HLS 200-1995] There were 181 instructions in the design after the 'Array/Struct (step 3)' phase of compilation. See the Design Size Report for more details: C:/Users/office/Desktop/Sobel_Accelerator/hls_component/sobel/hls/syn/report/csynth_design_size.rpt
Execute       send_msg_by_id INFO @200-1995@%s%s%s 181 Array/Struct (step 4) C:/Users/office/Desktop/Sobel_Accelerator/hls_component/sobel/hls/syn/report/csynth_design_size.rpt 
INFO: [HLS 200-1995] There were 181 instructions in the design after the 'Array/Struct (step 4)' phase of compilation. See the Design Size Report for more details: C:/Users/office/Desktop/Sobel_Accelerator/hls_component/sobel/hls/syn/report/csynth_design_size.rpt
Execute       send_msg_by_id INFO @200-1995@%s%s%s 208 Array/Struct (step 5) C:/Users/office/Desktop/Sobel_Accelerator/hls_component/sobel/hls/syn/report/csynth_design_size.rpt 
INFO: [HLS 200-1995] There were 208 instructions in the design after the 'Array/Struct (step 5)' phase of compilation. See the Design Size Report for more details: C:/Users/office/Desktop/Sobel_Accelerator/hls_component/sobel/hls/syn/report/csynth_design_size.rpt
Execute       send_msg_by_id INFO @200-1995@%s%s%s 210 Performance (step 1) C:/Users/office/Desktop/Sobel_Accelerator/hls_component/sobel/hls/syn/report/csynth_design_size.rpt 
INFO: [HLS 200-1995] There were 210 instructions in the design after the 'Performance (step 1)' phase of compilation. See the Design Size Report for more details: C:/Users/office/Desktop/Sobel_Accelerator/hls_component/sobel/hls/syn/report/csynth_design_size.rpt
Execute       send_msg_by_id INFO @200-1995@%s%s%s 208 Performance (step 2) C:/Users/office/Desktop/Sobel_Accelerator/hls_component/sobel/hls/syn/report/csynth_design_size.rpt 
INFO: [HLS 200-1995] There were 208 instructions in the design after the 'Performance (step 2)' phase of compilation. See the Design Size Report for more details: C:/Users/office/Desktop/Sobel_Accelerator/hls_component/sobel/hls/syn/report/csynth_design_size.rpt
Execute       send_msg_by_id INFO @200-1995@%s%s%s 310 Performance (step 3) C:/Users/office/Desktop/Sobel_Accelerator/hls_component/sobel/hls/syn/report/csynth_design_size.rpt 
INFO: [HLS 200-1995] There were 310 instructions in the design after the 'Performance (step 3)' phase of compilation. See the Design Size Report for more details: C:/Users/office/Desktop/Sobel_Accelerator/hls_component/sobel/hls/syn/report/csynth_design_size.rpt
Execute       send_msg_by_id INFO @200-1995@%s%s%s 275 Performance (step 4) C:/Users/office/Desktop/Sobel_Accelerator/hls_component/sobel/hls/syn/report/csynth_design_size.rpt 
INFO: [HLS 200-1995] There were 275 instructions in the design after the 'Performance (step 4)' phase of compilation. See the Design Size Report for more details: C:/Users/office/Desktop/Sobel_Accelerator/hls_component/sobel/hls/syn/report/csynth_design_size.rpt
Execute       send_msg_by_id INFO @200-1995@%s%s%s 255 HW Transforms (step 1) C:/Users/office/Desktop/Sobel_Accelerator/hls_component/sobel/hls/syn/report/csynth_design_size.rpt 
INFO: [HLS 200-1995] There were 255 instructions in the design after the 'HW Transforms (step 1)' phase of compilation. See the Design Size Report for more details: C:/Users/office/Desktop/Sobel_Accelerator/hls_component/sobel/hls/syn/report/csynth_design_size.rpt
Execute       send_msg_by_id INFO @200-1995@%s%s%s 259 HW Transforms (step 2) C:/Users/office/Desktop/Sobel_Accelerator/hls_component/sobel/hls/syn/report/csynth_design_size.rpt 
INFO: [HLS 200-1995] There were 259 instructions in the design after the 'HW Transforms (step 2)' phase of compilation. See the Design Size Report for more details: C:/Users/office/Desktop/Sobel_Accelerator/hls_component/sobel/hls/syn/report/csynth_design_size.rpt
Command       send_msg_by_id done; 0.343 sec.
INFO: [HLS 214-291] Loop 'VITIS_LOOP_37_3' is marked as complete unroll implied by the pipeline pragma (../Sobel.cpp:37:34)
INFO: [HLS 214-291] Loop 'VITIS_LOOP_38_4' is marked as complete unroll implied by the pipeline pragma (../Sobel.cpp:38:38)
INFO: [HLS 214-186] Unrolling loop 'VITIS_LOOP_37_3' (../Sobel.cpp:37:34) in function 'sobel' completely with a factor of 3 (../Sobel.cpp:10:0)
INFO: [HLS 214-186] Unrolling loop 'VITIS_LOOP_38_4' (../Sobel.cpp:38:38) in function 'sobel' completely with a factor of 3 (../Sobel.cpp:10:0)
INFO: [HLS 214-248] Applying array_partition to 'line_buffer': Complete partitioning on dimension 1. (../Sobel.cpp:18:16)
INFO: [HLS 214-270] Inferring pragma 'array_partition type=cyclic factor=3 dim=1' for array 'line_buffer_0' due to pipeline pragma (../Sobel.cpp:23:9)
INFO: [HLS 214-270] Inferring pragma 'array_partition type=cyclic factor=3 dim=1' for array 'line_buffer_2' due to pipeline pragma (../Sobel.cpp:23:9)
INFO: [HLS 214-248] Applying array_partition to 'line_buffer_0': Cyclic partitioning with factor 3 on dimension 1. (../Sobel.cpp:18:16)
INFO: [HLS 214-248] Applying array_partition to 'line_buffer_2': Cyclic partitioning with factor 3 on dimension 1. (../Sobel.cpp:18:16)
INFO-FLOW: DBG:PUTS: copy_raw_kernel_xml ap_link_39: copying raw kernel.xml: C:/Users/office/Desktop/Sobel_Accelerator/hls_component/sobel/hls/.autopilot/db/../../kernel.xml -> C:/Users/office/Desktop/Sobel_Accelerator/hls_component/sobel/hls/.autopilot/db/kernel.internal.xml
INFO: [HLS 200-111] Finished Compiling Optimization and Transform: CPU user time: 0 seconds. CPU system time: 0 seconds. Elapsed time: 11.466 seconds; current allocated memory: 167.391 MB.
INFO: [HLS 200-111] Finished Checking Pragmas: CPU user time: 0 seconds. CPU system time: 0 seconds. Elapsed time: 0.005 seconds; current allocated memory: 167.391 MB.
Execute       opt_and_import_c a -opt_level=2 -skip_syncheck=0 -ng=0 -keep_printf=0 
Execute         cleanup_all_models 
INFO: [HLS 200-10] Starting code transformations ...
INFO-FLOW: Running Standard Transforms...
Execute         transform -hls -share-std-xform -demangle-name -inline-byval-memcpy -always-inline -promote-dbg-pointer -interface-preproc -mem2reg -scalarrepl -mem2reg -keep-read-access -instcombine -dce -promote-dbg-pointer -bitop-raise -loop-simplify -indvarspre -indvars -loop-simplify -constprop -instcombine -simplifycfg -indvars -simplifycfg -dce -globaldce -basicaa -simplifycfg -mem2reg -globalopt -global-constprop -deadargelim -instcombine -simplifycfg -scalarrepl -instcombine -reassociate -licm -simplifycfg -loop-simplify -indvars -instcombine -simplifycfg -mem2reg -loop-simplify -indvars -instcombine -gvn -gvn -instcombine -adce -break-crit-edges -simplifycfg -loop-delete -global-array-opt -dce -dse -adce -find-syn-modules -top sobel -deadargelim -mem2reg -instcombine -dce -presyn-prepare -interface-preproc -syn-check -check-rec-only -find-region -simplifycfg -func-extr -function-inline -globaldce -mem2reg -instcombine -dce -gvn -globaldce -adce -adse -constprop -instcombine -bit-constprop -instcombine -dce -simplifycfg -bitop-raise -simplifycfg -dce -loop-delete -reassociate -globalopt -global-privatize -mem2reg -dce -global-constprop -pointer-simplify -constprop -dce -promote-dbg-pointer -norm-name C:/Users/office/Desktop/Sobel_Accelerator/hls_component/sobel/hls/.autopilot/db/a.g.0.bc -o C:/Users/office/Desktop/Sobel_Accelerator/hls_component/sobel/hls/.autopilot/db/a.g.1.bc -f -phase std-opt 
Command         transform done; 0.111 sec.
INFO: [HLS 200-111] Finished Standard Transforms: CPU user time: 0 seconds. CPU system time: 0 seconds. Elapsed time: 0.187 seconds; current allocated memory: 172.137 MB.
INFO: [HLS 200-10] Checking synthesizability ...
INFO-FLOW: Checking Synthesizability 1/2..
Execute         transform -hls -syn-check -check-rec-only -scalarrepl -norm-name -dce -mem2reg -instcombine -directive-preproc -mem2reg -dse -dce -dce -pag -array-normalize -instcombine -dce -array-seg-normalize -instcombine -dce -data-pack -instcombine -dce -inst-simplify -array-flatten -instcombine -dce -array-burst -dce -deadargelim -promote-global-argument -simplifycfg -mem2reg -globaldce -dce -deadargelim -dce -instcombine -function-inline -globaldce -dce -doublePtrSimplify -doublePtrElim -dce -doublePtrSimplify -promote-dbg-pointer -dce -scalarrepl -dse -adse -instcombine -ptrLegalization -simplifycfg -dce -instcombine -pointer-simplify -ptrArgReplace -dce -instcombine -resolve-double-ptr -scalarrepl -norm-name -dce -mem2reg -instcombine -ptrLegalization -simplifycfg -deadargelim -instcombine -dce -inst-simplify -directive-preproc -mem2reg -dse -dce -globaldce C:/Users/office/Desktop/Sobel_Accelerator/hls_component/sobel/hls/.autopilot/db/a.g.1.bc -o C:/Users/office/Desktop/Sobel_Accelerator/hls_component/sobel/hls/.autopilot/db/a.g.2.prechk.bc -f 
INFO-FLOW: Checking Synthesizability 2/2..
Execute         transform -syn-check C:/Users/office/Desktop/Sobel_Accelerator/hls_component/sobel/hls/.autopilot/db/a.g.2.prechk.bc -o C:/Users/office/Desktop/Sobel_Accelerator/hls_component/sobel/hls/.autopilot/db/a.g.2.bc -f -phase syn-check 
INFO: [HLS 200-111] Finished Checking Synthesizability: CPU user time: 0 seconds. CPU system time: 0 seconds. Elapsed time: 0.074 seconds; current allocated memory: 173.652 MB.
INFO-FLOW: Compiler optimizing ...
INFO-FLOW: Share syncheck's 1.bc for syn flow: copy C:/Users/office/Desktop/Sobel_Accelerator/hls_component/sobel/hls/.autopilot/db/a.g.1.bc to C:/Users/office/Desktop/Sobel_Accelerator/hls_component/sobel/hls/.autopilot/db/a.o.1.bc
INFO-FLOW: Presyn 1...
Execute         transform -hls -tmp C:/Users/office/Desktop/Sobel_Accelerator/hls_component/sobel/hls/.autopilot/db -interface-port-rename -directive-preproc -mem2reg -dse -dce -scalarrepl -norm-name -deadargelim -dce -hls-dead-arg-elim -deadargelim -mem2reg -instcombine -dce -simplifycfg -dce -resource-proc -clib-intrinsic-prepare -dce -func-buffer -dce -pag -array-normalize -func-legal -instcombine -gvn -constprop -dce -simplifycfg -mem2reg -globaldce -resolve-double-ptr -dce -deadargelim -dce -instcombine -ptrArgReplace -mem2reg -dce -array-seg-normalize -deadargelim -instcombine -dce -directive-preproc -mem2reg -dse -dce -pointer-simplify -dce -port-alignment -dce -interface-preproc -data-pack -instcombine -dce -basicaa -aggr-aa -aggrmodref-aa -aggr-aa -gvn -gvn -basicaa -aggr-aa -aggrmodref-aa -aggr-aa -dse -adse -adce -loop-simplify -indvars -instcombine -gvn -loop-simplify -mem2reg -dce -find-region -instcombine -inst-simplify -interface-preproc -cfgopt -instcombine -indvars -loop-simplify -loop-bound -constprop -instcombine -simplifycfg -indvars -simplifycfg -dce -globaldce -clean-region -attach-range -gvn -inst-simplify -constprop -simplifycfg -dce -pointer-simplify -dce -globalopt -constprop -dce -ptrArgReplace -mem2reg -simplifycfg -dce -instcombine -dce -array-transform-check -array-reshape -instcombine -simplifycfg -dce -ptrArgReplace -deadargelim -mem2reg -instcombine -simplifycfg -dce -indvars -loop-simplify -loop-bound -constprop -instcombine -simplifycfg -indvars -simplifycfg -dce -globaldce -basicaa -aggr-aa -aggrmodref-aa -aggr-aa -dse -duplicate-dataflow-processes -globaldce -instcombine -array-partition -prepare-dynamic-array-partition -instcombine -simplifycfg -dce -ptrArgReplace -global-constprop -deadargelim -mem2reg -func-legal -dce -global-constprop -deadargelim -mem2reg -simplifycfg -dce -merge-param -deadargelim -globalopt -constprop -dce -ptrArgReplace -mem2reg -simplifycfg -dce -mem-intrinsic-preproc -dce -global-internalize -global-privatize -mem2reg -globaldce -lcssa -loop-simplify -phi-select-elim -promote-global-argument -ptrArgReplace -mem2reg -dce -globalopt -mergereturn -simplify-global-access -mem2reg -dce -pointer-simplify -dce -basicaa -aggr-aa -aggrmodref-aa -aggr-aa -functionattrs -basicaa -aggr-aa -aggrmodref-aa -aggr-aa -gvn -gvn -basicaa -aggr-aa -aggrmodref-aa -aggr-aa -dse -adse -adce -dce -norm-name -basicaa -aggr-aa -aggrmodref-aa -aggr-aa -accesses-merge -function-inline -complex-op-raise -inst-simplify -globaldce -func-legal -dce -loop-bound -arraycheck -bitwidthmin2 -bitwidthmin2 -on-by-dataflow -loop-delete -instcombine -simplifycfg -globaldce -dce -gvn -deadargelim -dce -loop-simplify -clean-region -simplifycfg -propagate-stable-arguments -instcombine -simplifycfg -dce -globaldce -duplicate-dataflow-processes -stream-intrinsic-preproc -dce -check-ap-stream -loop-simplify -eliminate-keepreads -extract-dataflow-in-loop -loop-simplify -dce -gvn -deadargelim -dse -duplicate-dataflow-processes -check-dataflow-syntax -legalize-stream-variable -globaldce -legalize-global -extract-subproc -dce -dead-channel-elimination -canonicalize-gep -globaldce -dce -gvn -hls-dead-arg-elim -deadargelim -directive-preproc -canonicalize-dataflow -dce -globaldce -scalar-preprocessing -scalar-propagation2 -scalar-stream -deadargelim -globaldce -mem2reg -check-dataflow-channels -function-stream -dce -globaldce -prop-fifo-spec -internal-stream-gen -canonicalize-gep -globaldce -dce -gvn -deadargelim -mergereturn -indvars -loop-simplify -instcombine -array-stream -array-seg-normalize -array-partition -clean-array-spec -func-legal -instcombine -simplifycfg -dce -bundle-memfifo-ops -deadargelim -directive-preproc -mem2reg -dse -dce -group-axi-access -licm -simplifycfg -dce -loop-delete -hls-display -norm-name C:/Users/office/Desktop/Sobel_Accelerator/hls_component/sobel/hls/.autopilot/db/a.o.1.bc -o C:/Users/office/Desktop/Sobel_Accelerator/hls_component/sobel/hls/.autopilot/db/a.o.1.tmp.bc -f 
INFO-FLOW: Presyn 2...
Execute         transform -hls -keep-callgraph -scalarrepl -mem2reg -port-alignment -attach-range -dce -pipe-mux-gen -indvars -loop-bound -inst-simplify -instcombine -dce -merge-array-access -mem2reg -dce -clean-region -mergereturn -if-conv -instcombine -dce -constprop -basicaa -aggr-aa -aggrmodref-aa -aggr-aa -gvn -gvn -basicaa -aggr-aa -aggrmodref-aa -aggr-aa -dse -adse -adce -scalarrepl -mem2reg -global-constprop -deadargelim -deadargelim -instcombine -dce -simplifycfg -ptrArgReplace -mem2reg -function-inline -globaldce -mem2reg -instcombine -dce -expr-balance -instcombine -dce -bitwidthmin2 -bitwidthmin2 -interface-preproc -directive-preproc -inst-rectify -instcombine -dce -basicaa -aggr-aa -aggrmodref-aa -aggr-aa -functionattrs -constprop -instcombine -bit-constprop -simplify-global-access -globalopt -globaldce -inst-simplify -instcombine -elimdeaddata -dce -loop-delete -simplifycfg -loop-simplify -barrier -norm-name C:/Users/office/Desktop/Sobel_Accelerator/hls_component/sobel/hls/.autopilot/db/a.o.1.tmp.bc -o C:/Users/office/Desktop/Sobel_Accelerator/hls_component/sobel/hls/.autopilot/db/a.o.2.bc -f -phase presyn 
INFO: [XFORM 203-401] Performing if-conversion on hyperblock to (../Sobel.cpp:60:13) in function 'sobel'... converting 7 basic blocks.
INFO: [HLS 200-111] Finished Loop, function and other optimizations: CPU user time: 0 seconds. CPU system time: 1 seconds. Elapsed time: 0.15 seconds; current allocated memory: 195.652 MB.
Execute         transform -hls -auto-function-inline -globaldce -ptrArgReplace -mem2reg -dce -reset-lda -loop-simplify -indvars -aggr-aa -licm -loop-dep -loop-bound -licm -loop-simplify -loop-sink-hoist -flattenloopnest -array-flatten -gvn -instcombine -dce -array-map -dce -func-legal -gvn -adce -instcombine -cfgopt -simplifycfg-lite -loop-simplify -array-burst -promote-global-argument -dce -array-seg-normalize -basicaa -aggrmodref-aa -globalsmodref-aa -aggr-aa -gvn -gvn -basicaa -aggrmodref-aa -globalsmodref-aa -aggr-aa -dse -adse -adce -licm -inst-simplify -dce -globaldce -instcombine -array-stream -eliminate-keepreads -instcombine -dce -deadargelim -doublePtrSimplify -doublePtrElim -dce -doublePtrSimplify -promote-dbg-pointer -dce -scalarrepl -mem2reg -norm-name -mem2reg -instcombine -dse -adse -adce -ptrLegalization -dce -array-flatten -dce -instcombine -check-doubleptr -loop-rot -constprop -inst-simplify -cfgopt -simplifycfg-lite -loop-simplify -indvars -pointer-simplify -dce -loop-bound -loop-simplify -loop-preproc -constprop -global-constprop -gvn -mem2reg -instcombine -dce -loop-bound -loop-merge -dce -deadargelim -dce -canonicalize-dataflow -dce -deadargelim -globaldce -mem2reg -bram-byte-enable -inst-simplify -inst-rectify -instcombine -adce -deadargelim -load-elim -read-loop-dep -loop-simplify -loop-rewind-sink-hoist -loop-outline -hls-dead-arg-elim -directive-preproc -bitwidthmin2 -bitwidthmin2 -read-loop-dep -interface-preproc -directive-preproc -interface-gen -bram-byte-enable-spec-prop -mul2addshift -deadargelim -inst-simplify -dce -mem2reg -instcombine -gvn -dce -adse -loop-bound -instcombine -cfgopt -simplifycfg-lite -loop-simplify -clean-region -io-protocol -find-region -mem2reg -bitop-raise -complex-op-raise -inst-simplify -inst-rectify -instcombine -adce -deadargelim -float-op-raise -loop-simplify -phi-opt -bitop-raise -cfgopt -simplifycfg-lite -strip-dead-prototypes -interface-lower -bitop-lower -intrinsic-lower -auto-function-inline -basicaa -aggrmodref-aa -globalsmodref-aa -aggr-aa -inst-simplify -simplifycfg-lite -loop-simplify -mergereturn -inst-simplify -inst-rectify -globaldce -dce -load-elim -bitop-lower -float-op-raise -fma-raise -loop-rewind -pointer-simplify -dce -cfgopt -dce -loop-bound -loop-dep -read-loop-dep -dce -dyn-mem-reuse -dce -recurrence-min -dce -share-scalar-alloca -deadargelim -dce -check-stream -norm-name -legalize -inst-clarity -bitwidth -dce -validate-dataflow -dump-loop-dep-to-ir -check-all-ssdm -dump-complexity-metric C:/Users/office/Desktop/Sobel_Accelerator/hls_component/sobel/hls/.autopilot/db/a.o.2.bc -o C:/Users/office/Desktop/Sobel_Accelerator/hls_component/sobel/hls/.autopilot/db/a.o.3.bc -f -phase build-ssdm 
INFO: [HLS 200-2061] Successfully converted nested loops 'VITIS_LOOP_21_1'(../Sobel.cpp:21:19) and 'VITIS_LOOP_22_2'(../Sobel.cpp:22:26) in function 'sobel' into perfectly nested loops.
INFO: [XFORM 203-541] Flattening a loop nest 'VITIS_LOOP_21_1' (../Sobel.cpp:21:19) in function 'sobel'.
Execute           auto_get_db
Command         transform done; 0.124 sec.
INFO-FLOW: Building ssdm...
Execute         transform -hls -cdfg-build C:/Users/office/Desktop/Sobel_Accelerator/hls_component/sobel/hls/.autopilot/db/a.o.3.bc -o C:/Users/office/Desktop/Sobel_Accelerator/hls_component/sobel/hls/.autopilot/db/a.o.3.bc -f -phase build-ssdm 
INFO: [HLS 200-111] Finished Architecture Synthesis: CPU user time: 1 seconds. CPU system time: 0 seconds. Elapsed time: 0.188 seconds; current allocated memory: 195.656 MB.
INFO-FLOW: Finish building internal data model.
Command       opt_and_import_c done; 0.611 sec.
Command     elaborate done; 19.509 sec.
Execute     ap_eval exec zip -j C:/Users/office/Desktop/Sobel_Accelerator/hls_component/sobel/hls/.autopilot/db/dut.hcp $dbDir/a.o.3.bc $dbDir/${topname}.rtl_wrap.cfg.tcl $dbDir/apatb_${topname}.cpp $dbDir/apatb_${topname}_util.cpp $dbDir/apatb_${topname}_ir.ll $dbDir/mapper_${topname}.cpp $dbDir/top-io-fe.xml $dbDir/kernel.internal.xml $workdir/../hls.app 
Command     ap_eval done; 0.466 sec.
Execute     autosyn -from_csynth_design=1 
INFO: [HLS 200-10] Starting hardware synthesis ...
INFO-FLOW: Synthesizing C/C++ design ...
INFO: [HLS 200-10] Synthesizing 'sobel' ...
Execute       ap_set_top_model sobel 
Execute       get_model_list sobel -filter all-wo-channel -topdown 
Execute       preproc_iomode -model sobel 
Execute       get_model_list sobel -filter all-wo-channel 
INFO-FLOW: Model list for configure: sobel
INFO-FLOW: Configuring Module : sobel ...
Execute       set_default_model sobel 
Execute       apply_spec_resource_limit sobel 
INFO-FLOW: Model list for preprocess: sobel
INFO-FLOW: Preprocessing Module: sobel ...
Execute       set_default_model sobel 
Execute       cdfg_preprocess -model sobel 
Execute       rtl_gen_preprocess sobel 
INFO-FLOW: Model list for synthesis: sobel
INFO: [HLS 200-10] ----------------------------------------------------------------
INFO: [HLS 200-42] -- Implementing module 'sobel' 
INFO: [HLS 200-10] ----------------------------------------------------------------
Execute       set_default_model sobel 
Execute       schedule -model sobel 
INFO: [SCHED 204-11] Starting scheduling ...
INFO: [HLS 200-1457] Automatically inferring inferring RAM_1WNR storage type for array 'line_buffer_1'. Use bind_storage pragma to override this type.
INFO: [HLS 200-1457] Automatically inferring inferring RAM_1WNR storage type for array 'line_buffer_2'. Use bind_storage pragma to override this type.
INFO: [HLS 200-1457] Automatically inferring inferring RAM_1WNR storage type for array 'line_buffer_1_17'. Use bind_storage pragma to override this type.
INFO: [HLS 200-1457] Automatically inferring inferring RAM_1WNR storage type for array 'line_buffer'. Use bind_storage pragma to override this type.
INFO: [SCHED 204-61] Pipelining loop 'VITIS_LOOP_21_1_VITIS_LOOP_22_2'.
INFO: [SCHED 204-61] Discarding stage scheduling solution.
INFO: [HLS 200-1470] Pipelining result : Target II = 1, Final II = 1, Depth = 20, loop 'VITIS_LOOP_21_1_VITIS_LOOP_22_2'
INFO: [SCHED 204-11] Finished scheduling.
Command       schedule done; 0.425 sec.
INFO: [HLS 200-111] Finished Scheduling: CPU user time: 0 seconds. CPU system time: 0 seconds. Elapsed time: 1.003 seconds; current allocated memory: 195.656 MB.
Execute       syn_report -verbosereport -o C:/Users/office/Desktop/Sobel_Accelerator/hls_component/sobel/hls/.autopilot/db/sobel.verbose.sched.rpt 
Execute         list_part -family xc7z020-clg400-1 
Execute           ap_family_info -name xc7z020-clg400-1 -data names 
Execute           ap_part_info -quiet -name xc7z020-clg400-1 -data family 
Execute       db_write -o C:/Users/office/Desktop/Sobel_Accelerator/hls_component/sobel/hls/.autopilot/db/sobel.sched.adb -f 
INFO-FLOW: Finish scheduling sobel.
Execute       set_default_model sobel 
Execute       bind -model sobel 
INFO: [BIND 205-100] Starting micro-architecture generation ...
INFO: [BIND 205-101] Performing variable lifetime analysis.
INFO: [BIND 205-101] Exploring resource sharing.
INFO: [BIND 205-101] Binding ...
INFO: [BIND 205-100] Finished micro-architecture generation.
Command       bind done; 0.117 sec.
INFO: [HLS 200-111] Finished Binding: CPU user time: 0 seconds. CPU system time: 0 seconds. Elapsed time: 0.198 seconds; current allocated memory: 195.656 MB.
Execute       syn_report -verbosereport -o C:/Users/office/Desktop/Sobel_Accelerator/hls_component/sobel/hls/.autopilot/db/sobel.verbose.bind.rpt 
Execute         list_part -family xc7z020-clg400-1 
Execute           ap_family_info -name xc7z020-clg400-1 -data names 
Execute           ap_part_info -quiet -name xc7z020-clg400-1 -data family 
Execute       db_write -o C:/Users/office/Desktop/Sobel_Accelerator/hls_component/sobel/hls/.autopilot/db/sobel.bind.adb -f 
INFO-FLOW: Finish binding sobel.
Execute       get_model_list sobel -filter all-wo-channel 
INFO-FLOW: Preprocessing for RTLGen ...
Execute       rtl_gen_preprocess sobel 
INFO-FLOW: Model list for RTL generation: sobel
INFO: [HLS 200-10] ----------------------------------------------------------------
INFO: [HLS 200-10] -- Generating RTL for module 'sobel' 
INFO: [HLS 200-10] ----------------------------------------------------------------
Execute       create_rtl_model sobel -top_prefix  -sub_prefix sobel_ -mg_file C:/Users/office/Desktop/Sobel_Accelerator/hls_component/sobel/hls/.autopilot/db/sobel.compgen.tcl 
WARNING: [RTGEN 206-101] Design contains AXI ports. Reset is fixed to synchronous and active low.
INFO: [RTGEN 206-500] Setting interface mode on port 'sobel/in_stream_V_data_V' to 'axis' (register, both mode).
INFO: [RTGEN 206-500] Setting interface mode on port 'sobel/in_stream_V_keep_V' to 'axis' (register, both mode).
INFO: [RTGEN 206-500] Setting interface mode on port 'sobel/in_stream_V_strb_V' to 'axis' (register, both mode).
INFO: [RTGEN 206-500] Setting interface mode on port 'sobel/in_stream_V_user_V' to 'axis' (register, both mode).
INFO: [RTGEN 206-500] Setting interface mode on port 'sobel/in_stream_V_last_V' to 'axis' (register, both mode).
INFO: [RTGEN 206-500] Setting interface mode on port 'sobel/in_stream_V_id_V' to 'axis' (register, both mode).
INFO: [RTGEN 206-500] Setting interface mode on port 'sobel/in_stream_V_dest_V' to 'axis' (register, both mode).
INFO: [RTGEN 206-500] Setting interface mode on port 'sobel/out_stream_V_data_V' to 'axis' (register, both mode).
INFO: [RTGEN 206-500] Setting interface mode on port 'sobel/out_stream_V_keep_V' to 'axis' (register, both mode).
INFO: [RTGEN 206-500] Setting interface mode on port 'sobel/out_stream_V_strb_V' to 'axis' (register, both mode).
INFO: [RTGEN 206-500] Setting interface mode on port 'sobel/out_stream_V_user_V' to 'axis' (register, both mode).
INFO: [RTGEN 206-500] Setting interface mode on port 'sobel/out_stream_V_last_V' to 'axis' (register, both mode).
INFO: [RTGEN 206-500] Setting interface mode on port 'sobel/out_stream_V_id_V' to 'axis' (register, both mode).
INFO: [RTGEN 206-500] Setting interface mode on port 'sobel/out_stream_V_dest_V' to 'axis' (register, both mode).
INFO: [RTGEN 206-500] Setting interface mode on function 'sobel' to 'ap_ctrl_none'.
INFO: [HLS 200-1030] Apply Unified Pipeline Control on module 'sobel' pipeline 'VITIS_LOOP_21_1_VITIS_LOOP_22_2' pipeline type 'loop pipeline'
INFO: [RTGEN 206-100] Generating core module 'mul_8ns_10ns_17_1_1': 2 instance(s).
INFO: [RTGEN 206-100] Generating core module 'mul_9ns_11ns_19_1_1': 1 instance(s).
INFO: [RTGEN 206-100] Generating core module 'sparsemux_7_2_8_1_1': 7 instance(s).
INFO: [RTGEN 206-100] Generating core module 'urem_9ns_3ns_2_13_1': 1 instance(s).
INFO: [RTGEN 206-100] Finished creating RTL model for 'sobel'.
INFO: [RTMG 210-278] Implementing memory 'sobel_line_buffer_RAM_1WNR_AUTO_1R1W' using auto RAMs.
INFO: [HLS 200-2167] Implementing memory 'sobel_line_buffer_1_RAM_1WNR_AUTO_1R1W' using auto RAMs with 3 copies to ensure enough ports to satisfy II or latency constraints.
INFO: [RTMG 210-278] Implementing memory 'sobel_line_buffer_3_RAM_AUTO_1R1W' using auto RAMs.
Command       create_rtl_model done; 1.117 sec.
INFO: [HLS 200-111] Finished Creating RTL model: CPU user time: 0 seconds. CPU system time: 0 seconds. Elapsed time: 1.252 seconds; current allocated memory: 200.090 MB.
Execute       source C:/Users/office/Desktop/Sobel_Accelerator/hls_component/sobel/hls/.autopilot/db/sobel.rtl_wrap.cfg.tcl 
Execute       gen_rtl sobel -istop -style xilinx -f -lang vhdl -o C:/Users/office/Desktop/Sobel_Accelerator/hls_component/sobel/hls/syn/vhdl/sobel 
Execute       gen_rtl sobel -istop -style xilinx -f -lang vlog -o C:/Users/office/Desktop/Sobel_Accelerator/hls_component/sobel/hls/syn/verilog/sobel 
Execute       syn_report -csynth -model sobel -o C:/Users/office/Desktop/Sobel_Accelerator/hls_component/sobel/hls/syn/report/sobel_csynth.rpt 
Execute         list_part -family xc7z020-clg400-1 
Execute           ap_family_info -name xc7z020-clg400-1 -data names 
Execute           ap_part_info -quiet -name xc7z020-clg400-1 -data family 
Command       syn_report done; 0.111 sec.
Execute       syn_report -rtlxml -model sobel -o C:/Users/office/Desktop/Sobel_Accelerator/hls_component/sobel/hls/syn/report/sobel_csynth.xml 
Execute         list_part -family xc7z020-clg400-1 
Execute           ap_family_info -name xc7z020-clg400-1 -data names 
Execute           ap_part_info -quiet -name xc7z020-clg400-1 -data family 
Execute       syn_report -verbosereport -model sobel -o C:/Users/office/Desktop/Sobel_Accelerator/hls_component/sobel/hls/.autopilot/db/sobel.verbose.rpt 
Execute         list_part -family xc7z020-clg400-1 
Execute           ap_family_info -name xc7z020-clg400-1 -data names 
Execute           ap_part_info -quiet -name xc7z020-clg400-1 -data family 
Command       syn_report done; 0.134 sec.
Execute       db_write -model sobel -f -o C:/Users/office/Desktop/Sobel_Accelerator/hls_component/sobel/hls/.autopilot/db/sobel.adb 
Command       db_write done; 0.125 sec.
Execute       db_write -model sobel -bindview -o C:/Users/office/Desktop/Sobel_Accelerator/hls_component/sobel/hls/.autopilot/db/design.bindinfo.xml 
Execute       gen_tb_info sobel -p C:/Users/office/Desktop/Sobel_Accelerator/hls_component/sobel/hls/.autopilot/db -o C:/Users/office/Desktop/Sobel_Accelerator/hls_component/sobel/hls/.autopilot/db/sobel 
Execute       export_constraint_db -f -tool general -o C:/Users/office/Desktop/Sobel_Accelerator/hls_component/sobel/hls/.autopilot/db/sobel.constraint.tcl 
Execute       syn_report -designview -model sobel -o C:/Users/office/Desktop/Sobel_Accelerator/hls_component/sobel/hls/.autopilot/db/sobel.design.xml 
Execute       syn_report -csynthDesign -model sobel -o C:/Users/office/Desktop/Sobel_Accelerator/hls_component/sobel/hls/syn/report/csynth.rpt -MHOut C:/Users/office/Desktop/Sobel_Accelerator/hls_component/sobel/hls/.autopilot/db/kernel_module_hierarchy.tcl 
Execute         list_part -family xc7z020-clg400-1 
Execute           ap_family_info -name xc7z020-clg400-1 -data names 
Execute           ap_part_info -quiet -name xc7z020-clg400-1 -data family 
Execute       syn_report -wcfg -model sobel -o C:/Users/office/Desktop/Sobel_Accelerator/hls_component/sobel/hls/.autopilot/db/sobel_dataflow_ana.wcfg 
Execute       syn_report -protoinst -model sobel -o C:/Users/office/Desktop/Sobel_Accelerator/hls_component/sobel/hls/.autopilot/db/sobel.protoinst 
Execute       sc_get_clocks sobel 
Execute       sc_get_portdomain sobel 
INFO-FLOW: Model list for RTL component generation: sobel
INFO-FLOW: Handling components in module [sobel] ... 
Execute       source C:/Users/office/Desktop/Sobel_Accelerator/hls_component/sobel/hls/.autopilot/db/sobel.compgen.tcl 
INFO-FLOW: Found component sobel_urem_9ns_3ns_2_13_1.
INFO-FLOW: Append model sobel_urem_9ns_3ns_2_13_1
INFO-FLOW: Found component sobel_mul_9ns_11ns_19_1_1.
INFO-FLOW: Append model sobel_mul_9ns_11ns_19_1_1
INFO-FLOW: Found component sobel_mul_8ns_10ns_17_1_1.
INFO-FLOW: Append model sobel_mul_8ns_10ns_17_1_1
INFO-FLOW: Found component sobel_sparsemux_7_2_8_1_1.
INFO-FLOW: Append model sobel_sparsemux_7_2_8_1_1
INFO-FLOW: Found component sobel_sparsemux_7_2_8_1_1.
INFO-FLOW: Append model sobel_sparsemux_7_2_8_1_1
INFO-FLOW: Found component sobel_sparsemux_7_2_8_1_1.
INFO-FLOW: Append model sobel_sparsemux_7_2_8_1_1
INFO-FLOW: Found component sobel_line_buffer_RAM_1WNR_AUTO_1R1W.
INFO-FLOW: Append model sobel_line_buffer_RAM_1WNR_AUTO_1R1W
INFO-FLOW: Found component sobel_line_buffer_1_RAM_1WNR_AUTO_1R1W.
INFO-FLOW: Append model sobel_line_buffer_1_RAM_1WNR_AUTO_1R1W
INFO-FLOW: Found component sobel_line_buffer_3_RAM_AUTO_1R1W.
INFO-FLOW: Append model sobel_line_buffer_3_RAM_AUTO_1R1W
INFO-FLOW: Found component sobel_regslice_both.
INFO-FLOW: Append model sobel_regslice_both
INFO-FLOW: Found component sobel_regslice_both.
INFO-FLOW: Append model sobel_regslice_both
INFO-FLOW: Found component sobel_regslice_both.
INFO-FLOW: Append model sobel_regslice_both
INFO-FLOW: Found component sobel_regslice_both.
INFO-FLOW: Append model sobel_regslice_both
INFO-FLOW: Found component sobel_regslice_both.
INFO-FLOW: Append model sobel_regslice_both
INFO-FLOW: Found component sobel_regslice_both.
INFO-FLOW: Append model sobel_regslice_both
INFO-FLOW: Found component sobel_regslice_both.
INFO-FLOW: Append model sobel_regslice_both
INFO-FLOW: Found component sobel_regslice_both.
INFO-FLOW: Append model sobel_regslice_both
INFO-FLOW: Found component sobel_regslice_both.
INFO-FLOW: Append model sobel_regslice_both
INFO-FLOW: Found component sobel_regslice_both.
INFO-FLOW: Append model sobel_regslice_both
INFO-FLOW: Found component sobel_regslice_both.
INFO-FLOW: Append model sobel_regslice_both
INFO-FLOW: Found component sobel_regslice_both.
INFO-FLOW: Append model sobel_regslice_both
INFO-FLOW: Found component sobel_regslice_both.
INFO-FLOW: Append model sobel_regslice_both
INFO-FLOW: Found component sobel_regslice_both.
INFO-FLOW: Append model sobel_regslice_both
INFO-FLOW: Found component sobel_flow_control_loop_pipe_no_ap_cont.
INFO-FLOW: Append model sobel_flow_control_loop_pipe_no_ap_cont
INFO-FLOW: Append model sobel
INFO-FLOW: Generating RTL model list ...
INFO-FLOW: All models in this session: sobel_urem_9ns_3ns_2_13_1 sobel_mul_9ns_11ns_19_1_1 sobel_mul_8ns_10ns_17_1_1 sobel_sparsemux_7_2_8_1_1 sobel_sparsemux_7_2_8_1_1 sobel_sparsemux_7_2_8_1_1 sobel_line_buffer_RAM_1WNR_AUTO_1R1W sobel_line_buffer_1_RAM_1WNR_AUTO_1R1W sobel_line_buffer_3_RAM_AUTO_1R1W sobel_regslice_both sobel_regslice_both sobel_regslice_both sobel_regslice_both sobel_regslice_both sobel_regslice_both sobel_regslice_both sobel_regslice_both sobel_regslice_both sobel_regslice_both sobel_regslice_both sobel_regslice_both sobel_regslice_both sobel_regslice_both sobel_flow_control_loop_pipe_no_ap_cont sobel
INFO-FLOW: Generating C:/Users/office/Desktop/Sobel_Accelerator/hls_component/sobel/hls/.autopilot/db/autopilot.rtl.models.txt file...
INFO-FLOW: To file: write model sobel_urem_9ns_3ns_2_13_1
INFO-FLOW: To file: write model sobel_mul_9ns_11ns_19_1_1
INFO-FLOW: To file: write model sobel_mul_8ns_10ns_17_1_1
INFO-FLOW: To file: write model sobel_sparsemux_7_2_8_1_1
INFO-FLOW: To file: write model sobel_sparsemux_7_2_8_1_1
INFO-FLOW: To file: write model sobel_sparsemux_7_2_8_1_1
INFO-FLOW: To file: write model sobel_line_buffer_RAM_1WNR_AUTO_1R1W
INFO-FLOW: To file: write model sobel_line_buffer_1_RAM_1WNR_AUTO_1R1W
INFO-FLOW: To file: write model sobel_line_buffer_3_RAM_AUTO_1R1W
INFO-FLOW: To file: write model sobel_regslice_both
INFO-FLOW: To file: write model sobel_regslice_both
INFO-FLOW: To file: write model sobel_regslice_both
INFO-FLOW: To file: write model sobel_regslice_both
INFO-FLOW: To file: write model sobel_regslice_both
INFO-FLOW: To file: write model sobel_regslice_both
INFO-FLOW: To file: write model sobel_regslice_both
INFO-FLOW: To file: write model sobel_regslice_both
INFO-FLOW: To file: write model sobel_regslice_both
INFO-FLOW: To file: write model sobel_regslice_both
INFO-FLOW: To file: write model sobel_regslice_both
INFO-FLOW: To file: write model sobel_regslice_both
INFO-FLOW: To file: write model sobel_regslice_both
INFO-FLOW: To file: write model sobel_regslice_both
INFO-FLOW: To file: write model sobel_flow_control_loop_pipe_no_ap_cont
INFO-FLOW: To file: write model sobel
INFO-FLOW: Generating C:/Users/office/Desktop/Sobel_Accelerator/hls_component/sobel/hls/.autopilot/db/autopilot.rtl.models.tcl file...
INFO-FLOW: Finished generating RTL model list.


INFO-FLOW: RTL Generation done.
INFO-FLOW: CAS Generation done.
INFO-FLOW: CBC Generation done.
INFO-FLOW: DBG:PROC: ::AESL_AUTOMG::auto_generate_csynth_design
INFO-FLOW: DBG:PUTS: read_platform_lib C:/Users/office/Desktop/Sobel_Accelerator/hls_component/sobel/hls/.autopilot/db/global.setting.tcl
Execute       source C:/Xilinx/Vitis/2024.2/common/technology/generic/autopilot/common.gen 
Execute         source C:/Xilinx/Vitis/2024.2/common/technology/generic/autopilot/APCoreGen.gen 
Execute       source C:/Xilinx/Vitis/2024.2/common/technology/generic/autopilot/op.gen 
Execute       source C:/Xilinx/Vitis/2024.2/common/technology/generic/autopilot/op_simcore.gen 
Execute       source C:/Xilinx/Vitis/2024.2/common/technology/generic/autopilot/interface.gen 
Execute       source C:/Users/office/Desktop/Sobel_Accelerator/hls_component/sobel/hls/.autopilot/db/global.setting.tcl 
Execute       source C:/Xilinx/Vitis/2024.2/common/technology/xilinx/common/xilinx.gen 
Execute         source C:/Xilinx/Vitis/2024.2/common/technology/xilinx/interface/plb46.gen 
Execute         source C:/Xilinx/Vitis/2024.2/common/technology/xilinx/interface/axi4.gen 
Execute         source C:/Xilinx/Vitis/2024.2/common/technology/xilinx/interface/nativeAXI4.gen 
Execute           source C:/Xilinx/Vitis/2024.2/common/technology/xilinx/interface/saxilite.gen 
Execute         source C:/Xilinx/Vitis/2024.2/common/technology/xilinx/scripts/xilinxcoregen.gen 
Execute         source C:/Xilinx/Vitis/2024.2/common/technology/xilinx/interface/XilEDKCoreGen.gen 
Execute         source C:/Xilinx/Vitis/2024.2/common/technology/xilinx/ip/dds_compiler.gen 
Execute         source C:/Xilinx/Vitis/2024.2/common/technology/xilinx/ip/util.gen 
Execute         source C:/Xilinx/Vitis/2024.2/common/technology/xilinx/ip/xfft.gen 
Command         ap_source done; 0.106 sec.
Execute         source C:/Xilinx/Vitis/2024.2/common/technology/xilinx/ip/xfir.gen 
Execute         source C:/Xilinx/Vitis/2024.2/common/technology/xilinx/DSP48/dsp48.gen 
Command       ap_source done; 0.156 sec.
INFO-FLOW: DBG:PUTS:   using AESL_AUTOCG::g_clock_period=10.000 (was NA)
INFO-FLOW: DBG:PROC: ::AESL_AUTOMG::generate_ip_cores gen_sim_model='1' gen_fp_models='0' gen_for_export='0' dstSCDir='' dstVhdlDir='C:/Users/office/Desktop/Sobel_Accelerator/hls_component/sobel/hls/.autopilot/db/vhdl' dstVlogDir='C:/Users/office/Desktop/Sobel_Accelerator/hls_component/sobel/hls/.autopilot/db/vlog' tclDir='C:/Users/office/Desktop/Sobel_Accelerator/hls_component/sobel/hls/.autopilot/db' modelList='sobel_urem_9ns_3ns_2_13_1
sobel_mul_9ns_11ns_19_1_1
sobel_mul_8ns_10ns_17_1_1
sobel_sparsemux_7_2_8_1_1
sobel_sparsemux_7_2_8_1_1
sobel_sparsemux_7_2_8_1_1
sobel_line_buffer_RAM_1WNR_AUTO_1R1W
sobel_line_buffer_1_RAM_1WNR_AUTO_1R1W
sobel_line_buffer_3_RAM_AUTO_1R1W
sobel_regslice_both
sobel_regslice_both
sobel_regslice_both
sobel_regslice_both
sobel_regslice_both
sobel_regslice_both
sobel_regslice_both
sobel_regslice_both
sobel_regslice_both
sobel_regslice_both
sobel_regslice_both
sobel_regslice_both
sobel_regslice_both
sobel_regslice_both
sobel_flow_control_loop_pipe_no_ap_cont
sobel
' expOnly='0'
Execute       source C:/Users/office/Desktop/Sobel_Accelerator/hls_component/sobel/hls/.autopilot/db/global.setting.tcl 
Execute       ap_part_info -name xc7z020-clg400-1 -data names -quiet 
Execute       ap_part_info -name xc7z020-clg400-1 -data info -quiet 
Execute       source C:/Users/office/Desktop/Sobel_Accelerator/hls_component/sobel/hls/.autopilot/db/global.setting.tcl 
Execute       source C:/Users/office/Desktop/Sobel_Accelerator/hls_component/sobel/hls/.autopilot/db/global.setting.tcl 
Execute       source C:/Users/office/Desktop/Sobel_Accelerator/hls_component/sobel/hls/.autopilot/db/sobel.compgen.tcl 
INFO: [HLS 200-111] Finished Generating all RTL models: CPU user time: 1 seconds. CPU system time: 0 seconds. Elapsed time: 2.578 seconds; current allocated memory: 206.680 MB.
INFO-FLOW: DBG:PROC: ::HLSREPORTS::create_csynth_xml bind_info_var='bind_info' RtlSubPrefix='sobel_' outfile=''
INFO-FLOW: Running: create_csynth_xml read xml data
INFO-FLOW: Done: create_csynth_xml read xml data time: 0 seconds per iteration
INFO-FLOW: Running: create_csynth_xml bind info
INFO-FLOW: Done: create_csynth_xml bind info time: 0 seconds per iteration
INFO-FLOW: Running: create_csynth_xml config info
INFO-FLOW: Done: create_csynth_xml config info time: 0.5 seconds per iteration
INFO-FLOW: Running: create_csynth_xml write xml
INFO-FLOW: Done: create_csynth_xml write xml time: 0 seconds per iteration
INFO-FLOW: DBG:PUTS:      create_csynth_xml wrote csynth_xml=C:/Users/office/Desktop/Sobel_Accelerator/hls_component/sobel/hls/syn/report/csynth.xml
INFO-FLOW: DBG:PROC: ::AP::DESIGN_DATA::generate_json generate_bd_files='0' generate_xo_files='0' modelList='sobel_urem_9ns_3ns_2_13_1
sobel_mul_9ns_11ns_19_1_1
sobel_mul_8ns_10ns_17_1_1
sobel_sparsemux_7_2_8_1_1
sobel_sparsemux_7_2_8_1_1
sobel_sparsemux_7_2_8_1_1
sobel_line_buffer_RAM_1WNR_AUTO_1R1W
sobel_line_buffer_1_RAM_1WNR_AUTO_1R1W
sobel_line_buffer_3_RAM_AUTO_1R1W
sobel_regslice_both
sobel_regslice_both
sobel_regslice_both
sobel_regslice_both
sobel_regslice_both
sobel_regslice_both
sobel_regslice_both
sobel_regslice_both
sobel_regslice_both
sobel_regslice_both
sobel_regslice_both
sobel_regslice_both
sobel_regslice_both
sobel_regslice_both
sobel_flow_control_loop_pipe_no_ap_cont
sobel
' rtl_lang='both' bootstrap_tcl='false' outdir='' outfilename=''
Execute       source C:/Users/office/Desktop/Sobel_Accelerator/hls_component/sobel/hls/.autopilot/db/global.setting.tcl 
Execute       source C:/Users/office/Desktop/Sobel_Accelerator/hls_component/sobel/hls/.autopilot/db/global.setting.tcl 
Execute       source C:/Users/office/Desktop/Sobel_Accelerator/hls_component/sobel/hls/.autopilot/db/top-io-be.tcl 
Execute       source C:/Users/office/Desktop/Sobel_Accelerator/hls_component/sobel/hls/.autopilot/db/sobel.tbgen.tcl 
Execute       source C:/Users/office/Desktop/Sobel_Accelerator/hls_component/sobel/hls/.autopilot/db/sobel.rtl_wrap.cfg.tcl 
Execute       source C:/Users/office/Desktop/Sobel_Accelerator/hls_component/sobel/hls/.autopilot/db/sobel.compgen.dataonly.tcl 
Execute       source C:/Users/office/Desktop/Sobel_Accelerator/hls_component/sobel/hls/.autopilot/db/sobel.tbgen.tcl 
Execute       source C:/Users/office/Desktop/Sobel_Accelerator/hls_component/sobel/hls/.autopilot/db/global.setting.tcl 
Execute       ap_part_info -name xc7z020-clg400-1 -data names -quiet 
Execute       ap_part_info -name xc7z020-clg400-1 -data info -quiet 
Execute       source C:/Users/office/Desktop/Sobel_Accelerator/hls_component/sobel/hls/.autopilot/db/sobel.constraint.tcl 
Execute       sc_get_clocks sobel 
Execute       source C:/Users/office/Desktop/Sobel_Accelerator/hls_component/sobel/hls/.autopilot/db/global.setting.tcl 
INFO-FLOW: DBG:PROC: ::HLSREPORTS::add_csynth_report_sections bind_info_dict='adapter_nodes {} cache_nodes {} report_dict {TOPINST sobel MODULE2INSTS {sobel sobel} INST2MODULE {sobel sobel} INSTDATA {sobel {DEPTH 1 CHILDREN {}}} MODULEDATA {sobel {BINDINFO {{BINDTYPE storage ID {} IMPL auto LATENCY 1 OPTYPE rom_np PRAGMA {} RTLNAME line_buffer_U SOURCE ../Sobel.cpp:18 VARIABLE line_buffer LOOP {} BUNDLEDNAME {} DSP 0 BRAM 0 URAM 0 STORAGESUBTYPE {} STORAGESIZE {8 86 1} STORAGEUSAGE {rom_np array} DISPNAME {bind_storage rom_np} VISIBLE true} {BINDTYPE storage ID {} IMPL auto LATENCY 1 OPTYPE rom_np PRAGMA {} RTLNAME line_buffer_1_17_U SOURCE ../Sobel.cpp:18 VARIABLE line_buffer_1_17 LOOP {} BUNDLEDNAME {} DSP 0 BRAM 0 URAM 0 STORAGESUBTYPE {} STORAGESIZE {8 86 1} STORAGEUSAGE {rom_np array} DISPNAME {bind_storage rom_np} VISIBLE true} {BINDTYPE storage ID {} IMPL auto LATENCY 1 OPTYPE rom_np PRAGMA {} RTLNAME line_buffer_2_U SOURCE ../Sobel.cpp:18 VARIABLE line_buffer_2 LOOP {} BUNDLEDNAME {} DSP 0 BRAM 0 URAM 0 STORAGESUBTYPE {} STORAGESIZE {8 86 1} STORAGEUSAGE {rom_np array} DISPNAME {bind_storage rom_np} VISIBLE true} {BINDTYPE storage ID {} IMPL auto LATENCY 1 OPTYPE rom_np PRAGMA {} RTLNAME line_buffer_1_U SOURCE ../Sobel.cpp:18 VARIABLE line_buffer_1 LOOP {} BUNDLEDNAME {} DSP 0 BRAM 3 URAM 0 STORAGESUBTYPE {} STORAGESIZE {8 256 1} STORAGEUSAGE {rom_np array} DISPNAME {bind_storage rom_np} VISIBLE true} {BINDTYPE storage ID {} IMPL auto LATENCY 1 OPTYPE ram_s2p PRAGMA {} RTLNAME line_buffer_3_U SOURCE ../Sobel.cpp:18 VARIABLE line_buffer_3 LOOP {} BUNDLEDNAME {} DSP 0 BRAM 0 URAM 0 STORAGESUBTYPE {} STORAGESIZE {8 86 1} STORAGEUSAGE {ram_s2p array} DISPNAME {bind_storage ram_s2p} VISIBLE true} {BINDTYPE storage ID {} IMPL auto LATENCY 1 OPTYPE ram_s2p PRAGMA {} RTLNAME line_buffer_4_U SOURCE ../Sobel.cpp:18 VARIABLE line_buffer_4 LOOP {} BUNDLEDNAME {} DSP 0 BRAM 0 URAM 0 STORAGESUBTYPE {} STORAGESIZE {8 86 1} STORAGEUSAGE {ram_s2p array} DISPNAME {bind_storage ram_s2p} VISIBLE true} {BINDTYPE storage ID {} IMPL auto LATENCY 1 OPTYPE ram_s2p PRAGMA {} RTLNAME line_buffer_5_U SOURCE ../Sobel.cpp:18 VARIABLE line_buffer_5 LOOP {} BUNDLEDNAME {} DSP 0 BRAM 0 URAM 0 STORAGESUBTYPE {} STORAGESIZE {8 86 1} STORAGEUSAGE {ram_s2p array} DISPNAME {bind_storage ram_s2p} VISIBLE true} {BINDTYPE op ID {} IMPL auto_sel LATENCY 0 OPTYPE select PRAGMA {} RTLNAME select_ln21_fu_561_p3 SOURCE ../Sobel.cpp:21 VARIABLE select_ln21 LOOP VITIS_LOOP_21_1_VITIS_LOOP_22_2 BUNDLEDNAME {} DSP 0 BRAM 0 URAM 0 STORAGESUBTYPE {} DISPNAME {bind_op select} VISIBLE false} {BINDTYPE op ID {} IMPL auto_sel LATENCY 0 OPTYPE select PRAGMA {} RTLNAME row_2_fu_569_p3 SOURCE ../Sobel.cpp:21 VARIABLE row_2 LOOP VITIS_LOOP_21_1_VITIS_LOOP_22_2 BUNDLEDNAME {} DSP 0 BRAM 0 URAM 0 STORAGESUBTYPE {} DISPNAME {bind_op select} VISIBLE false} {BINDTYPE op ID {} IMPL auto LATENCY 0 OPTYPE setne PRAGMA {} RTLNAME icmp14_fu_587_p2 SOURCE ../Sobel.cpp:21 VARIABLE icmp14 LOOP VITIS_LOOP_21_1_VITIS_LOOP_22_2 BUNDLEDNAME {} DSP 0 BRAM 0 URAM 0 STORAGESUBTYPE {} DISPNAME {bind_op setne} VISIBLE false} {BINDTYPE op ID {} IMPL auto LATENCY 0 OPTYPE mul PRAGMA {} RTLNAME mul_9ns_11ns_19_1_1_U2 SOURCE ../Sobel.cpp:22 VARIABLE mul_ln22 LOOP VITIS_LOOP_21_1_VITIS_LOOP_22_2 BUNDLEDNAME {} DSP 1 BRAM 0 URAM 0 STORAGESUBTYPE {} DISPNAME {bind_op mul} VISIBLE true} {BINDTYPE op ID {} IMPL auto LATENCY 12 OPTYPE urem PRAGMA {} RTLNAME urem_9ns_3ns_2_13_1_U1 SOURCE ../Sobel.cpp:22 VARIABLE urem_ln22 LOOP VITIS_LOOP_21_1_VITIS_LOOP_22_2 BUNDLEDNAME {} DSP 0 BRAM 0 URAM 0 STORAGESUBTYPE {} DISPNAME {bind_op urem} VISIBLE false} {BINDTYPE op ID {} IMPL auto LATENCY 0 OPTYPE or PRAGMA {} RTLNAME or_ln27_fu_616_p2 SOURCE ../Sobel.cpp:27 VARIABLE or_ln27 LOOP VITIS_LOOP_21_1_VITIS_LOOP_22_2 BUNDLEDNAME {} DSP 0 BRAM 0 URAM 0 STORAGESUBTYPE {} DISPNAME {bind_op or} VISIBLE false} {BINDTYPE op ID {} IMPL fabric LATENCY 0 OPTYPE add PRAGMA {} RTLNAME add_ln21_fu_630_p2 SOURCE ../Sobel.cpp:21 VARIABLE add_ln21 LOOP VITIS_LOOP_21_1_VITIS_LOOP_22_2 BUNDLEDNAME {} DSP 0 BRAM 0 URAM 0 STORAGESUBTYPE {} DISPNAME {bind_op add} VISIBLE true} {BINDTYPE op ID {} IMPL onehotencoding_realdef LATENCY 0 OPTYPE sparsemux PRAGMA {} RTLNAME sparsemux_7_2_8_1_1_U5 SOURCE ../Sobel.cpp:31 VARIABLE tmp LOOP VITIS_LOOP_21_1_VITIS_LOOP_22_2 BUNDLEDNAME {} DSP 0 BRAM 0 URAM 0 STORAGESUBTYPE {} DISPNAME {bind_op sparsemux} VISIBLE false} {BINDTYPE op ID {} IMPL auto LATENCY 0 OPTYPE setne PRAGMA {} RTLNAME icmp_ln35_fu_646_p2 SOURCE ../Sobel.cpp:35 VARIABLE icmp_ln35 LOOP VITIS_LOOP_21_1_VITIS_LOOP_22_2 BUNDLEDNAME {} DSP 0 BRAM 0 URAM 0 STORAGESUBTYPE {} DISPNAME {bind_op setne} VISIBLE false} {BINDTYPE op ID {} IMPL auto LATENCY 0 OPTYPE and PRAGMA {} RTLNAME and_ln35_fu_652_p2 SOURCE ../Sobel.cpp:35 VARIABLE and_ln35 LOOP VITIS_LOOP_21_1_VITIS_LOOP_22_2 BUNDLEDNAME {} DSP 0 BRAM 0 URAM 0 STORAGESUBTYPE {} DISPNAME {bind_op and} VISIBLE false} {BINDTYPE op ID {} IMPL fabric LATENCY 0 OPTYPE add PRAGMA {} RTLNAME add_ln41_fu_732_p2 SOURCE ../Sobel.cpp:41 VARIABLE add_ln41 LOOP VITIS_LOOP_21_1_VITIS_LOOP_22_2 BUNDLEDNAME {} DSP 0 BRAM 0 URAM 0 STORAGESUBTYPE {} DISPNAME {bind_op add} VISIBLE true} {BINDTYPE op ID {} IMPL auto LATENCY 0 OPTYPE mul PRAGMA {} RTLNAME mul_8ns_10ns_17_1_1_U4 SOURCE ../Sobel.cpp:41 VARIABLE mul_ln41 LOOP VITIS_LOOP_21_1_VITIS_LOOP_22_2 BUNDLEDNAME {} DSP 0 BRAM 0 URAM 0 STORAGESUBTYPE {} DISPNAME {bind_op mul} VISIBLE true} {BINDTYPE op ID {} IMPL onehotencoding_realdef LATENCY 0 OPTYPE sparsemux PRAGMA {} RTLNAME sparsemux_7_2_8_1_1_U6 SOURCE ../Sobel.cpp:41 VARIABLE px LOOP VITIS_LOOP_21_1_VITIS_LOOP_22_2 BUNDLEDNAME {} DSP 0 BRAM 0 URAM 0 STORAGESUBTYPE {} DISPNAME {bind_op sparsemux} VISIBLE false} {BINDTYPE op ID {} IMPL fabric LATENCY 0 OPTYPE add PRAGMA {} RTLNAME add_ln41_1_fu_737_p2 SOURCE ../Sobel.cpp:41 VARIABLE add_ln41_1 LOOP VITIS_LOOP_21_1_VITIS_LOOP_22_2 BUNDLEDNAME {} DSP 0 BRAM 0 URAM 0 STORAGESUBTYPE {} DISPNAME {bind_op add} VISIBLE true} {BINDTYPE op ID {} IMPL auto LATENCY 0 OPTYPE mul PRAGMA {} RTLNAME mul_8ns_10ns_17_1_1_U3 SOURCE ../Sobel.cpp:41 VARIABLE mul_ln41_1 LOOP VITIS_LOOP_21_1_VITIS_LOOP_22_2 BUNDLEDNAME {} DSP 0 BRAM 0 URAM 0 STORAGESUBTYPE {} DISPNAME {bind_op mul} VISIBLE true} {BINDTYPE op ID {} IMPL onehotencoding_realdef LATENCY 0 OPTYPE sparsemux PRAGMA {} RTLNAME sparsemux_7_2_8_1_1_U7 SOURCE ../Sobel.cpp:41 VARIABLE px_1 LOOP VITIS_LOOP_21_1_VITIS_LOOP_22_2 BUNDLEDNAME {} DSP 0 BRAM 0 URAM 0 STORAGESUBTYPE {} DISPNAME {bind_op sparsemux} VISIBLE false} {BINDTYPE op ID {} IMPL fabric LATENCY 0 OPTYPE sub PRAGMA {} RTLNAME sub_ln43_fu_894_p2 SOURCE ../Sobel.cpp:43 VARIABLE sub_ln43 LOOP VITIS_LOOP_21_1_VITIS_LOOP_22_2 BUNDLEDNAME {} DSP 0 BRAM 0 URAM 0 STORAGESUBTYPE {} DISPNAME {bind_op sub} VISIBLE true} {BINDTYPE op ID {} IMPL fabric LATENCY 0 OPTYPE sub PRAGMA {} RTLNAME gy_fu_904_p2 SOURCE ../Sobel.cpp:43 VARIABLE gy LOOP VITIS_LOOP_21_1_VITIS_LOOP_22_2 BUNDLEDNAME {} DSP 0 BRAM 0 URAM 0 STORAGESUBTYPE {} DISPNAME {bind_op sub} VISIBLE true} {BINDTYPE op ID {} IMPL onehotencoding_realdef LATENCY 0 OPTYPE sparsemux PRAGMA {} RTLNAME sparsemux_7_2_8_1_1_U8 SOURCE ../Sobel.cpp:41 VARIABLE px_2 LOOP VITIS_LOOP_21_1_VITIS_LOOP_22_2 BUNDLEDNAME {} DSP 0 BRAM 0 URAM 0 STORAGESUBTYPE {} DISPNAME {bind_op sparsemux} VISIBLE false} {BINDTYPE op ID {} IMPL fabric LATENCY 0 OPTYPE sub PRAGMA {} RTLNAME gy_1_fu_930_p2 SOURCE ../Sobel.cpp:43 VARIABLE gy_1 LOOP VITIS_LOOP_21_1_VITIS_LOOP_22_2 BUNDLEDNAME {} DSP 0 BRAM 0 URAM 0 STORAGESUBTYPE {} DISPNAME {bind_op sub} VISIBLE true} {BINDTYPE op ID {} IMPL auto_sel LATENCY 0 OPTYPE select PRAGMA {} RTLNAME gy_2_fu_936_p3 SOURCE ../Sobel.cpp:27 VARIABLE gy_2 LOOP VITIS_LOOP_21_1_VITIS_LOOP_22_2 BUNDLEDNAME {} DSP 0 BRAM 0 URAM 0 STORAGESUBTYPE {} DISPNAME {bind_op select} VISIBLE false} {BINDTYPE op ID {} IMPL auto_sel LATENCY 0 OPTYPE select PRAGMA {} RTLNAME conv_2218_pn_fu_943_p3 SOURCE ../Sobel.cpp:27 VARIABLE conv_2218_pn LOOP VITIS_LOOP_21_1_VITIS_LOOP_22_2 BUNDLEDNAME {} DSP 0 BRAM 0 URAM 0 STORAGESUBTYPE {} DISPNAME {bind_op select} VISIBLE false} {BINDTYPE op ID {} IMPL fabric LATENCY 0 OPTYPE sub PRAGMA {} RTLNAME gx_fu_954_p2 SOURCE ../Sobel.cpp:36 VARIABLE gx LOOP VITIS_LOOP_21_1_VITIS_LOOP_22_2 BUNDLEDNAME {} DSP 0 BRAM 0 URAM 0 STORAGESUBTYPE {} DISPNAME {bind_op sub} VISIBLE true} {BINDTYPE op ID {} IMPL fabric LATENCY 0 OPTYPE sub PRAGMA {} RTLNAME sub_ln42_fu_975_p2 SOURCE ../Sobel.cpp:42 VARIABLE sub_ln42 LOOP VITIS_LOOP_21_1_VITIS_LOOP_22_2 BUNDLEDNAME {} DSP 0 BRAM 0 URAM 0 STORAGESUBTYPE {} DISPNAME {bind_op sub} VISIBLE true} {BINDTYPE op ID {} IMPL fabric LATENCY 0 OPTYPE add PRAGMA {} RTLNAME gx_1_fu_985_p2 SOURCE ../Sobel.cpp:42 VARIABLE gx_1 LOOP VITIS_LOOP_21_1_VITIS_LOOP_22_2 BUNDLEDNAME {} DSP 0 BRAM 0 URAM 0 STORAGESUBTYPE {} DISPNAME {bind_op add} VISIBLE true} {BINDTYPE op ID {} IMPL fabric LATENCY 0 OPTYPE add PRAGMA {} RTLNAME gx_2_fu_1003_p2 SOURCE ../Sobel.cpp:42 VARIABLE gx_2 LOOP VITIS_LOOP_21_1_VITIS_LOOP_22_2 BUNDLEDNAME {} DSP 0 BRAM 0 URAM 0 STORAGESUBTYPE {} DISPNAME {bind_op add} VISIBLE true} {BINDTYPE op ID {} IMPL auto_sel LATENCY 0 OPTYPE select PRAGMA {} RTLNAME gx_3_fu_1009_p3 SOURCE ../Sobel.cpp:27 VARIABLE gx_3 LOOP VITIS_LOOP_21_1_VITIS_LOOP_22_2 BUNDLEDNAME {} DSP 0 BRAM 0 URAM 0 STORAGESUBTYPE {} DISPNAME {bind_op select} VISIBLE false} {BINDTYPE op ID {} IMPL onehotencoding_realdef LATENCY 0 OPTYPE sparsemux PRAGMA {} RTLNAME sparsemux_7_2_8_1_1_U9 SOURCE ../Sobel.cpp:41 VARIABLE px_5 LOOP VITIS_LOOP_21_1_VITIS_LOOP_22_2 BUNDLEDNAME {} DSP 0 BRAM 0 URAM 0 STORAGESUBTYPE {} DISPNAME {bind_op sparsemux} VISIBLE false} {BINDTYPE op ID {} IMPL fabric LATENCY 0 OPTYPE sub PRAGMA {} RTLNAME gx_4_fu_1043_p2 SOURCE ../Sobel.cpp:42 VARIABLE gx_4 LOOP VITIS_LOOP_21_1_VITIS_LOOP_22_2 BUNDLEDNAME {} DSP 0 BRAM 0 URAM 0 STORAGESUBTYPE {} DISPNAME {bind_op sub} VISIBLE true} {BINDTYPE op ID {} IMPL onehotencoding_realdef LATENCY 0 OPTYPE sparsemux PRAGMA {} RTLNAME sparsemux_7_2_8_1_1_U10 SOURCE ../Sobel.cpp:41 VARIABLE px_6 LOOP VITIS_LOOP_21_1_VITIS_LOOP_22_2 BUNDLEDNAME {} DSP 0 BRAM 0 URAM 0 STORAGESUBTYPE {} DISPNAME {bind_op sparsemux} VISIBLE false} {BINDTYPE op ID {} IMPL fabric LATENCY 0 OPTYPE add PRAGMA {} RTLNAME add_ln43_fu_1080_p2 SOURCE ../Sobel.cpp:43 VARIABLE add_ln43 LOOP VITIS_LOOP_21_1_VITIS_LOOP_22_2 BUNDLEDNAME {} DSP 0 BRAM 0 URAM 0 STORAGESUBTYPE {} DISPNAME {bind_op add} VISIBLE true} {BINDTYPE op ID {} IMPL fabric LATENCY 0 OPTYPE add PRAGMA {} RTLNAME gy_3_fu_1090_p2 SOURCE ../Sobel.cpp:43 VARIABLE gy_3 LOOP VITIS_LOOP_21_1_VITIS_LOOP_22_2 BUNDLEDNAME {} DSP 0 BRAM 0 URAM 0 STORAGESUBTYPE {} DISPNAME {bind_op add} VISIBLE true} {BINDTYPE op ID {} IMPL onehotencoding_realdef LATENCY 0 OPTYPE sparsemux PRAGMA {} RTLNAME sparsemux_7_2_8_1_1_U11 SOURCE ../Sobel.cpp:41 VARIABLE px_7 LOOP VITIS_LOOP_21_1_VITIS_LOOP_22_2 BUNDLEDNAME {} DSP 0 BRAM 0 URAM 0 STORAGESUBTYPE {} DISPNAME {bind_op sparsemux} VISIBLE false} {BINDTYPE op ID {} IMPL fabric LATENCY 0 OPTYPE add PRAGMA {} RTLNAME gx_5_fu_1119_p2 SOURCE ../Sobel.cpp:42 VARIABLE gx_5 LOOP VITIS_LOOP_21_1_VITIS_LOOP_22_2 BUNDLEDNAME {} DSP 0 BRAM 0 URAM 0 STORAGESUBTYPE {} DISPNAME {bind_op add} VISIBLE true} {BINDTYPE op ID {} IMPL fabric LATENCY 0 OPTYPE add PRAGMA {} RTLNAME gy_4_fu_1124_p2 SOURCE ../Sobel.cpp:43 VARIABLE gy_4 LOOP VITIS_LOOP_21_1_VITIS_LOOP_22_2 BUNDLEDNAME {} DSP 0 BRAM 0 URAM 0 STORAGESUBTYPE {} DISPNAME {bind_op add} VISIBLE true} {BINDTYPE op ID {} IMPL auto_sel LATENCY 0 OPTYPE select PRAGMA {} RTLNAME gy_5_fu_1129_p3 SOURCE ../Sobel.cpp:27 VARIABLE gy_5 LOOP VITIS_LOOP_21_1_VITIS_LOOP_22_2 BUNDLEDNAME {} DSP 0 BRAM 0 URAM 0 STORAGESUBTYPE {} DISPNAME {bind_op select} VISIBLE false} {BINDTYPE op ID {} IMPL auto_sel LATENCY 0 OPTYPE select PRAGMA {} RTLNAME gx_6_fu_1139_p3 SOURCE ../Sobel.cpp:27 VARIABLE gx_6 LOOP VITIS_LOOP_21_1_VITIS_LOOP_22_2 BUNDLEDNAME {} DSP 0 BRAM 0 URAM 0 STORAGESUBTYPE {} DISPNAME {bind_op select} VISIBLE false} {BINDTYPE op ID {} IMPL fabric LATENCY 0 OPTYPE sub PRAGMA {} RTLNAME neg_fu_1149_p2 SOURCE ../Sobel.cpp:36 VARIABLE neg LOOP VITIS_LOOP_21_1_VITIS_LOOP_22_2 BUNDLEDNAME {} DSP 0 BRAM 0 URAM 0 STORAGESUBTYPE {} DISPNAME {bind_op sub} VISIBLE true} {BINDTYPE op ID {} IMPL auto LATENCY 0 OPTYPE setgt PRAGMA {} RTLNAME abscond_fu_1155_p2 SOURCE ../Sobel.cpp:27 VARIABLE abscond LOOP VITIS_LOOP_21_1_VITIS_LOOP_22_2 BUNDLEDNAME {} DSP 0 BRAM 0 URAM 0 STORAGESUBTYPE {} DISPNAME {bind_op setgt} VISIBLE false} {BINDTYPE op ID {} IMPL auto_sel LATENCY 0 OPTYPE select PRAGMA {} RTLNAME abs_fu_1161_p3 SOURCE ../Sobel.cpp:27 VARIABLE abs LOOP VITIS_LOOP_21_1_VITIS_LOOP_22_2 BUNDLEDNAME {} DSP 0 BRAM 0 URAM 0 STORAGESUBTYPE {} DISPNAME {bind_op select} VISIBLE false} {BINDTYPE op ID {} IMPL fabric LATENCY 0 OPTYPE sub PRAGMA {} RTLNAME neg1_fu_1177_p2 SOURCE ../Sobel.cpp:36 VARIABLE neg1 LOOP VITIS_LOOP_21_1_VITIS_LOOP_22_2 BUNDLEDNAME {} DSP 0 BRAM 0 URAM 0 STORAGESUBTYPE {} DISPNAME {bind_op sub} VISIBLE true} {BINDTYPE op ID {} IMPL auto LATENCY 0 OPTYPE setgt PRAGMA {} RTLNAME abscond2_fu_1183_p2 SOURCE ../Sobel.cpp:27 VARIABLE abscond2 LOOP VITIS_LOOP_21_1_VITIS_LOOP_22_2 BUNDLEDNAME {} DSP 0 BRAM 0 URAM 0 STORAGESUBTYPE {} DISPNAME {bind_op setgt} VISIBLE false} {BINDTYPE op ID {} IMPL auto_sel LATENCY 0 OPTYPE select PRAGMA {} RTLNAME abs3_fu_1189_p3 SOURCE ../Sobel.cpp:27 VARIABLE abs3 LOOP VITIS_LOOP_21_1_VITIS_LOOP_22_2 BUNDLEDNAME {} DSP 0 BRAM 0 URAM 0 STORAGESUBTYPE {} DISPNAME {bind_op select} VISIBLE false} {BINDTYPE op ID {} IMPL fabric LATENCY 0 OPTYPE add PRAGMA {} RTLNAME add_ln52_fu_1205_p2 SOURCE ../Sobel.cpp:52 VARIABLE add_ln52 LOOP VITIS_LOOP_21_1_VITIS_LOOP_22_2 BUNDLEDNAME {} DSP 0 BRAM 0 URAM 0 STORAGESUBTYPE {} DISPNAME {bind_op add} VISIBLE true} {BINDTYPE op ID {} IMPL fabric LATENCY 0 OPTYPE add PRAGMA {} RTLNAME mag_fu_1211_p2 SOURCE ../Sobel.cpp:49 VARIABLE mag LOOP VITIS_LOOP_21_1_VITIS_LOOP_22_2 BUNDLEDNAME {} DSP 0 BRAM 0 URAM 0 STORAGESUBTYPE {} DISPNAME {bind_op add} VISIBLE true} {BINDTYPE op ID {} IMPL auto LATENCY 0 OPTYPE setne PRAGMA {} RTLNAME icmp_ln50_fu_1227_p2 SOURCE ../Sobel.cpp:50 VARIABLE icmp_ln50 LOOP VITIS_LOOP_21_1_VITIS_LOOP_22_2 BUNDLEDNAME {} DSP 0 BRAM 0 URAM 0 STORAGESUBTYPE {} DISPNAME {bind_op setne} VISIBLE false} {BINDTYPE op ID {} IMPL auto_sel LATENCY 0 OPTYPE select PRAGMA {} RTLNAME out_stream_TDATA_int_regslice SOURCE ../Sobel.cpp:52 VARIABLE pix_out_data LOOP VITIS_LOOP_21_1_VITIS_LOOP_22_2 BUNDLEDNAME {} DSP 0 BRAM 0 URAM 0 STORAGESUBTYPE {} DISPNAME {bind_op select} VISIBLE false} {BINDTYPE op ID {} IMPL auto LATENCY 0 OPTYPE seteq PRAGMA {} RTLNAME pix_out_last_fu_762_p2 SOURCE ../Sobel.cpp:56 VARIABLE pix_out_last LOOP VITIS_LOOP_21_1_VITIS_LOOP_22_2 BUNDLEDNAME {} DSP 0 BRAM 0 URAM 0 STORAGESUBTYPE {} DISPNAME {bind_op seteq} VISIBLE false} {BINDTYPE op ID {} IMPL fabric LATENCY 0 OPTYPE add PRAGMA {} RTLNAME col_fu_658_p2 SOURCE ../Sobel.cpp:22 VARIABLE col LOOP VITIS_LOOP_21_1_VITIS_LOOP_22_2 BUNDLEDNAME {} DSP 0 BRAM 0 URAM 0 STORAGESUBTYPE {} DISPNAME {bind_op add} VISIBLE true} {BINDTYPE op ID {} IMPL auto LATENCY 0 OPTYPE seteq PRAGMA {} RTLNAME icmp_ln22_fu_664_p2 SOURCE ../Sobel.cpp:22 VARIABLE icmp_ln22 LOOP VITIS_LOOP_21_1_VITIS_LOOP_22_2 BUNDLEDNAME {} DSP 0 BRAM 0 URAM 0 STORAGESUBTYPE {} DISPNAME {bind_op seteq} VISIBLE false} {BINDTYPE op ID {} IMPL fabric LATENCY 0 OPTYPE add PRAGMA {} RTLNAME row_fu_670_p2 SOURCE ../Sobel.cpp:21 VARIABLE row LOOP VITIS_LOOP_21_1_VITIS_LOOP_22_2 BUNDLEDNAME {} DSP 0 BRAM 0 URAM 0 STORAGESUBTYPE {} DISPNAME {bind_op add} VISIBLE true} {BINDTYPE op ID {} IMPL auto LATENCY 0 OPTYPE seteq PRAGMA {} RTLNAME icmp_ln21_fu_676_p2 SOURCE ../Sobel.cpp:21 VARIABLE icmp_ln21 LOOP VITIS_LOOP_21_1_VITIS_LOOP_22_2 BUNDLEDNAME {} DSP 0 BRAM 0 URAM 0 STORAGESUBTYPE {} DISPNAME {bind_op seteq} VISIBLE false}} AREA {DSP 1 BRAM 3 URAM 0}}}}'
INFO-FLOW: DBG:PUTS:      update_csynth_reports json2rpt_hw_sw_interfaces
INFO-FLOW: Running: gen_csynth_sec_pragma
INFO-FLOW: DBG:PRAGMA:  Found gen_csynth_sec_pragma data problems (1):
INFO-FLOW: DBG:PRAGMA:      Found duplicate AUTOMATION_VERBOSE_* messages with location ../Sobel.cpp:18:0: msg_groups AUTOMATION_VERBOSE_PASSED msg_id 214-335 msg_severity INFO msg_loc ../Sobel.cpp:18:16 msg_body {array_partition dim=1 type=cyclic factor=3 variable=line_buffer_2 1 sobel ../Sobel.cpp:18:16 ../Sobel.cpp:23:9line_buffer_2}
INFO-FLOW: Done: gen_csynth_sec_pragma time: 0 seconds per iteration
INFO-FLOW: DBG:PUTS:      update_csynth_reports wrote xml
INFO-FLOW: DBG:PUTS:      update_csynth_reports appended to csynth rpt file
INFO: [HLS 200-111] Finished Updating report files: CPU user time: 0 seconds. CPU system time: 1 seconds. Elapsed time: 0.977 seconds; current allocated memory: 209.309 MB.
INFO: [VHDL 208-304] Generating VHDL RTL for sobel.
INFO: [VLOG 209-307] Generating Verilog RTL for sobel.
Execute       syn_report -model sobel -printsummary 
INFO: [HLS 200-790] **** Loop Constraint Status: All loop constraints were satisfied.
INFO: [HLS 200-789] **** Estimated Fmax: 117.48 MHz
Command     autosyn done; 5.679 sec.
Command   csynth_design done; 25.833 sec.
Execute   close_project 
Execute     close_solution 
Execute       cleanup_all 
Execute       cleanup_all 
