

================================================================
== Vitis HLS Report for 'sobel'
================================================================
* Date:           Thu May  1 02:11:10 2025

* Version:        2024.2 (Build 5238294 on Nov  8 2024)
* Project:        sobel
* Solution:       hls (Vivado IP Flow Target)
* Product family: zynq
* Target device:  xc7z020-clg400-1


================================================================
== Performance Estimates
================================================================
+ Timing: 
    * Summary: 
    +--------+----------+----------+------------+
    |  Clock |  Target  | Estimated| Uncertainty|
    +--------+----------+----------+------------+
    |ap_clk  |  10.00 ns|  8.512 ns|     1.25 ns|
    +--------+----------+----------+------------+

+ Latency: 
    * Summary: 
    +---------+---------+----------+----------+-------+-------+------------------------------------------------+
    |  Latency (cycles) |  Latency (absolute) |    Interval   |                    Pipeline                    |
    |   min   |   max   |    min   |    max   |  min  |  max  |                      Type                      |
    +---------+---------+----------+----------+-------+-------+------------------------------------------------+
    |    66069|    66069|  0.661 ms|  0.661 ms|  66049|  66049|  loop auto-rewind stp (delay=0 clock cycles(s))|
    +---------+---------+----------+----------+-------+-------+------------------------------------------------+

    + Detail: 
        * Instance: 
        N/A

        * Loop: 
        +-----------------------------------+---------+---------+----------+-----------+-----------+-------+----------+
        |                                   |  Latency (cycles) | Iteration|  Initiation Interval  |  Trip |          |
        |             Loop Name             |   min   |   max   |  Latency |  achieved |   target  | Count | Pipelined|
        +-----------------------------------+---------+---------+----------+-----------+-----------+-------+----------+
        |- VITIS_LOOP_21_1_VITIS_LOOP_22_2  |    66067|    66067|        20|          1|          1|  66049|       yes|
        +-----------------------------------+---------+---------+----------+-----------+-----------+-------+----------+

============================================================
+ Verbose Summary: Synthesis Manager
============================================================
InlineROM: 1
ExposeGlobal: 0
============================================================
+ Verbose Summary: CDFG Model
============================================================
IsTopModel: 1
ResetActiveHigh: 1
IsCombinational: 0
IsDatapathOnly: 0
HasWiredReturn: 1
HasMFsm: 2
HasVarLatency: 1
IsPipeline: 0
IsRtlPipelined: 0
IsInstanceOverlapped: 0
IsDontTouch: 0
HasImplIP: 0
IsGatedGlobalClock: 0

+ Individual pipeline summary: 
  * Pipeline-0: initiation interval (II) = 1, depth = 20


============================================================
+ Verbose Summary: Schedule
============================================================
* Number of FSM states : 20
* Pipeline : 1
  Pipeline-0 : II = 1, D = 20, States = { 1 2 3 4 5 6 7 8 9 10 11 12 13 14 15 16 17 18 19 20 }
* Dataflow Pipeline: 0

* FSM state transitions: 
1 --> 2 
2 --> 3 
3 --> 4 
4 --> 5 
5 --> 6 
6 --> 7 
7 --> 8 
8 --> 9 
9 --> 10 
10 --> 11 
11 --> 12 
12 --> 13 
13 --> 14 
14 --> 15 
15 --> 16 
16 --> 17 
17 --> 18 
18 --> 19 
19 --> 20 
20 --> 

* FSM state operations: 

State 1 <SV = 0> <Delay = 6.50>
ST_1 : Operation 23 [1/1] (0.00ns)   --->   "%indvar_flatten7 = alloca i32 1"   --->   Operation 23 'alloca' 'indvar_flatten7' <Predicate = true> <Delay = 0.00>
ST_1 : Operation 24 [1/1] (0.00ns)   --->   "%row8 = alloca i32 1"   --->   Operation 24 'alloca' 'row8' <Predicate = true> <Delay = 0.00>
ST_1 : Operation 25 [1/1] (0.00ns)   --->   "%col9 = alloca i32 1"   --->   Operation 25 'alloca' 'col9' <Predicate = true> <Delay = 0.00>
ST_1 : Operation 26 [1/1] (0.00ns)   --->   "%row_111 = alloca i32 1"   --->   Operation 26 'alloca' 'row_111' <Predicate = true> <Delay = 0.00>
ST_1 : Operation 27 [1/1] (0.00ns)   --->   "%spectopmodule_ln10 = spectopmodule void @_ssdm_op_SpecTopModule, void @empty_4" [../Sobel.cpp:10]   --->   Operation 27 'spectopmodule' 'spectopmodule_ln10' <Predicate = true> <Delay = 0.00>
ST_1 : Operation 28 [1/1] (0.00ns)   --->   "%specinterface_ln10 = specinterface void @_ssdm_op_SpecInterface, i32 0, void @empty_5, i32 0, i32 0, void @empty_1, i32 0, i32 0, void @empty_1, void @empty_1, void @empty_1, i32 0, i32 0, i32 0, i32 0, void @empty_1, void @empty_1, i32 4294967295, i32 0, i32 0" [../Sobel.cpp:10]   --->   Operation 28 'specinterface' 'specinterface_ln10' <Predicate = true> <Delay = 0.00>
ST_1 : Operation 29 [1/1] (0.00ns)   --->   "%specinterface_ln0 = specinterface void @_ssdm_op_SpecInterface, i8 %in_stream_V_data_V, i1 %in_stream_V_keep_V, i1 %in_stream_V_strb_V, i1 %in_stream_V_user_V, i1 %in_stream_V_last_V, i1 %in_stream_V_id_V, i1 %in_stream_V_dest_V, void @empty, i32 1, i32 1, void @empty_0, i32 0, i32 0, void @empty_1, void @empty_1, void @empty_1, i32 0, i32 0, i32 0, i32 0, void @empty_1, void @empty_1, i32 4294967295, i32 0, i32 0"   --->   Operation 29 'specinterface' 'specinterface_ln0' <Predicate = true> <Delay = 0.00>
ST_1 : Operation 30 [1/1] (0.00ns)   --->   "%specbitsmap_ln0 = specbitsmap void @_ssdm_op_SpecBitsMap, i8 %in_stream_V_data_V"   --->   Operation 30 'specbitsmap' 'specbitsmap_ln0' <Predicate = true> <Delay = 0.00>
ST_1 : Operation 31 [1/1] (0.00ns)   --->   "%specbitsmap_ln0 = specbitsmap void @_ssdm_op_SpecBitsMap, i1 %in_stream_V_keep_V"   --->   Operation 31 'specbitsmap' 'specbitsmap_ln0' <Predicate = true> <Delay = 0.00>
ST_1 : Operation 32 [1/1] (0.00ns)   --->   "%specbitsmap_ln0 = specbitsmap void @_ssdm_op_SpecBitsMap, i1 %in_stream_V_strb_V"   --->   Operation 32 'specbitsmap' 'specbitsmap_ln0' <Predicate = true> <Delay = 0.00>
ST_1 : Operation 33 [1/1] (0.00ns)   --->   "%specbitsmap_ln0 = specbitsmap void @_ssdm_op_SpecBitsMap, i1 %in_stream_V_user_V"   --->   Operation 33 'specbitsmap' 'specbitsmap_ln0' <Predicate = true> <Delay = 0.00>
ST_1 : Operation 34 [1/1] (0.00ns)   --->   "%specbitsmap_ln0 = specbitsmap void @_ssdm_op_SpecBitsMap, i1 %in_stream_V_last_V"   --->   Operation 34 'specbitsmap' 'specbitsmap_ln0' <Predicate = true> <Delay = 0.00>
ST_1 : Operation 35 [1/1] (0.00ns)   --->   "%specbitsmap_ln0 = specbitsmap void @_ssdm_op_SpecBitsMap, i1 %in_stream_V_id_V"   --->   Operation 35 'specbitsmap' 'specbitsmap_ln0' <Predicate = true> <Delay = 0.00>
ST_1 : Operation 36 [1/1] (0.00ns)   --->   "%specbitsmap_ln0 = specbitsmap void @_ssdm_op_SpecBitsMap, i1 %in_stream_V_dest_V"   --->   Operation 36 'specbitsmap' 'specbitsmap_ln0' <Predicate = true> <Delay = 0.00>
ST_1 : Operation 37 [1/1] (0.00ns)   --->   "%specinterface_ln0 = specinterface void @_ssdm_op_SpecInterface, i8 %out_stream_V_data_V, i1 %out_stream_V_keep_V, i1 %out_stream_V_strb_V, i1 %out_stream_V_user_V, i1 %out_stream_V_last_V, i1 %out_stream_V_id_V, i1 %out_stream_V_dest_V, void @empty, i32 1, i32 1, void @empty_0, i32 0, i32 0, void @empty_1, void @empty_1, void @empty_1, i32 0, i32 0, i32 0, i32 0, void @empty_1, void @empty_1, i32 4294967295, i32 0, i32 0"   --->   Operation 37 'specinterface' 'specinterface_ln0' <Predicate = true> <Delay = 0.00>
ST_1 : Operation 38 [1/1] (0.00ns)   --->   "%specbitsmap_ln0 = specbitsmap void @_ssdm_op_SpecBitsMap, i8 %out_stream_V_data_V"   --->   Operation 38 'specbitsmap' 'specbitsmap_ln0' <Predicate = true> <Delay = 0.00>
ST_1 : Operation 39 [1/1] (0.00ns)   --->   "%specbitsmap_ln0 = specbitsmap void @_ssdm_op_SpecBitsMap, i1 %out_stream_V_keep_V"   --->   Operation 39 'specbitsmap' 'specbitsmap_ln0' <Predicate = true> <Delay = 0.00>
ST_1 : Operation 40 [1/1] (0.00ns)   --->   "%specbitsmap_ln0 = specbitsmap void @_ssdm_op_SpecBitsMap, i1 %out_stream_V_strb_V"   --->   Operation 40 'specbitsmap' 'specbitsmap_ln0' <Predicate = true> <Delay = 0.00>
ST_1 : Operation 41 [1/1] (0.00ns)   --->   "%specbitsmap_ln0 = specbitsmap void @_ssdm_op_SpecBitsMap, i1 %out_stream_V_user_V"   --->   Operation 41 'specbitsmap' 'specbitsmap_ln0' <Predicate = true> <Delay = 0.00>
ST_1 : Operation 42 [1/1] (0.00ns)   --->   "%specbitsmap_ln0 = specbitsmap void @_ssdm_op_SpecBitsMap, i1 %out_stream_V_last_V"   --->   Operation 42 'specbitsmap' 'specbitsmap_ln0' <Predicate = true> <Delay = 0.00>
ST_1 : Operation 43 [1/1] (0.00ns)   --->   "%specbitsmap_ln0 = specbitsmap void @_ssdm_op_SpecBitsMap, i1 %out_stream_V_id_V"   --->   Operation 43 'specbitsmap' 'specbitsmap_ln0' <Predicate = true> <Delay = 0.00>
ST_1 : Operation 44 [1/1] (0.00ns)   --->   "%specbitsmap_ln0 = specbitsmap void @_ssdm_op_SpecBitsMap, i1 %out_stream_V_dest_V"   --->   Operation 44 'specbitsmap' 'specbitsmap_ln0' <Predicate = true> <Delay = 0.00>
ST_1 : Operation 45 [1/1] (2.32ns)   --->   "%line_buffer = alloca i64 1" [../Sobel.cpp:18]   --->   Operation 45 'alloca' 'line_buffer' <Predicate = true> <Delay = 2.32> <CoreInst = "RAM_1WnR">   --->   Core 82 'RAM_1WnR' <Latency = 1> <II = 1> <Delay = 2.32> <Storage> <Opcode : 'load' 'store'> <Ports = 17> <Width = 8> <Depth = 86> <RAM>
ST_1 : Operation 46 [1/1] (2.32ns)   --->   "%line_buffer_1_17 = alloca i64 1" [../Sobel.cpp:18]   --->   Operation 46 'alloca' 'line_buffer_1_17' <Predicate = true> <Delay = 2.32> <CoreInst = "RAM_1WnR">   --->   Core 82 'RAM_1WnR' <Latency = 1> <II = 1> <Delay = 2.32> <Storage> <Opcode : 'load' 'store'> <Ports = 17> <Width = 8> <Depth = 86> <RAM>
ST_1 : Operation 47 [1/1] (2.32ns)   --->   "%line_buffer_2 = alloca i64 1" [../Sobel.cpp:18]   --->   Operation 47 'alloca' 'line_buffer_2' <Predicate = true> <Delay = 2.32> <CoreInst = "RAM_1WnR">   --->   Core 82 'RAM_1WnR' <Latency = 1> <II = 1> <Delay = 2.32> <Storage> <Opcode : 'load' 'store'> <Ports = 17> <Width = 8> <Depth = 86> <RAM>
ST_1 : Operation 48 [1/1] (3.25ns)   --->   "%line_buffer_1 = alloca i64 1" [../Sobel.cpp:18]   --->   Operation 48 'alloca' 'line_buffer_1' <Predicate = true> <Delay = 3.25> <CoreInst = "RAM_1WnR">   --->   Core 82 'RAM_1WnR' <Latency = 1> <II = 1> <Delay = 3.25> <Storage> <Opcode : 'load' 'store'> <Ports = 17> <Width = 8> <Depth = 256> <RAM>
ST_1 : Operation 49 [1/1] (2.32ns)   --->   "%line_buffer_3 = alloca i64 1" [../Sobel.cpp:18]   --->   Operation 49 'alloca' 'line_buffer_3' <Predicate = true> <Delay = 2.32> <CoreInst = "RAM">   --->   Core 81 'RAM' <Latency = 1> <II = 1> <Delay = 2.32> <Storage> <Opcode : 'load' 'store'> <Ports = 2> <Width = 8> <Depth = 86> <RAM>
ST_1 : Operation 50 [1/1] (2.32ns)   --->   "%line_buffer_4 = alloca i64 1" [../Sobel.cpp:18]   --->   Operation 50 'alloca' 'line_buffer_4' <Predicate = true> <Delay = 2.32> <CoreInst = "RAM">   --->   Core 81 'RAM' <Latency = 1> <II = 1> <Delay = 2.32> <Storage> <Opcode : 'load' 'store'> <Ports = 2> <Width = 8> <Depth = 86> <RAM>
ST_1 : Operation 51 [1/1] (2.32ns)   --->   "%line_buffer_5 = alloca i64 1" [../Sobel.cpp:18]   --->   Operation 51 'alloca' 'line_buffer_5' <Predicate = true> <Delay = 2.32> <CoreInst = "RAM">   --->   Core 81 'RAM' <Latency = 1> <II = 1> <Delay = 2.32> <Storage> <Opcode : 'load' 'store'> <Ports = 2> <Width = 8> <Depth = 86> <RAM>
ST_1 : Operation 52 [1/1] (0.00ns)   --->   "%specaxissidechannel_ln21 = specaxissidechannel void @_ssdm_op_SpecAXISSideChannel, i8 %out_stream_V_data_V, i1 %out_stream_V_keep_V, i1 %out_stream_V_strb_V, i1 %out_stream_V_user_V, i1 %out_stream_V_last_V, i1 %out_stream_V_id_V, i1 %out_stream_V_dest_V, void @empty_2" [../Sobel.cpp:21]   --->   Operation 52 'specaxissidechannel' 'specaxissidechannel_ln21' <Predicate = true> <Delay = 0.00>
ST_1 : Operation 53 [1/1] (0.00ns)   --->   "%specaxissidechannel_ln21 = specaxissidechannel void @_ssdm_op_SpecAXISSideChannel, i8 %in_stream_V_data_V, i1 %in_stream_V_keep_V, i1 %in_stream_V_strb_V, i1 %in_stream_V_user_V, i1 %in_stream_V_last_V, i1 %in_stream_V_id_V, i1 %in_stream_V_dest_V, void @empty_3" [../Sobel.cpp:21]   --->   Operation 53 'specaxissidechannel' 'specaxissidechannel_ln21' <Predicate = true> <Delay = 0.00>
ST_1 : Operation 54 [1/1] (1.58ns)   --->   "%store_ln0 = store i9 1, i9 %row_111"   --->   Operation 54 'store' 'store_ln0' <Predicate = true> <Delay = 1.58>
ST_1 : Operation 55 [1/1] (1.58ns)   --->   "%store_ln0 = store i9 0, i9 %col9"   --->   Operation 55 'store' 'store_ln0' <Predicate = true> <Delay = 1.58>
ST_1 : Operation 56 [1/1] (1.58ns)   --->   "%store_ln0 = store i9 0, i9 %row8"   --->   Operation 56 'store' 'store_ln0' <Predicate = true> <Delay = 1.58>
ST_1 : Operation 57 [1/1] (1.58ns)   --->   "%store_ln0 = store i17 0, i17 %indvar_flatten7"   --->   Operation 57 'store' 'store_ln0' <Predicate = true> <Delay = 1.58>
ST_1 : Operation 58 [1/1] (1.58ns)   --->   "%br_ln0 = br void %for.inc74"   --->   Operation 58 'br' 'br_ln0' <Predicate = true> <Delay = 1.58>
ST_1 : Operation 59 [1/1] (0.00ns)   --->   "%icmp_ln2210 = phi i1 0, void %entry, i1 %icmp_ln22, void %for.inc71" [../Sobel.cpp:22]   --->   Operation 59 'phi' 'icmp_ln2210' <Predicate = true> <Delay = 0.00>
ST_1 : Operation 60 [1/1] (0.00ns)   --->   "%indvar_flatten7_load = load i17 %indvar_flatten7" [../Sobel.cpp:21]   --->   Operation 60 'load' 'indvar_flatten7_load' <Predicate = true> <Delay = 0.00>
ST_1 : Operation 61 [1/1] (0.00ns)   --->   "%row8_load = load i9 %row8" [../Sobel.cpp:21]   --->   Operation 61 'load' 'row8_load' <Predicate = true> <Delay = 0.00>
ST_1 : Operation 62 [1/1] (0.00ns)   --->   "%col9_load = load i9 %col9" [../Sobel.cpp:21]   --->   Operation 62 'load' 'col9_load' <Predicate = true> <Delay = 0.00>
ST_1 : Operation 63 [1/1] (0.00ns)   --->   "%row_111_load = load i9 %row_111" [../Sobel.cpp:21]   --->   Operation 63 'load' 'row_111_load' <Predicate = true> <Delay = 0.00>
ST_1 : Operation 64 [1/1] (0.96ns)   --->   "%select_ln21 = select i1 %icmp_ln2210, i9 0, i9 %col9_load" [../Sobel.cpp:21]   --->   Operation 64 'select' 'select_ln21' <Predicate = true> <Delay = 0.96> <CoreInst = "Sel">   --->   Core 73 'Sel' <Latency = 0> <II = 1> <Delay = 0.96> <FuncUnit> <Opcode : 'select'> <InPorts = 3> <OutPorts = 1>
ST_1 : Operation 65 [1/1] (0.96ns)   --->   "%row_2 = select i1 %icmp_ln2210, i9 %row_111_load, i9 %row8_load" [../Sobel.cpp:21]   --->   Operation 65 'select' 'row_2' <Predicate = true> <Delay = 0.96> <CoreInst = "Sel">   --->   Core 73 'Sel' <Latency = 0> <II = 1> <Delay = 0.96> <FuncUnit> <Opcode : 'select'> <InPorts = 3> <OutPorts = 1>
ST_1 : Operation 66 [1/1] (0.00ns)   --->   "%tmp_1 = partselect i8 @_ssdm_op_PartSelect.i8.i9.i32.i32, i9 %row_2, i32 1, i32 8" [../Sobel.cpp:21]   --->   Operation 66 'partselect' 'tmp_1' <Predicate = true> <Delay = 0.00>
ST_1 : Operation 67 [1/1] (1.91ns)   --->   "%icmp14 = icmp_ne  i8 %tmp_1, i8 0" [../Sobel.cpp:21]   --->   Operation 67 'icmp' 'icmp14' <Predicate = true> <Delay = 1.91> <CoreInst = "Cmp">   --->   Core 9 'Cmp' <Latency = 0> <II = 1> <Delay = 1.91> <FuncUnit> <Opcode : 'seteq' 'setne' 'setle' 'setge' 'setlt' 'setgt'> <InPorts = 2> <OutPorts = 1>
ST_1 : Operation 68 [1/1] (0.00ns)   --->   "%zext_ln22 = zext i9 %select_ln21" [../Sobel.cpp:22]   --->   Operation 68 'zext' 'zext_ln22' <Predicate = true> <Delay = 0.00>
ST_1 : Operation 69 [1/1] (0.00ns)   --->   "%trunc_ln22 = trunc i9 %select_ln21" [../Sobel.cpp:22]   --->   Operation 69 'trunc' 'trunc_ln22' <Predicate = true> <Delay = 0.00>
ST_1 : Operation 70 [13/13] (3.74ns)   --->   "%urem_ln22 = urem i9 %select_ln21, i9 3" [../Sobel.cpp:22]   --->   Operation 70 'urem' 'urem_ln22' <Predicate = true> <Delay = 3.74> <CoreInst = "Divider">   --->   Core 6 'Divider' <Latency = 12> <II = 1> <Delay = 3.74> <FuncUnit> <Opcode : 'udiv' 'sdiv' 'urem' 'srem'> <InPorts = 2> <OutPorts = 1>
ST_1 : Operation 71 [1/1] (0.00ns)   --->   "%tmp_3 = bitselect i1 @_ssdm_op_BitSelect.i1.i9.i32, i9 %select_ln21, i32 8" [../Sobel.cpp:27]   --->   Operation 71 'bitselect' 'tmp_3' <Predicate = true> <Delay = 0.00>
ST_1 : Operation 72 [1/1] (0.99ns)   --->   "%or_ln27 = or i9 %row_2, i9 %select_ln21" [../Sobel.cpp:27]   --->   Operation 72 'or' 'or_ln27' <Predicate = true> <Delay = 0.99> <CoreInst = "LogicGate">   --->   Core 74 'LogicGate' <Latency = 0> <II = 1> <Delay = 0.99> <FuncUnit> <Opcode : 'and' 'or' 'xor'> <InPorts = 2> <OutPorts = 1>
ST_1 : Operation 73 [1/1] (0.00ns)   --->   "%tmp_4 = bitselect i1 @_ssdm_op_BitSelect.i1.i9.i32, i9 %or_ln27, i32 8" [../Sobel.cpp:27]   --->   Operation 73 'bitselect' 'tmp_4' <Predicate = true> <Delay = 0.00>
ST_1 : Operation 74 [1/1] (2.10ns)   --->   "%add_ln21 = add i17 %indvar_flatten7_load, i17 1" [../Sobel.cpp:21]   --->   Operation 74 'add' 'add_ln21' <Predicate = true> <Delay = 2.10> <CoreInst = "Adder">   --->   Core 1 'Adder' <Latency = 0> <II = 1> <Delay = 2.10> <FuncUnit> <Opcode : 'add' 'sub'> <InPorts = 2> <OutPorts = 1>
ST_1 : Operation 75 [1/1] (0.00ns)   --->   "%br_ln27 = br i1 %tmp_4, void %if.then, void %if.end" [../Sobel.cpp:27]   --->   Operation 75 'br' 'br_ln27' <Predicate = true> <Delay = 0.00>
ST_1 : Operation 76 [1/1] (0.00ns)   --->   "%line_buffer_1_addr = getelementptr i8 %line_buffer_1, i64 0, i64 %zext_ln22" [../Sobel.cpp:30]   --->   Operation 76 'getelementptr' 'line_buffer_1_addr' <Predicate = (!tmp_4)> <Delay = 0.00>
ST_1 : Operation 77 [2/2] (3.25ns)   --->   "%line_buffer_1_load = load i8 %line_buffer_1_addr" [../Sobel.cpp:30]   --->   Operation 77 'load' 'line_buffer_1_load' <Predicate = (!tmp_4)> <Delay = 3.25> <CoreInst = "RAM_1WnR">   --->   Core 82 'RAM_1WnR' <Latency = 1> <II = 1> <Delay = 3.25> <Storage> <Opcode : 'load' 'store'> <Ports = 17> <Width = 8> <Depth = 256> <RAM>
ST_1 : Operation 78 [1/1] (0.00ns)   --->   "%br_ln33 = br void %if.end" [../Sobel.cpp:33]   --->   Operation 78 'br' 'br_ln33' <Predicate = (!tmp_4)> <Delay = 0.00>
ST_1 : Operation 79 [1/1] (0.00ns)   --->   "%tmp_5 = partselect i8 @_ssdm_op_PartSelect.i8.i9.i32.i32, i9 %select_ln21, i32 1, i32 8" [../Sobel.cpp:35]   --->   Operation 79 'partselect' 'tmp_5' <Predicate = true> <Delay = 0.00>
ST_1 : Operation 80 [1/1] (1.91ns)   --->   "%icmp_ln35 = icmp_ne  i8 %tmp_5, i8 0" [../Sobel.cpp:35]   --->   Operation 80 'icmp' 'icmp_ln35' <Predicate = true> <Delay = 1.91> <CoreInst = "Cmp">   --->   Core 9 'Cmp' <Latency = 0> <II = 1> <Delay = 1.91> <FuncUnit> <Opcode : 'seteq' 'setne' 'setle' 'setge' 'setlt' 'setgt'> <InPorts = 2> <OutPorts = 1>
ST_1 : Operation 81 [1/1] (0.97ns)   --->   "%and_ln35 = and i1 %icmp14, i1 %icmp_ln35" [../Sobel.cpp:35]   --->   Operation 81 'and' 'and_ln35' <Predicate = true> <Delay = 0.97> <CoreInst = "LogicGate">   --->   Core 74 'LogicGate' <Latency = 0> <II = 1> <Delay = 0.97> <FuncUnit> <Opcode : 'and' 'or' 'xor'> <InPorts = 2> <OutPorts = 1>
ST_1 : Operation 82 [1/1] (0.00ns)   --->   "%br_ln35 = br i1 %and_ln35, void %for.inc71, void %land.lhs.true33.2215_ifconv" [../Sobel.cpp:35]   --->   Operation 82 'br' 'br_ln35' <Predicate = true> <Delay = 0.00>
ST_1 : Operation 83 [1/1] (1.82ns)   --->   "%col = add i9 %select_ln21, i9 1" [../Sobel.cpp:22]   --->   Operation 83 'add' 'col' <Predicate = true> <Delay = 1.82> <CoreInst = "Adder">   --->   Core 1 'Adder' <Latency = 0> <II = 1> <Delay = 1.82> <FuncUnit> <Opcode : 'add' 'sub'> <InPorts = 2> <OutPorts = 1>
ST_1 : Operation 84 [1/1] (1.82ns)   --->   "%icmp_ln22 = icmp_eq  i9 %col, i9 257" [../Sobel.cpp:22]   --->   Operation 84 'icmp' 'icmp_ln22' <Predicate = true> <Delay = 1.82> <CoreInst = "Cmp">   --->   Core 9 'Cmp' <Latency = 0> <II = 1> <Delay = 1.82> <FuncUnit> <Opcode : 'seteq' 'setne' 'setle' 'setge' 'setlt' 'setgt'> <InPorts = 2> <OutPorts = 1>
ST_1 : Operation 85 [1/1] (1.82ns)   --->   "%row = add i9 %row_2, i9 1" [../Sobel.cpp:21]   --->   Operation 85 'add' 'row' <Predicate = true> <Delay = 1.82> <CoreInst = "Adder">   --->   Core 1 'Adder' <Latency = 0> <II = 1> <Delay = 1.82> <FuncUnit> <Opcode : 'add' 'sub'> <InPorts = 2> <OutPorts = 1>
ST_1 : Operation 86 [1/1] (2.10ns)   --->   "%icmp_ln21 = icmp_eq  i17 %indvar_flatten7_load, i17 66048" [../Sobel.cpp:21]   --->   Operation 86 'icmp' 'icmp_ln21' <Predicate = true> <Delay = 2.10> <CoreInst = "Cmp">   --->   Core 9 'Cmp' <Latency = 0> <II = 1> <Delay = 2.10> <FuncUnit> <Opcode : 'seteq' 'setne' 'setle' 'setge' 'setlt' 'setgt'> <InPorts = 2> <OutPorts = 1>
ST_1 : Operation 87 [1/1] (1.58ns)   --->   "%store_ln21 = store i9 %row, i9 %row_111" [../Sobel.cpp:21]   --->   Operation 87 'store' 'store_ln21' <Predicate = true> <Delay = 1.58>
ST_1 : Operation 88 [1/1] (1.58ns)   --->   "%store_ln22 = store i9 %col, i9 %col9" [../Sobel.cpp:22]   --->   Operation 88 'store' 'store_ln22' <Predicate = true> <Delay = 1.58>
ST_1 : Operation 89 [1/1] (1.58ns)   --->   "%store_ln21 = store i9 %row_2, i9 %row8" [../Sobel.cpp:21]   --->   Operation 89 'store' 'store_ln21' <Predicate = true> <Delay = 1.58>
ST_1 : Operation 90 [1/1] (1.58ns)   --->   "%store_ln21 = store i17 %add_ln21, i17 %indvar_flatten7" [../Sobel.cpp:21]   --->   Operation 90 'store' 'store_ln21' <Predicate = true> <Delay = 1.58>
ST_1 : Operation 91 [1/1] (0.00ns)   --->   "%br_ln21 = br i1 %icmp_ln21, void %for.inc74, void %for.end76" [../Sobel.cpp:21]   --->   Operation 91 'br' 'br_ln21' <Predicate = true> <Delay = 0.00>

State 2 <SV = 1> <Delay = 3.74>
ST_2 : Operation 92 [12/13] (3.74ns)   --->   "%urem_ln22 = urem i9 %select_ln21, i9 3" [../Sobel.cpp:22]   --->   Operation 92 'urem' 'urem_ln22' <Predicate = true> <Delay = 3.74> <CoreInst = "Divider">   --->   Core 6 'Divider' <Latency = 12> <II = 1> <Delay = 3.74> <FuncUnit> <Opcode : 'udiv' 'sdiv' 'urem' 'srem'> <InPorts = 2> <OutPorts = 1>
ST_2 : Operation 93 [1/2] ( I:3.25ns O:3.25ns )   --->   "%line_buffer_1_load = load i8 %line_buffer_1_addr" [../Sobel.cpp:30]   --->   Operation 93 'load' 'line_buffer_1_load' <Predicate = (!tmp_4)> <Delay = 3.25> <CoreInst = "RAM_1WnR">   --->   Core 82 'RAM_1WnR' <Latency = 1> <II = 1> <Delay = 3.25> <Storage> <Opcode : 'load' 'store'> <Ports = 17> <Width = 8> <Depth = 256> <RAM>

State 3 <SV = 2> <Delay = 3.74>
ST_3 : Operation 94 [11/13] (3.74ns)   --->   "%urem_ln22 = urem i9 %select_ln21, i9 3" [../Sobel.cpp:22]   --->   Operation 94 'urem' 'urem_ln22' <Predicate = true> <Delay = 3.74> <CoreInst = "Divider">   --->   Core 6 'Divider' <Latency = 12> <II = 1> <Delay = 3.74> <FuncUnit> <Opcode : 'udiv' 'sdiv' 'urem' 'srem'> <InPorts = 2> <OutPorts = 1>

State 4 <SV = 3> <Delay = 3.74>
ST_4 : Operation 95 [10/13] (3.74ns)   --->   "%urem_ln22 = urem i9 %select_ln21, i9 3" [../Sobel.cpp:22]   --->   Operation 95 'urem' 'urem_ln22' <Predicate = true> <Delay = 3.74> <CoreInst = "Divider">   --->   Core 6 'Divider' <Latency = 12> <II = 1> <Delay = 3.74> <FuncUnit> <Opcode : 'udiv' 'sdiv' 'urem' 'srem'> <InPorts = 2> <OutPorts = 1>

State 5 <SV = 4> <Delay = 3.74>
ST_5 : Operation 96 [9/13] (3.74ns)   --->   "%urem_ln22 = urem i9 %select_ln21, i9 3" [../Sobel.cpp:22]   --->   Operation 96 'urem' 'urem_ln22' <Predicate = true> <Delay = 3.74> <CoreInst = "Divider">   --->   Core 6 'Divider' <Latency = 12> <II = 1> <Delay = 3.74> <FuncUnit> <Opcode : 'udiv' 'sdiv' 'urem' 'srem'> <InPorts = 2> <OutPorts = 1>

State 6 <SV = 5> <Delay = 3.74>
ST_6 : Operation 97 [8/13] (3.74ns)   --->   "%urem_ln22 = urem i9 %select_ln21, i9 3" [../Sobel.cpp:22]   --->   Operation 97 'urem' 'urem_ln22' <Predicate = true> <Delay = 3.74> <CoreInst = "Divider">   --->   Core 6 'Divider' <Latency = 12> <II = 1> <Delay = 3.74> <FuncUnit> <Opcode : 'udiv' 'sdiv' 'urem' 'srem'> <InPorts = 2> <OutPorts = 1>

State 7 <SV = 6> <Delay = 3.74>
ST_7 : Operation 98 [7/13] (3.74ns)   --->   "%urem_ln22 = urem i9 %select_ln21, i9 3" [../Sobel.cpp:22]   --->   Operation 98 'urem' 'urem_ln22' <Predicate = true> <Delay = 3.74> <CoreInst = "Divider">   --->   Core 6 'Divider' <Latency = 12> <II = 1> <Delay = 3.74> <FuncUnit> <Opcode : 'udiv' 'sdiv' 'urem' 'srem'> <InPorts = 2> <OutPorts = 1>

State 8 <SV = 7> <Delay = 3.74>
ST_8 : Operation 99 [6/13] (3.74ns)   --->   "%urem_ln22 = urem i9 %select_ln21, i9 3" [../Sobel.cpp:22]   --->   Operation 99 'urem' 'urem_ln22' <Predicate = true> <Delay = 3.74> <CoreInst = "Divider">   --->   Core 6 'Divider' <Latency = 12> <II = 1> <Delay = 3.74> <FuncUnit> <Opcode : 'udiv' 'sdiv' 'urem' 'srem'> <InPorts = 2> <OutPorts = 1>

State 9 <SV = 8> <Delay = 3.74>
ST_9 : Operation 100 [5/13] (3.74ns)   --->   "%urem_ln22 = urem i9 %select_ln21, i9 3" [../Sobel.cpp:22]   --->   Operation 100 'urem' 'urem_ln22' <Predicate = true> <Delay = 3.74> <CoreInst = "Divider">   --->   Core 6 'Divider' <Latency = 12> <II = 1> <Delay = 3.74> <FuncUnit> <Opcode : 'udiv' 'sdiv' 'urem' 'srem'> <InPorts = 2> <OutPorts = 1>

State 10 <SV = 9> <Delay = 3.74>
ST_10 : Operation 101 [4/13] (3.74ns)   --->   "%urem_ln22 = urem i9 %select_ln21, i9 3" [../Sobel.cpp:22]   --->   Operation 101 'urem' 'urem_ln22' <Predicate = true> <Delay = 3.74> <CoreInst = "Divider">   --->   Core 6 'Divider' <Latency = 12> <II = 1> <Delay = 3.74> <FuncUnit> <Opcode : 'udiv' 'sdiv' 'urem' 'srem'> <InPorts = 2> <OutPorts = 1>

State 11 <SV = 10> <Delay = 3.74>
ST_11 : Operation 102 [3/13] (3.74ns)   --->   "%urem_ln22 = urem i9 %select_ln21, i9 3" [../Sobel.cpp:22]   --->   Operation 102 'urem' 'urem_ln22' <Predicate = true> <Delay = 3.74> <CoreInst = "Divider">   --->   Core 6 'Divider' <Latency = 12> <II = 1> <Delay = 3.74> <FuncUnit> <Opcode : 'udiv' 'sdiv' 'urem' 'srem'> <InPorts = 2> <OutPorts = 1>

State 12 <SV = 11> <Delay = 3.74>
ST_12 : Operation 103 [2/13] (3.74ns)   --->   "%urem_ln22 = urem i9 %select_ln21, i9 3" [../Sobel.cpp:22]   --->   Operation 103 'urem' 'urem_ln22' <Predicate = true> <Delay = 3.74> <CoreInst = "Divider">   --->   Core 6 'Divider' <Latency = 12> <II = 1> <Delay = 3.74> <FuncUnit> <Opcode : 'udiv' 'sdiv' 'urem' 'srem'> <InPorts = 2> <OutPorts = 1>

State 13 <SV = 12> <Delay = 7.95>
ST_13 : Operation 104 [1/1] (0.00ns)   --->   "%specloopname_ln0 = specloopname void @_ssdm_op_SpecLoopName, void @VITIS_LOOP_21_1_VITIS_LOOP_22_2_str"   --->   Operation 104 'specloopname' 'specloopname_ln0' <Predicate = true> <Delay = 0.00>
ST_13 : Operation 105 [1/1] (0.00ns)   --->   "%speclooptripcount_ln0 = speclooptripcount void @_ssdm_op_SpecLoopTripCount, i64 66049, i64 66049, i64 66049"   --->   Operation 105 'speclooptripcount' 'speclooptripcount_ln0' <Predicate = true> <Delay = 0.00>
ST_13 : Operation 106 [1/1] (0.00ns)   --->   "%specpipeline_ln23 = specpipeline void @_ssdm_op_SpecPipeline, i32 1, i32 0, i32 0, i32 0, void @empty_1" [../Sobel.cpp:23]   --->   Operation 106 'specpipeline' 'specpipeline_ln23' <Predicate = true> <Delay = 0.00>
ST_13 : Operation 107 [1/1] (0.00ns)   --->   "%zext_ln22_2 = zext i9 %select_ln21" [../Sobel.cpp:22]   --->   Operation 107 'zext' 'zext_ln22_2' <Predicate = true> <Delay = 0.00>
ST_13 : Operation 108 [1/1] (5.63ns)   --->   "%mul_ln22 = mul i19 %zext_ln22_2, i19 683" [../Sobel.cpp:22]   --->   Operation 108 'mul' 'mul_ln22' <Predicate = true> <Delay = 5.63> <CoreInst = "Multiplier">   --->   Core 3 'Multiplier' <Latency = 0> <II = 1> <Delay = 5.63> <FuncUnit> <Opcode : 'mul'> <InPorts = 2> <OutPorts = 1>
ST_13 : Operation 109 [1/1] (0.00ns)   --->   "%tmp_2 = partselect i8 @_ssdm_op_PartSelect.i8.i19.i32.i32, i19 %mul_ln22, i32 11, i32 18" [../Sobel.cpp:22]   --->   Operation 109 'partselect' 'tmp_2' <Predicate = true> <Delay = 0.00>
ST_13 : Operation 110 [1/1] (0.00ns)   --->   "%zext_ln22_1 = zext i8 %tmp_2" [../Sobel.cpp:22]   --->   Operation 110 'zext' 'zext_ln22_1' <Predicate = true> <Delay = 0.00>
ST_13 : Operation 111 [1/13] (3.74ns)   --->   "%urem_ln22 = urem i9 %select_ln21, i9 3" [../Sobel.cpp:22]   --->   Operation 111 'urem' 'urem_ln22' <Predicate = true> <Delay = 3.74> <CoreInst = "Divider">   --->   Core 6 'Divider' <Latency = 12> <II = 1> <Delay = 3.74> <FuncUnit> <Opcode : 'udiv' 'sdiv' 'urem' 'srem'> <InPorts = 2> <OutPorts = 1>
ST_13 : Operation 112 [1/1] (0.00ns)   --->   "%trunc_ln22_1 = trunc i2 %urem_ln22" [../Sobel.cpp:22]   --->   Operation 112 'trunc' 'trunc_ln22_1' <Predicate = true> <Delay = 0.00>
ST_13 : Operation 113 [1/1] (0.00ns)   --->   "%line_buffer_3_addr = getelementptr i8 %line_buffer_3, i64 0, i64 %zext_ln22_1" [../Sobel.cpp:30]   --->   Operation 113 'getelementptr' 'line_buffer_3_addr' <Predicate = (!tmp_4)> <Delay = 0.00>
ST_13 : Operation 114 [1/1] (0.00ns)   --->   "%line_buffer_4_addr = getelementptr i8 %line_buffer_4, i64 0, i64 %zext_ln22_1" [../Sobel.cpp:30]   --->   Operation 114 'getelementptr' 'line_buffer_4_addr' <Predicate = (!tmp_4)> <Delay = 0.00>
ST_13 : Operation 115 [1/1] (0.00ns)   --->   "%line_buffer_5_addr = getelementptr i8 %line_buffer_5, i64 0, i64 %zext_ln22_1" [../Sobel.cpp:30]   --->   Operation 115 'getelementptr' 'line_buffer_5_addr' <Predicate = (!tmp_4)> <Delay = 0.00>
ST_13 : Operation 116 [1/1] (1.56ns)   --->   "%switch_ln30 = switch i2 %trunc_ln22_1, void %arrayidx136_0.case.2, i2 0, void %arrayidx136_0.case.0, i2 1, void %arrayidx136_0.case.1" [../Sobel.cpp:30]   --->   Operation 116 'switch' 'switch_ln30' <Predicate = (!tmp_4)> <Delay = 1.56>
ST_13 : Operation 117 [1/1] ( I:2.32ns O:2.32ns )   --->   "%store_ln30 = store i8 %line_buffer_1_load, i7 %line_buffer_4_addr" [../Sobel.cpp:30]   --->   Operation 117 'store' 'store_ln30' <Predicate = (!tmp_4 & trunc_ln22_1 == 1)> <Delay = 2.32> <CoreInst = "RAM">   --->   Core 81 'RAM' <Latency = 1> <II = 1> <Delay = 2.32> <Storage> <Opcode : 'load' 'store'> <Ports = 2> <Width = 8> <Depth = 86> <RAM>
ST_13 : Operation 118 [1/1] ( I:2.32ns O:2.32ns )   --->   "%store_ln30 = store i8 %line_buffer_1_load, i7 %line_buffer_3_addr" [../Sobel.cpp:30]   --->   Operation 118 'store' 'store_ln30' <Predicate = (!tmp_4 & trunc_ln22_1 == 0)> <Delay = 2.32> <CoreInst = "RAM">   --->   Core 81 'RAM' <Latency = 1> <II = 1> <Delay = 2.32> <Storage> <Opcode : 'load' 'store'> <Ports = 2> <Width = 8> <Depth = 86> <RAM>
ST_13 : Operation 119 [1/1] ( I:2.32ns O:2.32ns )   --->   "%store_ln30 = store i8 %line_buffer_1_load, i7 %line_buffer_5_addr" [../Sobel.cpp:30]   --->   Operation 119 'store' 'store_ln30' <Predicate = (!tmp_4 & trunc_ln22_1 != 0 & trunc_ln22_1 != 1)> <Delay = 2.32> <CoreInst = "RAM">   --->   Core 81 'RAM' <Latency = 1> <II = 1> <Delay = 2.32> <Storage> <Opcode : 'load' 'store'> <Ports = 2> <Width = 8> <Depth = 86> <RAM>
ST_13 : Operation 120 [1/1] (1.91ns)   --->   "%add_ln41 = add i8 %trunc_ln22, i8 254" [../Sobel.cpp:41]   --->   Operation 120 'add' 'add_ln41' <Predicate = (and_ln35)> <Delay = 1.91> <CoreInst = "Adder">   --->   Core 1 'Adder' <Latency = 0> <II = 1> <Delay = 1.91> <FuncUnit> <Opcode : 'add' 'sub'> <InPorts = 2> <OutPorts = 1>
ST_13 : Operation 121 [1/1] (1.91ns)   --->   "%add_ln41_1 = add i8 %trunc_ln22, i8 255" [../Sobel.cpp:41]   --->   Operation 121 'add' 'add_ln41_1' <Predicate = (and_ln35)> <Delay = 1.91> <CoreInst = "Adder">   --->   Core 1 'Adder' <Latency = 0> <II = 1> <Delay = 1.91> <FuncUnit> <Opcode : 'add' 'sub'> <InPorts = 2> <OutPorts = 1>
ST_13 : Operation 122 [1/1] (0.00ns)   --->   "%zext_ln41_7 = zext i8 %add_ln41_1" [../Sobel.cpp:41]   --->   Operation 122 'zext' 'zext_ln41_7' <Predicate = (and_ln35)> <Delay = 0.00>
ST_13 : Operation 123 [1/1] (4.52ns)   --->   "%mul_ln41_1 = mul i17 %zext_ln41_7, i17 342" [../Sobel.cpp:41]   --->   Operation 123 'mul' 'mul_ln41_1' <Predicate = (and_ln35)> <Delay = 4.52> <CoreInst = "Multiplier">   --->   Core 3 'Multiplier' <Latency = 0> <II = 1> <Delay = 4.52> <FuncUnit> <Opcode : 'mul'> <InPorts = 2> <OutPorts = 1>
ST_13 : Operation 124 [1/1] (0.00ns)   --->   "%tmp_7 = partselect i7 @_ssdm_op_PartSelect.i7.i17.i32.i32, i17 %mul_ln41_1, i32 10, i32 16" [../Sobel.cpp:41]   --->   Operation 124 'partselect' 'tmp_7' <Predicate = (and_ln35)> <Delay = 0.00>
ST_13 : Operation 125 [1/1] (1.82ns)   --->   "%pix_out_last = icmp_eq  i9 %select_ln21, i9 256" [../Sobel.cpp:56]   --->   Operation 125 'icmp' 'pix_out_last' <Predicate = (and_ln35)> <Delay = 1.82> <CoreInst = "Cmp">   --->   Core 9 'Cmp' <Latency = 0> <II = 1> <Delay = 1.82> <FuncUnit> <Opcode : 'seteq' 'setne' 'setle' 'setge' 'setlt' 'setgt'> <InPorts = 2> <OutPorts = 1>

State 14 <SV = 13> <Delay = 6.84>
ST_14 : Operation 126 [1/1] (0.51ns)   --->   "%empty = read i14 @_ssdm_op_Read.axis.volatile.i8P0A.i1P0A.i1P0A.i1P0A.i1P0A.i1P0A.i1P0A, i8 %in_stream_V_data_V, i1 %in_stream_V_keep_V, i1 %in_stream_V_strb_V, i1 %in_stream_V_user_V, i1 %in_stream_V_last_V, i1 %in_stream_V_id_V, i1 %in_stream_V_dest_V" [../Sobel.cpp:28]   --->   Operation 126 'read' 'empty' <Predicate = (!tmp_4)> <Delay = 0.51> <CoreInst = "regslice">   --->   Core 135 'regslice' <Latency = 0> <II = 1> <Delay = 2.22> <Adapter> <Opcode : 'read' 'write'>
ST_14 : Operation 127 [1/1] (0.00ns)   --->   "%pix_in_data = extractvalue i14 %empty" [../Sobel.cpp:28]   --->   Operation 127 'extractvalue' 'pix_in_data' <Predicate = (!tmp_4)> <Delay = 0.00>
ST_14 : Operation 128 [1/1] (0.00ns)   --->   "%line_buffer_addr = getelementptr i8 %line_buffer, i64 0, i64 %zext_ln22_1" [../Sobel.cpp:31]   --->   Operation 128 'getelementptr' 'line_buffer_addr' <Predicate = (!tmp_4)> <Delay = 0.00>
ST_14 : Operation 129 [1/1] (0.00ns)   --->   "%line_buffer_1_addr_18 = getelementptr i8 %line_buffer_1_17, i64 0, i64 %zext_ln22_1" [../Sobel.cpp:31]   --->   Operation 129 'getelementptr' 'line_buffer_1_addr_18' <Predicate = (!tmp_4)> <Delay = 0.00>
ST_14 : Operation 130 [1/1] (0.00ns)   --->   "%line_buffer_2_addr = getelementptr i8 %line_buffer_2, i64 0, i64 %zext_ln22_1" [../Sobel.cpp:31]   --->   Operation 130 'getelementptr' 'line_buffer_2_addr' <Predicate = (!tmp_4)> <Delay = 0.00>
ST_14 : Operation 131 [2/2] (2.32ns)   --->   "%line_buffer_load = load i7 %line_buffer_addr" [../Sobel.cpp:31]   --->   Operation 131 'load' 'line_buffer_load' <Predicate = (!tmp_4 & trunc_ln22_1 == 0)> <Delay = 2.32> <CoreInst = "RAM_1WnR">   --->   Core 82 'RAM_1WnR' <Latency = 1> <II = 1> <Delay = 2.32> <Storage> <Opcode : 'load' 'store'> <Ports = 17> <Width = 8> <Depth = 86> <RAM>
ST_14 : Operation 132 [2/2] (2.32ns)   --->   "%line_buffer_1_load_19 = load i7 %line_buffer_1_addr_18" [../Sobel.cpp:31]   --->   Operation 132 'load' 'line_buffer_1_load_19' <Predicate = (!tmp_4 & trunc_ln22_1 == 1)> <Delay = 2.32> <CoreInst = "RAM_1WnR">   --->   Core 82 'RAM_1WnR' <Latency = 1> <II = 1> <Delay = 2.32> <Storage> <Opcode : 'load' 'store'> <Ports = 17> <Width = 8> <Depth = 86> <RAM>
ST_14 : Operation 133 [2/2] (2.32ns)   --->   "%line_buffer_2_load = load i7 %line_buffer_2_addr" [../Sobel.cpp:31]   --->   Operation 133 'load' 'line_buffer_2_load' <Predicate = (!tmp_4 & trunc_ln22_1 == 2)> <Delay = 2.32> <CoreInst = "RAM_1WnR">   --->   Core 82 'RAM_1WnR' <Latency = 1> <II = 1> <Delay = 2.32> <Storage> <Opcode : 'load' 'store'> <Ports = 17> <Width = 8> <Depth = 86> <RAM>
ST_14 : Operation 134 [1/1] ( I:2.32ns O:2.32ns )   --->   "%store_ln32 = store i8 %pix_in_data, i7 %line_buffer_1_addr_18" [../Sobel.cpp:32]   --->   Operation 134 'store' 'store_ln32' <Predicate = (!tmp_4 & trunc_ln22_1 == 1)> <Delay = 2.32> <CoreInst = "RAM_1WnR">   --->   Core 82 'RAM_1WnR' <Latency = 1> <II = 1> <Delay = 2.32> <Storage> <Opcode : 'load' 'store'> <Ports = 17> <Width = 8> <Depth = 86> <RAM>
ST_14 : Operation 135 [1/1] (0.00ns)   --->   "%br_ln32 = br void %arrayidx136_0.exit" [../Sobel.cpp:32]   --->   Operation 135 'br' 'br_ln32' <Predicate = (!tmp_4 & trunc_ln22_1 == 1)> <Delay = 0.00>
ST_14 : Operation 136 [1/1] ( I:2.32ns O:2.32ns )   --->   "%store_ln32 = store i8 %pix_in_data, i7 %line_buffer_addr" [../Sobel.cpp:32]   --->   Operation 136 'store' 'store_ln32' <Predicate = (!tmp_4 & trunc_ln22_1 == 0)> <Delay = 2.32> <CoreInst = "RAM_1WnR">   --->   Core 82 'RAM_1WnR' <Latency = 1> <II = 1> <Delay = 2.32> <Storage> <Opcode : 'load' 'store'> <Ports = 17> <Width = 8> <Depth = 86> <RAM>
ST_14 : Operation 137 [1/1] (0.00ns)   --->   "%br_ln32 = br void %arrayidx136_0.exit" [../Sobel.cpp:32]   --->   Operation 137 'br' 'br_ln32' <Predicate = (!tmp_4 & trunc_ln22_1 == 0)> <Delay = 0.00>
ST_14 : Operation 138 [1/1] ( I:2.32ns O:2.32ns )   --->   "%store_ln32 = store i8 %pix_in_data, i7 %line_buffer_2_addr" [../Sobel.cpp:32]   --->   Operation 138 'store' 'store_ln32' <Predicate = (!tmp_4 & trunc_ln22_1 != 0 & trunc_ln22_1 != 1)> <Delay = 2.32> <CoreInst = "RAM_1WnR">   --->   Core 82 'RAM_1WnR' <Latency = 1> <II = 1> <Delay = 2.32> <Storage> <Opcode : 'load' 'store'> <Ports = 17> <Width = 8> <Depth = 86> <RAM>
ST_14 : Operation 139 [1/1] (0.00ns)   --->   "%br_ln32 = br void %arrayidx136_0.exit" [../Sobel.cpp:32]   --->   Operation 139 'br' 'br_ln32' <Predicate = (!tmp_4 & trunc_ln22_1 != 0 & trunc_ln22_1 != 1)> <Delay = 0.00>
ST_14 : Operation 140 [1/1] (0.00ns)   --->   "%zext_ln41 = zext i8 %add_ln41" [../Sobel.cpp:41]   --->   Operation 140 'zext' 'zext_ln41' <Predicate = (and_ln35)> <Delay = 0.00>
ST_14 : Operation 141 [1/1] (0.00ns)   --->   "%zext_ln41_5 = zext i8 %add_ln41" [../Sobel.cpp:41]   --->   Operation 141 'zext' 'zext_ln41_5' <Predicate = (and_ln35)> <Delay = 0.00>
ST_14 : Operation 142 [1/1] (4.52ns)   --->   "%mul_ln41 = mul i17 %zext_ln41_5, i17 342" [../Sobel.cpp:41]   --->   Operation 142 'mul' 'mul_ln41' <Predicate = (and_ln35)> <Delay = 4.52> <CoreInst = "Multiplier">   --->   Core 3 'Multiplier' <Latency = 0> <II = 1> <Delay = 4.52> <FuncUnit> <Opcode : 'mul'> <InPorts = 2> <OutPorts = 1>
ST_14 : Operation 143 [1/1] (0.00ns)   --->   "%tmp_6 = partselect i7 @_ssdm_op_PartSelect.i7.i17.i32.i32, i17 %mul_ln41, i32 10, i32 16" [../Sobel.cpp:41]   --->   Operation 143 'partselect' 'tmp_6' <Predicate = (and_ln35)> <Delay = 0.00>
ST_14 : Operation 144 [1/1] (0.00ns)   --->   "%zext_ln41_1 = zext i7 %tmp_6" [../Sobel.cpp:41]   --->   Operation 144 'zext' 'zext_ln41_1' <Predicate = (and_ln35)> <Delay = 0.00>
ST_14 : Operation 145 [1/1] (0.00ns)   --->   "%line_buffer_addr_1 = getelementptr i8 %line_buffer, i64 0, i64 %zext_ln41_1" [../Sobel.cpp:41]   --->   Operation 145 'getelementptr' 'line_buffer_addr_1' <Predicate = (and_ln35 & trunc_ln22_1 == 2)> <Delay = 0.00>
ST_14 : Operation 146 [1/1] (0.00ns)   --->   "%line_buffer_1_addr_1 = getelementptr i8 %line_buffer_1_17, i64 0, i64 %zext_ln41_1" [../Sobel.cpp:41]   --->   Operation 146 'getelementptr' 'line_buffer_1_addr_1' <Predicate = (trunc_ln22_1 == 0 & and_ln35)> <Delay = 0.00>
ST_14 : Operation 147 [1/1] (0.00ns)   --->   "%line_buffer_2_addr_1 = getelementptr i8 %line_buffer_2, i64 0, i64 %zext_ln41_1" [../Sobel.cpp:41]   --->   Operation 147 'getelementptr' 'line_buffer_2_addr_1' <Predicate = (trunc_ln22_1 == 1 & and_ln35)> <Delay = 0.00>
ST_14 : Operation 148 [2/2] (2.32ns)   --->   "%line_buffer_load_1 = load i7 %line_buffer_addr_1" [../Sobel.cpp:41]   --->   Operation 148 'load' 'line_buffer_load_1' <Predicate = (and_ln35 & trunc_ln22_1 == 2)> <Delay = 2.32> <CoreInst = "RAM_1WnR">   --->   Core 82 'RAM_1WnR' <Latency = 1> <II = 1> <Delay = 2.32> <Storage> <Opcode : 'load' 'store'> <Ports = 17> <Width = 8> <Depth = 86> <RAM>
ST_14 : Operation 149 [2/2] (2.32ns)   --->   "%line_buffer_1_load_1 = load i7 %line_buffer_1_addr_1" [../Sobel.cpp:41]   --->   Operation 149 'load' 'line_buffer_1_load_1' <Predicate = (trunc_ln22_1 == 0 & and_ln35)> <Delay = 2.32> <CoreInst = "RAM_1WnR">   --->   Core 82 'RAM_1WnR' <Latency = 1> <II = 1> <Delay = 2.32> <Storage> <Opcode : 'load' 'store'> <Ports = 17> <Width = 8> <Depth = 86> <RAM>
ST_14 : Operation 150 [2/2] (2.32ns)   --->   "%line_buffer_2_load_1 = load i7 %line_buffer_2_addr_1" [../Sobel.cpp:41]   --->   Operation 150 'load' 'line_buffer_2_load_1' <Predicate = (trunc_ln22_1 == 1 & and_ln35)> <Delay = 2.32> <CoreInst = "RAM_1WnR">   --->   Core 82 'RAM_1WnR' <Latency = 1> <II = 1> <Delay = 2.32> <Storage> <Opcode : 'load' 'store'> <Ports = 17> <Width = 8> <Depth = 86> <RAM>
ST_14 : Operation 151 [1/1] (0.00ns)   --->   "%zext_ln41_4 = zext i7 %tmp_7" [../Sobel.cpp:41]   --->   Operation 151 'zext' 'zext_ln41_4' <Predicate = (and_ln35)> <Delay = 0.00>
ST_14 : Operation 152 [1/1] (0.00ns)   --->   "%line_buffer_addr_2 = getelementptr i8 %line_buffer, i64 0, i64 %zext_ln41_4" [../Sobel.cpp:41]   --->   Operation 152 'getelementptr' 'line_buffer_addr_2' <Predicate = (trunc_ln22_1 == 1 & and_ln35)> <Delay = 0.00>
ST_14 : Operation 153 [1/1] (0.00ns)   --->   "%line_buffer_1_addr_2 = getelementptr i8 %line_buffer_1_17, i64 0, i64 %zext_ln41_4" [../Sobel.cpp:41]   --->   Operation 153 'getelementptr' 'line_buffer_1_addr_2' <Predicate = (and_ln35 & trunc_ln22_1 == 2)> <Delay = 0.00>
ST_14 : Operation 154 [1/1] (0.00ns)   --->   "%line_buffer_2_addr_2 = getelementptr i8 %line_buffer_2, i64 0, i64 %zext_ln41_4" [../Sobel.cpp:41]   --->   Operation 154 'getelementptr' 'line_buffer_2_addr_2' <Predicate = (trunc_ln22_1 == 0 & and_ln35)> <Delay = 0.00>
ST_14 : Operation 155 [2/2] (2.32ns)   --->   "%line_buffer_load_2 = load i7 %line_buffer_addr_2" [../Sobel.cpp:41]   --->   Operation 155 'load' 'line_buffer_load_2' <Predicate = (trunc_ln22_1 == 1 & and_ln35)> <Delay = 2.32> <CoreInst = "RAM_1WnR">   --->   Core 82 'RAM_1WnR' <Latency = 1> <II = 1> <Delay = 2.32> <Storage> <Opcode : 'load' 'store'> <Ports = 17> <Width = 8> <Depth = 86> <RAM>
ST_14 : Operation 156 [2/2] (2.32ns)   --->   "%line_buffer_1_load_2 = load i7 %line_buffer_1_addr_2" [../Sobel.cpp:41]   --->   Operation 156 'load' 'line_buffer_1_load_2' <Predicate = (and_ln35 & trunc_ln22_1 == 2)> <Delay = 2.32> <CoreInst = "RAM_1WnR">   --->   Core 82 'RAM_1WnR' <Latency = 1> <II = 1> <Delay = 2.32> <Storage> <Opcode : 'load' 'store'> <Ports = 17> <Width = 8> <Depth = 86> <RAM>
ST_14 : Operation 157 [2/2] (2.32ns)   --->   "%line_buffer_2_load_2 = load i7 %line_buffer_2_addr_2" [../Sobel.cpp:41]   --->   Operation 157 'load' 'line_buffer_2_load_2' <Predicate = (trunc_ln22_1 == 0 & and_ln35)> <Delay = 2.32> <CoreInst = "RAM_1WnR">   --->   Core 82 'RAM_1WnR' <Latency = 1> <II = 1> <Delay = 2.32> <Storage> <Opcode : 'load' 'store'> <Ports = 17> <Width = 8> <Depth = 86> <RAM>
ST_14 : Operation 158 [1/1] (0.00ns)   --->   "%line_buffer_1_addr_1_20 = getelementptr i8 %line_buffer_1, i64 0, i64 %zext_ln41" [../Sobel.cpp:41]   --->   Operation 158 'getelementptr' 'line_buffer_1_addr_1_20' <Predicate = (and_ln35)> <Delay = 0.00>
ST_14 : Operation 159 [2/2] (3.25ns)   --->   "%px_3 = load i8 %line_buffer_1_addr_1_20" [../Sobel.cpp:41]   --->   Operation 159 'load' 'px_3' <Predicate = (and_ln35)> <Delay = 3.25> <CoreInst = "RAM_1WnR">   --->   Core 82 'RAM_1WnR' <Latency = 1> <II = 1> <Delay = 3.25> <Storage> <Opcode : 'load' 'store'> <Ports = 17> <Width = 8> <Depth = 256> <RAM>
ST_14 : Operation 160 [1/1] (0.00ns)   --->   "%line_buffer_3_addr_1 = getelementptr i8 %line_buffer_3, i64 0, i64 %zext_ln41_1" [../Sobel.cpp:41]   --->   Operation 160 'getelementptr' 'line_buffer_3_addr_1' <Predicate = (and_ln35 & trunc_ln22_1 == 2)> <Delay = 0.00>
ST_14 : Operation 161 [1/1] (0.00ns)   --->   "%line_buffer_4_addr_1 = getelementptr i8 %line_buffer_4, i64 0, i64 %zext_ln41_1" [../Sobel.cpp:41]   --->   Operation 161 'getelementptr' 'line_buffer_4_addr_1' <Predicate = (trunc_ln22_1 == 0 & and_ln35)> <Delay = 0.00>
ST_14 : Operation 162 [1/1] (0.00ns)   --->   "%line_buffer_5_addr_1 = getelementptr i8 %line_buffer_5, i64 0, i64 %zext_ln41_1" [../Sobel.cpp:41]   --->   Operation 162 'getelementptr' 'line_buffer_5_addr_1' <Predicate = (trunc_ln22_1 == 1 & and_ln35)> <Delay = 0.00>
ST_14 : Operation 163 [2/2] (2.32ns)   --->   "%line_buffer_3_load = load i7 %line_buffer_3_addr_1" [../Sobel.cpp:41]   --->   Operation 163 'load' 'line_buffer_3_load' <Predicate = (and_ln35 & trunc_ln22_1 == 2)> <Delay = 2.32> <CoreInst = "RAM">   --->   Core 81 'RAM' <Latency = 1> <II = 1> <Delay = 2.32> <Storage> <Opcode : 'load' 'store'> <Ports = 2> <Width = 8> <Depth = 86> <RAM>
ST_14 : Operation 164 [2/2] (2.32ns)   --->   "%line_buffer_4_load = load i7 %line_buffer_4_addr_1" [../Sobel.cpp:41]   --->   Operation 164 'load' 'line_buffer_4_load' <Predicate = (trunc_ln22_1 == 0 & and_ln35)> <Delay = 2.32> <CoreInst = "RAM">   --->   Core 81 'RAM' <Latency = 1> <II = 1> <Delay = 2.32> <Storage> <Opcode : 'load' 'store'> <Ports = 2> <Width = 8> <Depth = 86> <RAM>
ST_14 : Operation 165 [2/2] (2.32ns)   --->   "%line_buffer_5_load = load i7 %line_buffer_5_addr_1" [../Sobel.cpp:41]   --->   Operation 165 'load' 'line_buffer_5_load' <Predicate = (trunc_ln22_1 == 1 & and_ln35)> <Delay = 2.32> <CoreInst = "RAM">   --->   Core 81 'RAM' <Latency = 1> <II = 1> <Delay = 2.32> <Storage> <Opcode : 'load' 'store'> <Ports = 2> <Width = 8> <Depth = 86> <RAM>
ST_14 : Operation 166 [1/1] (0.00ns)   --->   "%line_buffer_3_addr_2 = getelementptr i8 %line_buffer_3, i64 0, i64 %zext_ln41_4" [../Sobel.cpp:41]   --->   Operation 166 'getelementptr' 'line_buffer_3_addr_2' <Predicate = (trunc_ln22_1 == 1 & and_ln35)> <Delay = 0.00>
ST_14 : Operation 167 [1/1] (0.00ns)   --->   "%line_buffer_4_addr_2 = getelementptr i8 %line_buffer_4, i64 0, i64 %zext_ln41_4" [../Sobel.cpp:41]   --->   Operation 167 'getelementptr' 'line_buffer_4_addr_2' <Predicate = (and_ln35 & trunc_ln22_1 == 2)> <Delay = 0.00>
ST_14 : Operation 168 [1/1] (0.00ns)   --->   "%line_buffer_5_addr_2 = getelementptr i8 %line_buffer_5, i64 0, i64 %zext_ln41_4" [../Sobel.cpp:41]   --->   Operation 168 'getelementptr' 'line_buffer_5_addr_2' <Predicate = (trunc_ln22_1 == 0 & and_ln35)> <Delay = 0.00>
ST_14 : Operation 169 [2/2] (2.32ns)   --->   "%line_buffer_3_load_1 = load i7 %line_buffer_3_addr_2" [../Sobel.cpp:41]   --->   Operation 169 'load' 'line_buffer_3_load_1' <Predicate = (trunc_ln22_1 == 1 & and_ln35)> <Delay = 2.32> <CoreInst = "RAM">   --->   Core 81 'RAM' <Latency = 1> <II = 1> <Delay = 2.32> <Storage> <Opcode : 'load' 'store'> <Ports = 2> <Width = 8> <Depth = 86> <RAM>
ST_14 : Operation 170 [2/2] (2.32ns)   --->   "%line_buffer_4_load_1 = load i7 %line_buffer_4_addr_2" [../Sobel.cpp:41]   --->   Operation 170 'load' 'line_buffer_4_load_1' <Predicate = (and_ln35 & trunc_ln22_1 == 2)> <Delay = 2.32> <CoreInst = "RAM">   --->   Core 81 'RAM' <Latency = 1> <II = 1> <Delay = 2.32> <Storage> <Opcode : 'load' 'store'> <Ports = 2> <Width = 8> <Depth = 86> <RAM>
ST_14 : Operation 171 [2/2] (2.32ns)   --->   "%line_buffer_5_load_1 = load i7 %line_buffer_5_addr_2" [../Sobel.cpp:41]   --->   Operation 171 'load' 'line_buffer_5_load_1' <Predicate = (trunc_ln22_1 == 0 & and_ln35)> <Delay = 2.32> <CoreInst = "RAM">   --->   Core 81 'RAM' <Latency = 1> <II = 1> <Delay = 2.32> <Storage> <Opcode : 'load' 'store'> <Ports = 2> <Width = 8> <Depth = 86> <RAM>
ST_14 : Operation 172 [1/1] (0.00ns)   --->   "%line_buffer_3_addr_3 = getelementptr i8 %line_buffer_3, i64 0, i64 %zext_ln22_1" [../Sobel.cpp:41]   --->   Operation 172 'getelementptr' 'line_buffer_3_addr_3' <Predicate = (trunc_ln22_1 == 0 & and_ln35)> <Delay = 0.00>
ST_14 : Operation 173 [1/1] (0.00ns)   --->   "%line_buffer_4_addr_3 = getelementptr i8 %line_buffer_4, i64 0, i64 %zext_ln22_1" [../Sobel.cpp:41]   --->   Operation 173 'getelementptr' 'line_buffer_4_addr_3' <Predicate = (trunc_ln22_1 == 1 & and_ln35)> <Delay = 0.00>
ST_14 : Operation 174 [1/1] (0.00ns)   --->   "%line_buffer_5_addr_3 = getelementptr i8 %line_buffer_5, i64 0, i64 %zext_ln22_1" [../Sobel.cpp:41]   --->   Operation 174 'getelementptr' 'line_buffer_5_addr_3' <Predicate = (and_ln35 & trunc_ln22_1 == 2)> <Delay = 0.00>
ST_14 : Operation 175 [2/2] (2.32ns)   --->   "%line_buffer_3_load_2 = load i7 %line_buffer_3_addr_3" [../Sobel.cpp:41]   --->   Operation 175 'load' 'line_buffer_3_load_2' <Predicate = (trunc_ln22_1 == 0 & and_ln35 & !tmp_3)> <Delay = 2.32> <CoreInst = "RAM">   --->   Core 81 'RAM' <Latency = 1> <II = 1> <Delay = 2.32> <Storage> <Opcode : 'load' 'store'> <Ports = 2> <Width = 8> <Depth = 86> <RAM>
ST_14 : Operation 176 [2/2] (2.32ns)   --->   "%line_buffer_4_load_2 = load i7 %line_buffer_4_addr_3" [../Sobel.cpp:41]   --->   Operation 176 'load' 'line_buffer_4_load_2' <Predicate = (trunc_ln22_1 == 1 & and_ln35 & !tmp_3)> <Delay = 2.32> <CoreInst = "RAM">   --->   Core 81 'RAM' <Latency = 1> <II = 1> <Delay = 2.32> <Storage> <Opcode : 'load' 'store'> <Ports = 2> <Width = 8> <Depth = 86> <RAM>
ST_14 : Operation 177 [2/2] (2.32ns)   --->   "%line_buffer_5_load_2 = load i7 %line_buffer_5_addr_3" [../Sobel.cpp:41]   --->   Operation 177 'load' 'line_buffer_5_load_2' <Predicate = (and_ln35 & trunc_ln22_1 == 2 & !tmp_3)> <Delay = 2.32> <CoreInst = "RAM">   --->   Core 81 'RAM' <Latency = 1> <II = 1> <Delay = 2.32> <Storage> <Opcode : 'load' 'store'> <Ports = 2> <Width = 8> <Depth = 86> <RAM>

State 15 <SV = 14> <Delay = 7.16>
ST_15 : Operation 178 [1/2] ( I:2.32ns O:2.32ns )   --->   "%line_buffer_load = load i7 %line_buffer_addr" [../Sobel.cpp:31]   --->   Operation 178 'load' 'line_buffer_load' <Predicate = (!tmp_4 & trunc_ln22_1 == 0)> <Delay = 2.32> <CoreInst = "RAM_1WnR">   --->   Core 82 'RAM_1WnR' <Latency = 1> <II = 1> <Delay = 2.32> <Storage> <Opcode : 'load' 'store'> <Ports = 17> <Width = 8> <Depth = 86> <RAM>
ST_15 : Operation 179 [1/2] ( I:2.32ns O:2.32ns )   --->   "%line_buffer_1_load_19 = load i7 %line_buffer_1_addr_18" [../Sobel.cpp:31]   --->   Operation 179 'load' 'line_buffer_1_load_19' <Predicate = (!tmp_4 & trunc_ln22_1 == 1)> <Delay = 2.32> <CoreInst = "RAM_1WnR">   --->   Core 82 'RAM_1WnR' <Latency = 1> <II = 1> <Delay = 2.32> <Storage> <Opcode : 'load' 'store'> <Ports = 17> <Width = 8> <Depth = 86> <RAM>
ST_15 : Operation 180 [1/2] ( I:2.32ns O:2.32ns )   --->   "%line_buffer_2_load = load i7 %line_buffer_2_addr" [../Sobel.cpp:31]   --->   Operation 180 'load' 'line_buffer_2_load' <Predicate = (!tmp_4 & trunc_ln22_1 == 2)> <Delay = 2.32> <CoreInst = "RAM_1WnR">   --->   Core 82 'RAM_1WnR' <Latency = 1> <II = 1> <Delay = 2.32> <Storage> <Opcode : 'load' 'store'> <Ports = 17> <Width = 8> <Depth = 86> <RAM>
ST_15 : Operation 181 [1/1] (1.58ns)   --->   "%tmp = sparsemux i8 @_ssdm_op_SparseMux.ap_auto.3i8.i8.i2, i2 0, i8 %line_buffer_load, i2 1, i8 %line_buffer_1_load_19, i2 2, i8 %line_buffer_2_load, i8 0, i2 %trunc_ln22_1" [../Sobel.cpp:31]   --->   Operation 181 'sparsemux' 'tmp' <Predicate = (!tmp_4)> <Delay = 1.58> <CoreInst = "OneHotSparseMux_HasDef">   --->   Core 140 'OneHotSparseMux_HasDef' <Latency = 0> <II = 1> <Delay = 1.58> <FuncUnit> <Opcode : 'sparsemux'> <InPorts = 2> <OutPorts = 1>
ST_15 : Operation 182 [1/1] ( I:3.25ns O:3.25ns )   --->   "%store_ln31 = store i8 %tmp, i8 %line_buffer_1_addr" [../Sobel.cpp:31]   --->   Operation 182 'store' 'store_ln31' <Predicate = (!tmp_4)> <Delay = 3.25> <CoreInst = "RAM_1WnR">   --->   Core 82 'RAM_1WnR' <Latency = 1> <II = 1> <Delay = 3.25> <Storage> <Opcode : 'load' 'store'> <Ports = 17> <Width = 8> <Depth = 256> <RAM>
ST_15 : Operation 183 [1/2] ( I:2.32ns O:2.32ns )   --->   "%line_buffer_load_1 = load i7 %line_buffer_addr_1" [../Sobel.cpp:41]   --->   Operation 183 'load' 'line_buffer_load_1' <Predicate = (and_ln35 & trunc_ln22_1 == 2)> <Delay = 2.32> <CoreInst = "RAM_1WnR">   --->   Core 82 'RAM_1WnR' <Latency = 1> <II = 1> <Delay = 2.32> <Storage> <Opcode : 'load' 'store'> <Ports = 17> <Width = 8> <Depth = 86> <RAM>
ST_15 : Operation 184 [1/2] ( I:2.32ns O:2.32ns )   --->   "%line_buffer_1_load_1 = load i7 %line_buffer_1_addr_1" [../Sobel.cpp:41]   --->   Operation 184 'load' 'line_buffer_1_load_1' <Predicate = (trunc_ln22_1 == 0 & and_ln35)> <Delay = 2.32> <CoreInst = "RAM_1WnR">   --->   Core 82 'RAM_1WnR' <Latency = 1> <II = 1> <Delay = 2.32> <Storage> <Opcode : 'load' 'store'> <Ports = 17> <Width = 8> <Depth = 86> <RAM>
ST_15 : Operation 185 [1/2] ( I:2.32ns O:2.32ns )   --->   "%line_buffer_2_load_1 = load i7 %line_buffer_2_addr_1" [../Sobel.cpp:41]   --->   Operation 185 'load' 'line_buffer_2_load_1' <Predicate = (trunc_ln22_1 == 1 & and_ln35)> <Delay = 2.32> <CoreInst = "RAM_1WnR">   --->   Core 82 'RAM_1WnR' <Latency = 1> <II = 1> <Delay = 2.32> <Storage> <Opcode : 'load' 'store'> <Ports = 17> <Width = 8> <Depth = 86> <RAM>
ST_15 : Operation 186 [1/2] ( I:2.32ns O:2.32ns )   --->   "%line_buffer_load_2 = load i7 %line_buffer_addr_2" [../Sobel.cpp:41]   --->   Operation 186 'load' 'line_buffer_load_2' <Predicate = (trunc_ln22_1 == 1 & and_ln35)> <Delay = 2.32> <CoreInst = "RAM_1WnR">   --->   Core 82 'RAM_1WnR' <Latency = 1> <II = 1> <Delay = 2.32> <Storage> <Opcode : 'load' 'store'> <Ports = 17> <Width = 8> <Depth = 86> <RAM>
ST_15 : Operation 187 [1/2] ( I:2.32ns O:2.32ns )   --->   "%line_buffer_1_load_2 = load i7 %line_buffer_1_addr_2" [../Sobel.cpp:41]   --->   Operation 187 'load' 'line_buffer_1_load_2' <Predicate = (and_ln35 & trunc_ln22_1 == 2)> <Delay = 2.32> <CoreInst = "RAM_1WnR">   --->   Core 82 'RAM_1WnR' <Latency = 1> <II = 1> <Delay = 2.32> <Storage> <Opcode : 'load' 'store'> <Ports = 17> <Width = 8> <Depth = 86> <RAM>
ST_15 : Operation 188 [1/2] ( I:2.32ns O:2.32ns )   --->   "%line_buffer_2_load_2 = load i7 %line_buffer_2_addr_2" [../Sobel.cpp:41]   --->   Operation 188 'load' 'line_buffer_2_load_2' <Predicate = (trunc_ln22_1 == 0 & and_ln35)> <Delay = 2.32> <CoreInst = "RAM_1WnR">   --->   Core 82 'RAM_1WnR' <Latency = 1> <II = 1> <Delay = 2.32> <Storage> <Opcode : 'load' 'store'> <Ports = 17> <Width = 8> <Depth = 86> <RAM>
ST_15 : Operation 189 [1/1] (0.00ns)   --->   "%line_buffer_addr_3 = getelementptr i8 %line_buffer, i64 0, i64 %zext_ln22_1" [../Sobel.cpp:41]   --->   Operation 189 'getelementptr' 'line_buffer_addr_3' <Predicate = (trunc_ln22_1 == 0 & and_ln35)> <Delay = 0.00>
ST_15 : Operation 190 [1/1] (0.00ns)   --->   "%line_buffer_1_addr_3 = getelementptr i8 %line_buffer_1_17, i64 0, i64 %zext_ln22_1" [../Sobel.cpp:41]   --->   Operation 190 'getelementptr' 'line_buffer_1_addr_3' <Predicate = (trunc_ln22_1 == 1 & and_ln35)> <Delay = 0.00>
ST_15 : Operation 191 [1/1] (0.00ns)   --->   "%line_buffer_2_addr_3 = getelementptr i8 %line_buffer_2, i64 0, i64 %zext_ln22_1" [../Sobel.cpp:41]   --->   Operation 191 'getelementptr' 'line_buffer_2_addr_3' <Predicate = (and_ln35 & trunc_ln22_1 == 2)> <Delay = 0.00>
ST_15 : Operation 192 [2/2] (2.32ns)   --->   "%line_buffer_load_3 = load i7 %line_buffer_addr_3" [../Sobel.cpp:41]   --->   Operation 192 'load' 'line_buffer_load_3' <Predicate = (trunc_ln22_1 == 0 & and_ln35 & !tmp_3)> <Delay = 2.32> <CoreInst = "RAM_1WnR">   --->   Core 82 'RAM_1WnR' <Latency = 1> <II = 1> <Delay = 2.32> <Storage> <Opcode : 'load' 'store'> <Ports = 17> <Width = 8> <Depth = 86> <RAM>
ST_15 : Operation 193 [2/2] (2.32ns)   --->   "%line_buffer_1_load_3 = load i7 %line_buffer_1_addr_3" [../Sobel.cpp:41]   --->   Operation 193 'load' 'line_buffer_1_load_3' <Predicate = (trunc_ln22_1 == 1 & and_ln35 & !tmp_3)> <Delay = 2.32> <CoreInst = "RAM_1WnR">   --->   Core 82 'RAM_1WnR' <Latency = 1> <II = 1> <Delay = 2.32> <Storage> <Opcode : 'load' 'store'> <Ports = 17> <Width = 8> <Depth = 86> <RAM>
ST_15 : Operation 194 [2/2] (2.32ns)   --->   "%line_buffer_2_load_3 = load i7 %line_buffer_2_addr_3" [../Sobel.cpp:41]   --->   Operation 194 'load' 'line_buffer_2_load_3' <Predicate = (and_ln35 & trunc_ln22_1 == 2 & !tmp_3)> <Delay = 2.32> <CoreInst = "RAM_1WnR">   --->   Core 82 'RAM_1WnR' <Latency = 1> <II = 1> <Delay = 2.32> <Storage> <Opcode : 'load' 'store'> <Ports = 17> <Width = 8> <Depth = 86> <RAM>
ST_15 : Operation 195 [1/2] ( I:3.25ns O:3.25ns )   --->   "%px_3 = load i8 %line_buffer_1_addr_1_20" [../Sobel.cpp:41]   --->   Operation 195 'load' 'px_3' <Predicate = (and_ln35)> <Delay = 3.25> <CoreInst = "RAM_1WnR">   --->   Core 82 'RAM_1WnR' <Latency = 1> <II = 1> <Delay = 3.25> <Storage> <Opcode : 'load' 'store'> <Ports = 17> <Width = 8> <Depth = 256> <RAM>
ST_15 : Operation 196 [1/2] ( I:2.32ns O:2.32ns )   --->   "%line_buffer_3_load = load i7 %line_buffer_3_addr_1" [../Sobel.cpp:41]   --->   Operation 196 'load' 'line_buffer_3_load' <Predicate = (and_ln35 & trunc_ln22_1 == 2)> <Delay = 2.32> <CoreInst = "RAM">   --->   Core 81 'RAM' <Latency = 1> <II = 1> <Delay = 2.32> <Storage> <Opcode : 'load' 'store'> <Ports = 2> <Width = 8> <Depth = 86> <RAM>
ST_15 : Operation 197 [1/2] ( I:2.32ns O:2.32ns )   --->   "%line_buffer_4_load = load i7 %line_buffer_4_addr_1" [../Sobel.cpp:41]   --->   Operation 197 'load' 'line_buffer_4_load' <Predicate = (trunc_ln22_1 == 0 & and_ln35)> <Delay = 2.32> <CoreInst = "RAM">   --->   Core 81 'RAM' <Latency = 1> <II = 1> <Delay = 2.32> <Storage> <Opcode : 'load' 'store'> <Ports = 2> <Width = 8> <Depth = 86> <RAM>
ST_15 : Operation 198 [1/2] ( I:2.32ns O:2.32ns )   --->   "%line_buffer_5_load = load i7 %line_buffer_5_addr_1" [../Sobel.cpp:41]   --->   Operation 198 'load' 'line_buffer_5_load' <Predicate = (trunc_ln22_1 == 1 & and_ln35)> <Delay = 2.32> <CoreInst = "RAM">   --->   Core 81 'RAM' <Latency = 1> <II = 1> <Delay = 2.32> <Storage> <Opcode : 'load' 'store'> <Ports = 2> <Width = 8> <Depth = 86> <RAM>
ST_15 : Operation 199 [1/2] ( I:2.32ns O:2.32ns )   --->   "%line_buffer_3_load_1 = load i7 %line_buffer_3_addr_2" [../Sobel.cpp:41]   --->   Operation 199 'load' 'line_buffer_3_load_1' <Predicate = (trunc_ln22_1 == 1 & and_ln35)> <Delay = 2.32> <CoreInst = "RAM">   --->   Core 81 'RAM' <Latency = 1> <II = 1> <Delay = 2.32> <Storage> <Opcode : 'load' 'store'> <Ports = 2> <Width = 8> <Depth = 86> <RAM>
ST_15 : Operation 200 [1/2] ( I:2.32ns O:2.32ns )   --->   "%line_buffer_4_load_1 = load i7 %line_buffer_4_addr_2" [../Sobel.cpp:41]   --->   Operation 200 'load' 'line_buffer_4_load_1' <Predicate = (and_ln35 & trunc_ln22_1 == 2)> <Delay = 2.32> <CoreInst = "RAM">   --->   Core 81 'RAM' <Latency = 1> <II = 1> <Delay = 2.32> <Storage> <Opcode : 'load' 'store'> <Ports = 2> <Width = 8> <Depth = 86> <RAM>
ST_15 : Operation 201 [1/2] ( I:2.32ns O:2.32ns )   --->   "%line_buffer_5_load_1 = load i7 %line_buffer_5_addr_2" [../Sobel.cpp:41]   --->   Operation 201 'load' 'line_buffer_5_load_1' <Predicate = (trunc_ln22_1 == 0 & and_ln35)> <Delay = 2.32> <CoreInst = "RAM">   --->   Core 81 'RAM' <Latency = 1> <II = 1> <Delay = 2.32> <Storage> <Opcode : 'load' 'store'> <Ports = 2> <Width = 8> <Depth = 86> <RAM>
ST_15 : Operation 202 [1/2] ( I:2.32ns O:2.32ns )   --->   "%line_buffer_3_load_2 = load i7 %line_buffer_3_addr_3" [../Sobel.cpp:41]   --->   Operation 202 'load' 'line_buffer_3_load_2' <Predicate = (trunc_ln22_1 == 0 & and_ln35 & !tmp_3)> <Delay = 2.32> <CoreInst = "RAM">   --->   Core 81 'RAM' <Latency = 1> <II = 1> <Delay = 2.32> <Storage> <Opcode : 'load' 'store'> <Ports = 2> <Width = 8> <Depth = 86> <RAM>
ST_15 : Operation 203 [1/2] ( I:2.32ns O:2.32ns )   --->   "%line_buffer_4_load_2 = load i7 %line_buffer_4_addr_3" [../Sobel.cpp:41]   --->   Operation 203 'load' 'line_buffer_4_load_2' <Predicate = (trunc_ln22_1 == 1 & and_ln35 & !tmp_3)> <Delay = 2.32> <CoreInst = "RAM">   --->   Core 81 'RAM' <Latency = 1> <II = 1> <Delay = 2.32> <Storage> <Opcode : 'load' 'store'> <Ports = 2> <Width = 8> <Depth = 86> <RAM>
ST_15 : Operation 204 [1/2] ( I:2.32ns O:2.32ns )   --->   "%line_buffer_5_load_2 = load i7 %line_buffer_5_addr_3" [../Sobel.cpp:41]   --->   Operation 204 'load' 'line_buffer_5_load_2' <Predicate = (and_ln35 & trunc_ln22_1 == 2 & !tmp_3)> <Delay = 2.32> <CoreInst = "RAM">   --->   Core 81 'RAM' <Latency = 1> <II = 1> <Delay = 2.32> <Storage> <Opcode : 'load' 'store'> <Ports = 2> <Width = 8> <Depth = 86> <RAM>

State 16 <SV = 15> <Delay = 3.25>
ST_16 : Operation 205 [1/2] ( I:2.32ns O:2.32ns )   --->   "%line_buffer_load_3 = load i7 %line_buffer_addr_3" [../Sobel.cpp:41]   --->   Operation 205 'load' 'line_buffer_load_3' <Predicate = (trunc_ln22_1 == 0 & and_ln35 & !tmp_3)> <Delay = 2.32> <CoreInst = "RAM_1WnR">   --->   Core 82 'RAM_1WnR' <Latency = 1> <II = 1> <Delay = 2.32> <Storage> <Opcode : 'load' 'store'> <Ports = 17> <Width = 8> <Depth = 86> <RAM>
ST_16 : Operation 206 [1/2] ( I:2.32ns O:2.32ns )   --->   "%line_buffer_1_load_3 = load i7 %line_buffer_1_addr_3" [../Sobel.cpp:41]   --->   Operation 206 'load' 'line_buffer_1_load_3' <Predicate = (trunc_ln22_1 == 1 & and_ln35 & !tmp_3)> <Delay = 2.32> <CoreInst = "RAM_1WnR">   --->   Core 82 'RAM_1WnR' <Latency = 1> <II = 1> <Delay = 2.32> <Storage> <Opcode : 'load' 'store'> <Ports = 17> <Width = 8> <Depth = 86> <RAM>
ST_16 : Operation 207 [1/2] ( I:2.32ns O:2.32ns )   --->   "%line_buffer_2_load_3 = load i7 %line_buffer_2_addr_3" [../Sobel.cpp:41]   --->   Operation 207 'load' 'line_buffer_2_load_3' <Predicate = (and_ln35 & trunc_ln22_1 == 2 & !tmp_3)> <Delay = 2.32> <CoreInst = "RAM_1WnR">   --->   Core 82 'RAM_1WnR' <Latency = 1> <II = 1> <Delay = 2.32> <Storage> <Opcode : 'load' 'store'> <Ports = 17> <Width = 8> <Depth = 86> <RAM>
ST_16 : Operation 208 [1/1] (0.00ns)   --->   "%line_buffer_1_addr_2_21 = getelementptr i8 %line_buffer_1, i64 0, i64 %zext_ln22" [../Sobel.cpp:41]   --->   Operation 208 'getelementptr' 'line_buffer_1_addr_2_21' <Predicate = (and_ln35 & !tmp_3)> <Delay = 0.00>
ST_16 : Operation 209 [2/2] (3.25ns)   --->   "%px_4 = load i8 %line_buffer_1_addr_2_21" [../Sobel.cpp:41]   --->   Operation 209 'load' 'px_4' <Predicate = (and_ln35 & !tmp_3)> <Delay = 3.25> <CoreInst = "RAM_1WnR">   --->   Core 82 'RAM_1WnR' <Latency = 1> <II = 1> <Delay = 3.25> <Storage> <Opcode : 'load' 'store'> <Ports = 17> <Width = 8> <Depth = 256> <RAM>

State 17 <SV = 16> <Delay = 8.51>
ST_17 : Operation 210 [1/1] (1.58ns)   --->   "%px = sparsemux i8 @_ssdm_op_SparseMux.ap_auto.3i8.i8.i2, i2 2, i8 %line_buffer_load_1, i2 0, i8 %line_buffer_1_load_1, i2 1, i8 %line_buffer_2_load_1, i8 0, i2 %trunc_ln22_1" [../Sobel.cpp:41]   --->   Operation 210 'sparsemux' 'px' <Predicate = (and_ln35)> <Delay = 1.58> <CoreInst = "OneHotSparseMux_HasDef">   --->   Core 140 'OneHotSparseMux_HasDef' <Latency = 0> <II = 1> <Delay = 1.58> <FuncUnit> <Opcode : 'sparsemux'> <InPorts = 2> <OutPorts = 1>
ST_17 : Operation 211 [1/1] (0.00ns) (grouped into LUT with out node gx)   --->   "%zext_ln41_2 = zext i8 %px" [../Sobel.cpp:41]   --->   Operation 211 'zext' 'zext_ln41_2' <Predicate = (and_ln35)> <Delay = 0.00>
ST_17 : Operation 212 [1/1] (0.00ns)   --->   "%zext_ln41_3 = zext i8 %px" [../Sobel.cpp:41]   --->   Operation 212 'zext' 'zext_ln41_3' <Predicate = (and_ln35)> <Delay = 0.00>
ST_17 : Operation 213 [1/1] (1.58ns)   --->   "%px_1 = sparsemux i8 @_ssdm_op_SparseMux.ap_auto.3i8.i8.i2, i2 1, i8 %line_buffer_load_2, i2 2, i8 %line_buffer_1_load_2, i2 0, i8 %line_buffer_2_load_2, i8 0, i2 %trunc_ln22_1" [../Sobel.cpp:41]   --->   Operation 213 'sparsemux' 'px_1' <Predicate = (and_ln35)> <Delay = 1.58> <CoreInst = "OneHotSparseMux_HasDef">   --->   Core 140 'OneHotSparseMux_HasDef' <Latency = 0> <II = 1> <Delay = 1.58> <FuncUnit> <Opcode : 'sparsemux'> <InPorts = 2> <OutPorts = 1>
ST_17 : Operation 214 [1/1] (0.00ns)   --->   "%tmp_8 = bitconcatenate i9 @_ssdm_op_BitConcatenate.i9.i8.i1, i8 %px_1, i1 0" [../Sobel.cpp:43]   --->   Operation 214 'bitconcatenate' 'tmp_8' <Predicate = (and_ln35)> <Delay = 0.00>
ST_17 : Operation 215 [1/1] (0.00ns)   --->   "%zext_ln43_2 = zext i9 %tmp_8" [../Sobel.cpp:43]   --->   Operation 215 'zext' 'zext_ln43_2' <Predicate = (and_ln35)> <Delay = 0.00>
ST_17 : Operation 216 [1/1] (1.82ns)   --->   "%sub_ln43 = sub i10 0, i10 %zext_ln43_2" [../Sobel.cpp:43]   --->   Operation 216 'sub' 'sub_ln43' <Predicate = (and_ln35)> <Delay = 1.82> <CoreInst = "Adder">   --->   Core 1 'Adder' <Latency = 0> <II = 1> <Delay = 1.82> <FuncUnit> <Opcode : 'add' 'sub'> <InPorts = 2> <OutPorts = 1>
ST_17 : Operation 217 [1/1] (0.00ns)   --->   "%sext_ln43 = sext i10 %sub_ln43" [../Sobel.cpp:43]   --->   Operation 217 'sext' 'sext_ln43' <Predicate = (and_ln35)> <Delay = 0.00>
ST_17 : Operation 218 [1/1] (1.73ns)   --->   "%gy = sub i11 %sext_ln43, i11 %zext_ln41_3" [../Sobel.cpp:43]   --->   Operation 218 'sub' 'gy' <Predicate = (and_ln35)> <Delay = 1.73> <CoreInst = "Adder">   --->   Core 1 'Adder' <Latency = 0> <II = 1> <Delay = 1.73> <FuncUnit> <Opcode : 'add' 'sub'> <InPorts = 2> <OutPorts = 1>
ST_17 : Operation 219 [1/1] (1.58ns)   --->   "%px_2 = sparsemux i8 @_ssdm_op_SparseMux.ap_auto.3i8.i8.i2, i2 0, i8 %line_buffer_load_3, i2 1, i8 %line_buffer_1_load_3, i2 2, i8 %line_buffer_2_load_3, i8 0, i2 %trunc_ln22_1" [../Sobel.cpp:41]   --->   Operation 219 'sparsemux' 'px_2' <Predicate = (and_ln35)> <Delay = 1.58> <CoreInst = "OneHotSparseMux_HasDef">   --->   Core 140 'OneHotSparseMux_HasDef' <Latency = 0> <II = 1> <Delay = 1.58> <FuncUnit> <Opcode : 'sparsemux'> <InPorts = 2> <OutPorts = 1>
ST_17 : Operation 220 [1/1] (0.00ns)   --->   "%zext_ln41_6 = zext i8 %px_2" [../Sobel.cpp:41]   --->   Operation 220 'zext' 'zext_ln41_6' <Predicate = (and_ln35 & !tmp_3)> <Delay = 0.00>
ST_17 : Operation 221 [1/1] (1.63ns)   --->   "%gy_1 = sub i11 %gy, i11 %zext_ln41_6" [../Sobel.cpp:43]   --->   Operation 221 'sub' 'gy_1' <Predicate = (and_ln35 & !tmp_3)> <Delay = 1.63> <CoreInst = "Adder">   --->   Core 1 'Adder' <Latency = 0> <II = 1> <Delay = 1.63> <FuncUnit> <Opcode : 'add' 'sub'> <InPorts = 2> <OutPorts = 1>
ST_17 : Operation 222 [1/1] (0.00ns) (grouped into LUT with out node gy_3)   --->   "%gy_2 = select i1 %tmp_3, i11 %gy, i11 %gy_1" [../Sobel.cpp:27]   --->   Operation 222 'select' 'gy_2' <Predicate = (and_ln35)> <Delay = 0.00> <CoreInst = "Sel">   --->   Core 73 'Sel' <Latency = 0> <II = 1> <Delay = 0.69> <FuncUnit> <Opcode : 'select'> <InPorts = 3> <OutPorts = 1>
ST_17 : Operation 223 [1/1] (0.00ns) (grouped into LUT with out node gx)   --->   "%conv_2218_pn = select i1 %tmp_3, i8 0, i8 %px_2" [../Sobel.cpp:27]   --->   Operation 223 'select' 'conv_2218_pn' <Predicate = (and_ln35)> <Delay = 0.00> <CoreInst = "Sel">   --->   Core 73 'Sel' <Latency = 0> <II = 1> <Delay = 1.24> <FuncUnit> <Opcode : 'select'> <InPorts = 3> <OutPorts = 1>
ST_17 : Operation 224 [1/1] (0.00ns) (grouped into LUT with out node gx)   --->   "%zext_ln36 = zext i8 %conv_2218_pn" [../Sobel.cpp:36]   --->   Operation 224 'zext' 'zext_ln36' <Predicate = (and_ln35)> <Delay = 0.00>
ST_17 : Operation 225 [1/1] (1.91ns) (out node of the LUT)   --->   "%gx = sub i9 %zext_ln36, i9 %zext_ln41_2" [../Sobel.cpp:36]   --->   Operation 225 'sub' 'gx' <Predicate = (and_ln35)> <Delay = 1.91> <CoreInst = "Adder">   --->   Core 1 'Adder' <Latency = 0> <II = 1> <Delay = 1.91> <FuncUnit> <Opcode : 'add' 'sub'> <InPorts = 2> <OutPorts = 1>
ST_17 : Operation 226 [1/1] (0.00ns)   --->   "%sext_ln36 = sext i9 %gx" [../Sobel.cpp:36]   --->   Operation 226 'sext' 'sext_ln36' <Predicate = (and_ln35)> <Delay = 0.00>
ST_17 : Operation 227 [1/1] (0.00ns)   --->   "%tmp_9 = bitconcatenate i9 @_ssdm_op_BitConcatenate.i9.i8.i1, i8 %px_3, i1 0" [../Sobel.cpp:42]   --->   Operation 227 'bitconcatenate' 'tmp_9' <Predicate = (and_ln35)> <Delay = 0.00>
ST_17 : Operation 228 [1/1] (0.00ns)   --->   "%zext_ln42_1 = zext i9 %tmp_9" [../Sobel.cpp:42]   --->   Operation 228 'zext' 'zext_ln42_1' <Predicate = (and_ln35)> <Delay = 0.00>
ST_17 : Operation 229 [1/1] (1.82ns)   --->   "%sub_ln42 = sub i10 0, i10 %zext_ln42_1" [../Sobel.cpp:42]   --->   Operation 229 'sub' 'sub_ln42' <Predicate = (and_ln35)> <Delay = 1.82> <CoreInst = "Adder">   --->   Core 1 'Adder' <Latency = 0> <II = 1> <Delay = 1.82> <FuncUnit> <Opcode : 'add' 'sub'> <InPorts = 2> <OutPorts = 1>
ST_17 : Operation 230 [1/1] (0.00ns)   --->   "%sext_ln42 = sext i10 %sub_ln42" [../Sobel.cpp:42]   --->   Operation 230 'sext' 'sext_ln42' <Predicate = (and_ln35)> <Delay = 0.00>
ST_17 : Operation 231 [1/1] (1.73ns)   --->   "%gx_1 = add i11 %sext_ln42, i11 %sext_ln36" [../Sobel.cpp:42]   --->   Operation 231 'add' 'gx_1' <Predicate = (and_ln35)> <Delay = 1.73> <CoreInst = "Adder">   --->   Core 1 'Adder' <Latency = 0> <II = 1> <Delay = 1.73> <FuncUnit> <Opcode : 'add' 'sub'> <InPorts = 2> <OutPorts = 1>
ST_17 : Operation 232 [1/2] ( I:3.25ns O:3.25ns )   --->   "%px_4 = load i8 %line_buffer_1_addr_2_21" [../Sobel.cpp:41]   --->   Operation 232 'load' 'px_4' <Predicate = (and_ln35 & !tmp_3)> <Delay = 3.25> <CoreInst = "RAM_1WnR">   --->   Core 82 'RAM_1WnR' <Latency = 1> <II = 1> <Delay = 3.25> <Storage> <Opcode : 'load' 'store'> <Ports = 17> <Width = 8> <Depth = 256> <RAM>
ST_17 : Operation 233 [1/1] (0.00ns)   --->   "%shl_ln = bitconcatenate i9 @_ssdm_op_BitConcatenate.i9.i8.i1, i8 %px_4, i1 0" [../Sobel.cpp:42]   --->   Operation 233 'bitconcatenate' 'shl_ln' <Predicate = (and_ln35 & !tmp_3)> <Delay = 0.00>
ST_17 : Operation 234 [1/1] (0.00ns)   --->   "%zext_ln42 = zext i9 %shl_ln" [../Sobel.cpp:42]   --->   Operation 234 'zext' 'zext_ln42' <Predicate = (and_ln35 & !tmp_3)> <Delay = 0.00>
ST_17 : Operation 235 [1/1] (1.63ns)   --->   "%gx_2 = add i11 %zext_ln42, i11 %gx_1" [../Sobel.cpp:42]   --->   Operation 235 'add' 'gx_2' <Predicate = (and_ln35 & !tmp_3)> <Delay = 1.63> <CoreInst = "Adder">   --->   Core 1 'Adder' <Latency = 0> <II = 1> <Delay = 1.63> <FuncUnit> <Opcode : 'add' 'sub'> <InPorts = 2> <OutPorts = 1>
ST_17 : Operation 236 [1/1] (0.00ns) (grouped into LUT with out node gx_4)   --->   "%gx_3 = select i1 %tmp_3, i11 %gx_1, i11 %gx_2" [../Sobel.cpp:27]   --->   Operation 236 'select' 'gx_3' <Predicate = (and_ln35)> <Delay = 0.00> <CoreInst = "Sel">   --->   Core 73 'Sel' <Latency = 0> <II = 1> <Delay = 0.69> <FuncUnit> <Opcode : 'select'> <InPorts = 3> <OutPorts = 1>
ST_17 : Operation 237 [1/1] (1.58ns)   --->   "%px_5 = sparsemux i8 @_ssdm_op_SparseMux.ap_auto.3i8.i8.i2, i2 2, i8 %line_buffer_3_load, i2 0, i8 %line_buffer_4_load, i2 1, i8 %line_buffer_5_load, i8 0, i2 %trunc_ln22_1" [../Sobel.cpp:41]   --->   Operation 237 'sparsemux' 'px_5' <Predicate = (and_ln35)> <Delay = 1.58> <CoreInst = "OneHotSparseMux_HasDef">   --->   Core 140 'OneHotSparseMux_HasDef' <Latency = 0> <II = 1> <Delay = 1.58> <FuncUnit> <Opcode : 'sparsemux'> <InPorts = 2> <OutPorts = 1>
ST_17 : Operation 238 [1/1] (0.00ns)   --->   "%zext_ln41_8 = zext i8 %px_5" [../Sobel.cpp:41]   --->   Operation 238 'zext' 'zext_ln41_8' <Predicate = (and_ln35)> <Delay = 0.00>
ST_17 : Operation 239 [1/1] (0.00ns) (grouped into LUT with out node gx_4)   --->   "%zext_ln41_9 = zext i8 %px_5" [../Sobel.cpp:41]   --->   Operation 239 'zext' 'zext_ln41_9' <Predicate = (and_ln35)> <Delay = 0.00>
ST_17 : Operation 240 [1/1] (1.63ns) (out node of the LUT)   --->   "%gx_4 = sub i11 %gx_3, i11 %zext_ln41_9" [../Sobel.cpp:42]   --->   Operation 240 'sub' 'gx_4' <Predicate = (and_ln35)> <Delay = 1.63> <CoreInst = "Adder">   --->   Core 1 'Adder' <Latency = 0> <II = 1> <Delay = 1.63> <FuncUnit> <Opcode : 'add' 'sub'> <InPorts = 2> <OutPorts = 1>
ST_17 : Operation 241 [1/1] (1.58ns)   --->   "%px_6 = sparsemux i8 @_ssdm_op_SparseMux.ap_auto.3i8.i8.i2, i2 1, i8 %line_buffer_3_load_1, i2 2, i8 %line_buffer_4_load_1, i2 0, i8 %line_buffer_5_load_1, i8 0, i2 %trunc_ln22_1" [../Sobel.cpp:41]   --->   Operation 241 'sparsemux' 'px_6' <Predicate = (and_ln35)> <Delay = 1.58> <CoreInst = "OneHotSparseMux_HasDef">   --->   Core 140 'OneHotSparseMux_HasDef' <Latency = 0> <II = 1> <Delay = 1.58> <FuncUnit> <Opcode : 'sparsemux'> <InPorts = 2> <OutPorts = 1>
ST_17 : Operation 242 [1/1] (0.00ns)   --->   "%shl_ln1 = bitconcatenate i9 @_ssdm_op_BitConcatenate.i9.i8.i1, i8 %px_6, i1 0" [../Sobel.cpp:43]   --->   Operation 242 'bitconcatenate' 'shl_ln1' <Predicate = (and_ln35)> <Delay = 0.00>
ST_17 : Operation 243 [1/1] (0.00ns)   --->   "%zext_ln43 = zext i9 %shl_ln1" [../Sobel.cpp:43]   --->   Operation 243 'zext' 'zext_ln43' <Predicate = (and_ln35)> <Delay = 0.00>
ST_17 : Operation 244 [1/1] (1.82ns)   --->   "%add_ln43 = add i10 %zext_ln43, i10 %zext_ln41_8" [../Sobel.cpp:43]   --->   Operation 244 'add' 'add_ln43' <Predicate = (and_ln35)> <Delay = 1.82> <CoreInst = "Adder">   --->   Core 1 'Adder' <Latency = 0> <II = 1> <Delay = 1.82> <FuncUnit> <Opcode : 'add' 'sub'> <InPorts = 2> <OutPorts = 1>
ST_17 : Operation 245 [1/1] (0.00ns) (grouped into LUT with out node gy_3)   --->   "%zext_ln43_1 = zext i10 %add_ln43" [../Sobel.cpp:43]   --->   Operation 245 'zext' 'zext_ln43_1' <Predicate = (and_ln35)> <Delay = 0.00>
ST_17 : Operation 246 [1/1] (1.63ns) (out node of the LUT)   --->   "%gy_3 = add i11 %zext_ln43_1, i11 %gy_2" [../Sobel.cpp:43]   --->   Operation 246 'add' 'gy_3' <Predicate = (and_ln35)> <Delay = 1.63> <CoreInst = "Adder">   --->   Core 1 'Adder' <Latency = 0> <II = 1> <Delay = 1.63> <FuncUnit> <Opcode : 'add' 'sub'> <InPorts = 2> <OutPorts = 1>

State 18 <SV = 17> <Delay = 8.25>
ST_18 : Operation 247 [1/1] (1.58ns)   --->   "%px_7 = sparsemux i8 @_ssdm_op_SparseMux.ap_auto.3i8.i8.i2, i2 0, i8 %line_buffer_3_load_2, i2 1, i8 %line_buffer_4_load_2, i2 2, i8 %line_buffer_5_load_2, i8 0, i2 %trunc_ln22_1" [../Sobel.cpp:41]   --->   Operation 247 'sparsemux' 'px_7' <Predicate = (and_ln35)> <Delay = 1.58> <CoreInst = "OneHotSparseMux_HasDef">   --->   Core 140 'OneHotSparseMux_HasDef' <Latency = 0> <II = 1> <Delay = 1.58> <FuncUnit> <Opcode : 'sparsemux'> <InPorts = 2> <OutPorts = 1>
ST_18 : Operation 248 [1/1] (0.00ns)   --->   "%zext_ln41_10 = zext i8 %px_7" [../Sobel.cpp:41]   --->   Operation 248 'zext' 'zext_ln41_10' <Predicate = (and_ln35)> <Delay = 0.00>
ST_18 : Operation 249 [1/1] (1.63ns)   --->   "%gx_5 = add i11 %gx_4, i11 %zext_ln41_10" [../Sobel.cpp:42]   --->   Operation 249 'add' 'gx_5' <Predicate = (and_ln35 & !tmp_3)> <Delay = 1.63> <CoreInst = "Adder">   --->   Core 1 'Adder' <Latency = 0> <II = 1> <Delay = 1.63> <FuncUnit> <Opcode : 'add' 'sub'> <InPorts = 2> <OutPorts = 1>
ST_18 : Operation 250 [1/1] (1.63ns)   --->   "%gy_4 = add i11 %gy_3, i11 %zext_ln41_10" [../Sobel.cpp:43]   --->   Operation 250 'add' 'gy_4' <Predicate = (and_ln35 & !tmp_3)> <Delay = 1.63> <CoreInst = "Adder">   --->   Core 1 'Adder' <Latency = 0> <II = 1> <Delay = 1.63> <FuncUnit> <Opcode : 'add' 'sub'> <InPorts = 2> <OutPorts = 1>
ST_18 : Operation 251 [1/1] (0.69ns)   --->   "%gy_5 = select i1 %tmp_3, i11 %gy_3, i11 %gy_4" [../Sobel.cpp:27]   --->   Operation 251 'select' 'gy_5' <Predicate = (and_ln35)> <Delay = 0.69> <CoreInst = "Sel">   --->   Core 73 'Sel' <Latency = 0> <II = 1> <Delay = 0.69> <FuncUnit> <Opcode : 'select'> <InPorts = 3> <OutPorts = 1>
ST_18 : Operation 252 [1/1] (0.00ns)   --->   "%trunc_ln36 = trunc i11 %gy_5" [../Sobel.cpp:36]   --->   Operation 252 'trunc' 'trunc_ln36' <Predicate = (and_ln35)> <Delay = 0.00>
ST_18 : Operation 253 [1/1] (0.69ns)   --->   "%gx_6 = select i1 %tmp_3, i11 %gx_4, i11 %gx_5" [../Sobel.cpp:27]   --->   Operation 253 'select' 'gx_6' <Predicate = (and_ln35)> <Delay = 0.69> <CoreInst = "Sel">   --->   Core 73 'Sel' <Latency = 0> <II = 1> <Delay = 0.69> <FuncUnit> <Opcode : 'select'> <InPorts = 3> <OutPorts = 1>
ST_18 : Operation 254 [1/1] (0.00ns)   --->   "%trunc_ln36_1 = trunc i11 %gx_6" [../Sobel.cpp:36]   --->   Operation 254 'trunc' 'trunc_ln36_1' <Predicate = (and_ln35)> <Delay = 0.00>
ST_18 : Operation 255 [1/1] (1.73ns)   --->   "%neg = sub i10 0, i10 %trunc_ln36_1" [../Sobel.cpp:36]   --->   Operation 255 'sub' 'neg' <Predicate = (and_ln35)> <Delay = 1.73> <CoreInst = "Adder">   --->   Core 1 'Adder' <Latency = 0> <II = 1> <Delay = 1.73> <FuncUnit> <Opcode : 'add' 'sub'> <InPorts = 2> <OutPorts = 1>
ST_18 : Operation 256 [1/1] (1.63ns)   --->   "%abscond = icmp_sgt  i11 %gx_6, i11 0" [../Sobel.cpp:27]   --->   Operation 256 'icmp' 'abscond' <Predicate = (and_ln35)> <Delay = 1.63> <CoreInst = "Cmp">   --->   Core 9 'Cmp' <Latency = 0> <II = 1> <Delay = 1.63> <FuncUnit> <Opcode : 'seteq' 'setne' 'setle' 'setge' 'setlt' 'setgt'> <InPorts = 2> <OutPorts = 1>
ST_18 : Operation 257 [1/1] (0.68ns)   --->   "%abs = select i1 %abscond, i10 %trunc_ln36_1, i10 %neg" [../Sobel.cpp:27]   --->   Operation 257 'select' 'abs' <Predicate = (and_ln35)> <Delay = 0.68> <CoreInst = "Sel">   --->   Core 73 'Sel' <Latency = 0> <II = 1> <Delay = 0.68> <FuncUnit> <Opcode : 'select'> <InPorts = 3> <OutPorts = 1>
ST_18 : Operation 258 [1/1] (0.00ns)   --->   "%empty_22 = trunc i10 %abs" [../Sobel.cpp:27]   --->   Operation 258 'trunc' 'empty_22' <Predicate = (and_ln35)> <Delay = 0.00>
ST_18 : Operation 259 [1/1] (0.00ns)   --->   "%abs_cast = zext i10 %abs" [../Sobel.cpp:27]   --->   Operation 259 'zext' 'abs_cast' <Predicate = (and_ln35)> <Delay = 0.00>
ST_18 : Operation 260 [1/1] (1.73ns)   --->   "%neg1 = sub i10 0, i10 %trunc_ln36" [../Sobel.cpp:36]   --->   Operation 260 'sub' 'neg1' <Predicate = (and_ln35)> <Delay = 1.73> <CoreInst = "Adder">   --->   Core 1 'Adder' <Latency = 0> <II = 1> <Delay = 1.73> <FuncUnit> <Opcode : 'add' 'sub'> <InPorts = 2> <OutPorts = 1>
ST_18 : Operation 261 [1/1] (1.63ns)   --->   "%abscond2 = icmp_sgt  i11 %gy_5, i11 0" [../Sobel.cpp:27]   --->   Operation 261 'icmp' 'abscond2' <Predicate = (and_ln35)> <Delay = 1.63> <CoreInst = "Cmp">   --->   Core 9 'Cmp' <Latency = 0> <II = 1> <Delay = 1.63> <FuncUnit> <Opcode : 'seteq' 'setne' 'setle' 'setge' 'setlt' 'setgt'> <InPorts = 2> <OutPorts = 1>
ST_18 : Operation 262 [1/1] (0.68ns)   --->   "%abs3 = select i1 %abscond2, i10 %trunc_ln36, i10 %neg1" [../Sobel.cpp:27]   --->   Operation 262 'select' 'abs3' <Predicate = (and_ln35)> <Delay = 0.68> <CoreInst = "Sel">   --->   Core 73 'Sel' <Latency = 0> <II = 1> <Delay = 0.68> <FuncUnit> <Opcode : 'select'> <InPorts = 3> <OutPorts = 1>
ST_18 : Operation 263 [1/1] (0.00ns)   --->   "%trunc_ln49 = trunc i10 %abs3" [../Sobel.cpp:49]   --->   Operation 263 'trunc' 'trunc_ln49' <Predicate = (and_ln35)> <Delay = 0.00>
ST_18 : Operation 264 [1/1] (0.00ns)   --->   "%zext_ln49 = zext i10 %abs3" [../Sobel.cpp:49]   --->   Operation 264 'zext' 'zext_ln49' <Predicate = (and_ln35)> <Delay = 0.00>
ST_18 : Operation 265 [1/1] (1.91ns)   --->   "%add_ln52 = add i8 %empty_22, i8 %trunc_ln49" [../Sobel.cpp:52]   --->   Operation 265 'add' 'add_ln52' <Predicate = (and_ln35)> <Delay = 1.91> <CoreInst = "Adder">   --->   Core 1 'Adder' <Latency = 0> <II = 1> <Delay = 1.91> <FuncUnit> <Opcode : 'add' 'sub'> <InPorts = 2> <OutPorts = 1>
ST_18 : Operation 266 [1/1] (1.73ns)   --->   "%mag = add i11 %abs_cast, i11 %zext_ln49" [../Sobel.cpp:49]   --->   Operation 266 'add' 'mag' <Predicate = (and_ln35)> <Delay = 1.73> <CoreInst = "Adder">   --->   Core 1 'Adder' <Latency = 0> <II = 1> <Delay = 1.73> <FuncUnit> <Opcode : 'add' 'sub'> <InPorts = 2> <OutPorts = 1>
ST_18 : Operation 267 [1/1] (0.00ns)   --->   "%tmp_10 = partselect i3 @_ssdm_op_PartSelect.i3.i11.i32.i32, i11 %mag, i32 8, i32 10" [../Sobel.cpp:50]   --->   Operation 267 'partselect' 'tmp_10' <Predicate = (and_ln35)> <Delay = 0.00>

State 19 <SV = 18> <Delay = 4.47>
ST_19 : Operation 268 [1/1] (1.65ns)   --->   "%icmp_ln50 = icmp_ne  i3 %tmp_10, i3 0" [../Sobel.cpp:50]   --->   Operation 268 'icmp' 'icmp_ln50' <Predicate = (and_ln35)> <Delay = 1.65> <CoreInst = "Cmp">   --->   Core 9 'Cmp' <Latency = 0> <II = 1> <Delay = 1.65> <FuncUnit> <Opcode : 'seteq' 'setne' 'setle' 'setge' 'setlt' 'setgt'> <InPorts = 2> <OutPorts = 1>
ST_19 : Operation 269 [1/1] (1.24ns)   --->   "%pix_out_data = select i1 %icmp_ln50, i8 255, i8 %add_ln52" [../Sobel.cpp:52]   --->   Operation 269 'select' 'pix_out_data' <Predicate = (and_ln35)> <Delay = 1.24> <CoreInst = "Sel">   --->   Core 73 'Sel' <Latency = 0> <II = 1> <Delay = 1.24> <FuncUnit> <Opcode : 'select'> <InPorts = 3> <OutPorts = 1>
ST_19 : Operation 270 [2/2] (1.57ns)   --->   "%write_ln59 = write void @_ssdm_op_Write.axis.volatile.i8P0A.i1P0A.i1P0A.i1P0A.i1P0A.i1P0A.i1P0A, i8 %out_stream_V_data_V, i1 %out_stream_V_keep_V, i1 %out_stream_V_strb_V, i1 %out_stream_V_user_V, i1 %out_stream_V_last_V, i1 %out_stream_V_id_V, i1 %out_stream_V_dest_V, i8 %pix_out_data, i1 1, i1 1, i1 0, i1 %pix_out_last, i1 0, i1 0" [../Sobel.cpp:59]   --->   Operation 270 'write' 'write_ln59' <Predicate = (and_ln35)> <Delay = 1.57> <CoreInst = "regslice">   --->   Core 135 'regslice' <Latency = 0> <II = 1> <Delay = 2.22> <Adapter> <Opcode : 'read' 'write'>

State 20 <SV = 19> <Delay = 1.58>
ST_20 : Operation 271 [1/2] (1.57ns)   --->   "%write_ln59 = write void @_ssdm_op_Write.axis.volatile.i8P0A.i1P0A.i1P0A.i1P0A.i1P0A.i1P0A.i1P0A, i8 %out_stream_V_data_V, i1 %out_stream_V_keep_V, i1 %out_stream_V_strb_V, i1 %out_stream_V_user_V, i1 %out_stream_V_last_V, i1 %out_stream_V_id_V, i1 %out_stream_V_dest_V, i8 %pix_out_data, i1 1, i1 1, i1 0, i1 %pix_out_last, i1 0, i1 0" [../Sobel.cpp:59]   --->   Operation 271 'write' 'write_ln59' <Predicate = (and_ln35)> <Delay = 1.57> <CoreInst = "regslice">   --->   Core 135 'regslice' <Latency = 0> <II = 1> <Delay = 2.22> <Adapter> <Opcode : 'read' 'write'>
ST_20 : Operation 272 [1/1] (0.00ns)   --->   "%br_ln60 = br void %for.inc71" [../Sobel.cpp:60]   --->   Operation 272 'br' 'br_ln60' <Predicate = (and_ln35)> <Delay = 0.00>
ST_20 : Operation 273 [1/1] (1.58ns)   --->   "%ret_ln63 = ret" [../Sobel.cpp:63]   --->   Operation 273 'ret' 'ret_ln63' <Predicate = (icmp_ln21)> <Delay = 1.58>


============================================================
+ Verbose Summary: Binding
============================================================
STG Binding: 
---------------- STG Properties BEGIN ----------------
- Is combinational: 0
- Is one-state seq: 0
- Is datapath-only: 0
- Is pipelined: 0
- Is top level: 1
Port [ Return ] is wired: 1; IO mode=ap_ctrl_none:ce=0
Port [ in_stream_V_data_V]:  wired=1; compound=1; hidden=0; nouse=0; global=0; static=0; extern=0; dir=0; type=0; pingpong=0; private_global=0; IO mode=axis:ce=0
Port [ in_stream_V_keep_V]:  wired=1; compound=1; hidden=0; nouse=0; global=0; static=0; extern=0; dir=0; type=0; pingpong=0; private_global=0; IO mode=axis:ce=0
Port [ in_stream_V_strb_V]:  wired=1; compound=1; hidden=0; nouse=0; global=0; static=0; extern=0; dir=0; type=0; pingpong=0; private_global=0; IO mode=axis:ce=0
Port [ in_stream_V_user_V]:  wired=1; compound=1; hidden=0; nouse=0; global=0; static=0; extern=0; dir=0; type=0; pingpong=0; private_global=0; IO mode=axis:ce=0
Port [ in_stream_V_last_V]:  wired=1; compound=1; hidden=0; nouse=0; global=0; static=0; extern=0; dir=0; type=0; pingpong=0; private_global=0; IO mode=axis:ce=0
Port [ in_stream_V_id_V]:  wired=1; compound=1; hidden=0; nouse=0; global=0; static=0; extern=0; dir=0; type=0; pingpong=0; private_global=0; IO mode=axis:ce=0
Port [ in_stream_V_dest_V]:  wired=1; compound=1; hidden=0; nouse=0; global=0; static=0; extern=0; dir=0; type=0; pingpong=0; private_global=0; IO mode=axis:ce=0
Port [ out_stream_V_data_V]:  wired=1; compound=1; hidden=0; nouse=0; global=0; static=0; extern=0; dir=1; type=0; pingpong=0; private_global=0; IO mode=axis:ce=0
Port [ out_stream_V_keep_V]:  wired=1; compound=1; hidden=0; nouse=0; global=0; static=0; extern=0; dir=1; type=0; pingpong=0; private_global=0; IO mode=axis:ce=0
Port [ out_stream_V_strb_V]:  wired=1; compound=1; hidden=0; nouse=0; global=0; static=0; extern=0; dir=1; type=0; pingpong=0; private_global=0; IO mode=axis:ce=0
Port [ out_stream_V_user_V]:  wired=1; compound=1; hidden=0; nouse=0; global=0; static=0; extern=0; dir=1; type=0; pingpong=0; private_global=0; IO mode=axis:ce=0
Port [ out_stream_V_last_V]:  wired=1; compound=1; hidden=0; nouse=0; global=0; static=0; extern=0; dir=1; type=0; pingpong=0; private_global=0; IO mode=axis:ce=0
Port [ out_stream_V_id_V]:  wired=1; compound=1; hidden=0; nouse=0; global=0; static=0; extern=0; dir=1; type=0; pingpong=0; private_global=0; IO mode=axis:ce=0
Port [ out_stream_V_dest_V]:  wired=1; compound=1; hidden=0; nouse=0; global=0; static=0; extern=0; dir=1; type=0; pingpong=0; private_global=0; IO mode=axis:ce=0
---------------- STG Properties END ------------------

---------------- Datapath Model BEGIN ----------------

<LifeTime>
<method=bitvector/>
indvar_flatten7          (alloca             ) [ 010000000000000000000]
row8                     (alloca             ) [ 010000000000000000000]
col9                     (alloca             ) [ 010000000000000000000]
row_111                  (alloca             ) [ 010000000000000000000]
spectopmodule_ln10       (spectopmodule      ) [ 000000000000000000000]
specinterface_ln10       (specinterface      ) [ 000000000000000000000]
specinterface_ln0        (specinterface      ) [ 000000000000000000000]
specbitsmap_ln0          (specbitsmap        ) [ 000000000000000000000]
specbitsmap_ln0          (specbitsmap        ) [ 000000000000000000000]
specbitsmap_ln0          (specbitsmap        ) [ 000000000000000000000]
specbitsmap_ln0          (specbitsmap        ) [ 000000000000000000000]
specbitsmap_ln0          (specbitsmap        ) [ 000000000000000000000]
specbitsmap_ln0          (specbitsmap        ) [ 000000000000000000000]
specbitsmap_ln0          (specbitsmap        ) [ 000000000000000000000]
specinterface_ln0        (specinterface      ) [ 000000000000000000000]
specbitsmap_ln0          (specbitsmap        ) [ 000000000000000000000]
specbitsmap_ln0          (specbitsmap        ) [ 000000000000000000000]
specbitsmap_ln0          (specbitsmap        ) [ 000000000000000000000]
specbitsmap_ln0          (specbitsmap        ) [ 000000000000000000000]
specbitsmap_ln0          (specbitsmap        ) [ 000000000000000000000]
specbitsmap_ln0          (specbitsmap        ) [ 000000000000000000000]
specbitsmap_ln0          (specbitsmap        ) [ 000000000000000000000]
line_buffer              (alloca             ) [ 011111111111111100000]
line_buffer_1_17         (alloca             ) [ 011111111111111100000]
line_buffer_2            (alloca             ) [ 011111111111111100000]
line_buffer_1            (alloca             ) [ 011111111111111110000]
line_buffer_3            (alloca             ) [ 011111111111111000000]
line_buffer_4            (alloca             ) [ 011111111111111000000]
line_buffer_5            (alloca             ) [ 011111111111111000000]
specaxissidechannel_ln21 (specaxissidechannel) [ 000000000000000000000]
specaxissidechannel_ln21 (specaxissidechannel) [ 000000000000000000000]
store_ln0                (store              ) [ 000000000000000000000]
store_ln0                (store              ) [ 000000000000000000000]
store_ln0                (store              ) [ 000000000000000000000]
store_ln0                (store              ) [ 000000000000000000000]
br_ln0                   (br                 ) [ 000000000000000000000]
icmp_ln2210              (phi                ) [ 010000000000000000000]
indvar_flatten7_load     (load               ) [ 000000000000000000000]
row8_load                (load               ) [ 000000000000000000000]
col9_load                (load               ) [ 000000000000000000000]
row_111_load             (load               ) [ 000000000000000000000]
select_ln21              (select             ) [ 011111111111110000000]
row_2                    (select             ) [ 000000000000000000000]
tmp_1                    (partselect         ) [ 000000000000000000000]
icmp14                   (icmp               ) [ 000000000000000000000]
zext_ln22                (zext               ) [ 011111111111111110000]
trunc_ln22               (trunc              ) [ 011111111111110000000]
tmp_3                    (bitselect          ) [ 011111111111111111100]
or_ln27                  (or                 ) [ 000000000000000000000]
tmp_4                    (bitselect          ) [ 011111111111111100000]
add_ln21                 (add                ) [ 000000000000000000000]
br_ln27                  (br                 ) [ 000000000000000000000]
line_buffer_1_addr       (getelementptr      ) [ 011111111111111100000]
br_ln33                  (br                 ) [ 000000000000000000000]
tmp_5                    (partselect         ) [ 000000000000000000000]
icmp_ln35                (icmp               ) [ 000000000000000000000]
and_ln35                 (and                ) [ 011111111111111111111]
br_ln35                  (br                 ) [ 000000000000000000000]
col                      (add                ) [ 000000000000000000000]
icmp_ln22                (icmp               ) [ 010000000000000000000]
row                      (add                ) [ 000000000000000000000]
icmp_ln21                (icmp               ) [ 011111111111111111111]
store_ln21               (store              ) [ 000000000000000000000]
store_ln22               (store              ) [ 000000000000000000000]
store_ln21               (store              ) [ 000000000000000000000]
store_ln21               (store              ) [ 000000000000000000000]
br_ln21                  (br                 ) [ 010000000000000000000]
line_buffer_1_load       (load               ) [ 010111111111110000000]
specloopname_ln0         (specloopname       ) [ 000000000000000000000]
speclooptripcount_ln0    (speclooptripcount  ) [ 000000000000000000000]
specpipeline_ln23        (specpipeline       ) [ 000000000000000000000]
zext_ln22_2              (zext               ) [ 000000000000000000000]
mul_ln22                 (mul                ) [ 000000000000000000000]
tmp_2                    (partselect         ) [ 000000000000000000000]
zext_ln22_1              (zext               ) [ 010000000000001100000]
urem_ln22                (urem               ) [ 000000000000000000000]
trunc_ln22_1             (trunc              ) [ 010000000000011111100]
line_buffer_3_addr       (getelementptr      ) [ 000000000000000000000]
line_buffer_4_addr       (getelementptr      ) [ 000000000000000000000]
line_buffer_5_addr       (getelementptr      ) [ 000000000000000000000]
switch_ln30              (switch             ) [ 000000000000000000000]
store_ln30               (store              ) [ 000000000000000000000]
store_ln30               (store              ) [ 000000000000000000000]
store_ln30               (store              ) [ 000000000000000000000]
add_ln41                 (add                ) [ 010000000000001000000]
add_ln41_1               (add                ) [ 000000000000000000000]
zext_ln41_7              (zext               ) [ 000000000000000000000]
mul_ln41_1               (mul                ) [ 000000000000000000000]
tmp_7                    (partselect         ) [ 010000000000001000000]
pix_out_last             (icmp               ) [ 010000000000001111111]
empty                    (read               ) [ 000000000000000000000]
pix_in_data              (extractvalue       ) [ 000000000000000000000]
line_buffer_addr         (getelementptr      ) [ 010000000000000100000]
line_buffer_1_addr_18    (getelementptr      ) [ 010000000000000100000]
line_buffer_2_addr       (getelementptr      ) [ 010000000000000100000]
store_ln32               (store              ) [ 000000000000000000000]
br_ln32                  (br                 ) [ 000000000000000000000]
store_ln32               (store              ) [ 000000000000000000000]
br_ln32                  (br                 ) [ 000000000000000000000]
store_ln32               (store              ) [ 000000000000000000000]
br_ln32                  (br                 ) [ 000000000000000000000]
zext_ln41                (zext               ) [ 000000000000000000000]
zext_ln41_5              (zext               ) [ 000000000000000000000]
mul_ln41                 (mul                ) [ 000000000000000000000]
tmp_6                    (partselect         ) [ 000000000000000000000]
zext_ln41_1              (zext               ) [ 000000000000000000000]
line_buffer_addr_1       (getelementptr      ) [ 010000000000000100000]
line_buffer_1_addr_1     (getelementptr      ) [ 010000000000000100000]
line_buffer_2_addr_1     (getelementptr      ) [ 010000000000000100000]
zext_ln41_4              (zext               ) [ 000000000000000000000]
line_buffer_addr_2       (getelementptr      ) [ 010000000000000100000]
line_buffer_1_addr_2     (getelementptr      ) [ 010000000000000100000]
line_buffer_2_addr_2     (getelementptr      ) [ 010000000000000100000]
line_buffer_1_addr_1_20  (getelementptr      ) [ 010000000000000100000]
line_buffer_3_addr_1     (getelementptr      ) [ 010000000000000100000]
line_buffer_4_addr_1     (getelementptr      ) [ 010000000000000100000]
line_buffer_5_addr_1     (getelementptr      ) [ 010000000000000100000]
line_buffer_3_addr_2     (getelementptr      ) [ 010000000000000100000]
line_buffer_4_addr_2     (getelementptr      ) [ 010000000000000100000]
line_buffer_5_addr_2     (getelementptr      ) [ 010000000000000100000]
line_buffer_3_addr_3     (getelementptr      ) [ 010000000000000100000]
line_buffer_4_addr_3     (getelementptr      ) [ 010000000000000100000]
line_buffer_5_addr_3     (getelementptr      ) [ 010000000000000100000]
line_buffer_load         (load               ) [ 000000000000000000000]
line_buffer_1_load_19    (load               ) [ 000000000000000000000]
line_buffer_2_load       (load               ) [ 000000000000000000000]
tmp                      (sparsemux          ) [ 000000000000000000000]
store_ln31               (store              ) [ 000000000000000000000]
line_buffer_load_1       (load               ) [ 010000000000000011000]
line_buffer_1_load_1     (load               ) [ 010000000000000011000]
line_buffer_2_load_1     (load               ) [ 010000000000000011000]
line_buffer_load_2       (load               ) [ 010000000000000011000]
line_buffer_1_load_2     (load               ) [ 010000000000000011000]
line_buffer_2_load_2     (load               ) [ 010000000000000011000]
line_buffer_addr_3       (getelementptr      ) [ 010000000000000010000]
line_buffer_1_addr_3     (getelementptr      ) [ 010000000000000010000]
line_buffer_2_addr_3     (getelementptr      ) [ 010000000000000010000]
px_3                     (load               ) [ 010000000000000011000]
line_buffer_3_load       (load               ) [ 010000000000000011000]
line_buffer_4_load       (load               ) [ 010000000000000011000]
line_buffer_5_load       (load               ) [ 010000000000000011000]
line_buffer_3_load_1     (load               ) [ 010000000000000011000]
line_buffer_4_load_1     (load               ) [ 010000000000000011000]
line_buffer_5_load_1     (load               ) [ 010000000000000011000]
line_buffer_3_load_2     (load               ) [ 010000000000000011100]
line_buffer_4_load_2     (load               ) [ 010000000000000011100]
line_buffer_5_load_2     (load               ) [ 010000000000000011100]
line_buffer_load_3       (load               ) [ 010000000000000001000]
line_buffer_1_load_3     (load               ) [ 010000000000000001000]
line_buffer_2_load_3     (load               ) [ 010000000000000001000]
line_buffer_1_addr_2_21  (getelementptr      ) [ 010000000000000001000]
px                       (sparsemux          ) [ 000000000000000000000]
zext_ln41_2              (zext               ) [ 000000000000000000000]
zext_ln41_3              (zext               ) [ 000000000000000000000]
px_1                     (sparsemux          ) [ 000000000000000000000]
tmp_8                    (bitconcatenate     ) [ 000000000000000000000]
zext_ln43_2              (zext               ) [ 000000000000000000000]
sub_ln43                 (sub                ) [ 000000000000000000000]
sext_ln43                (sext               ) [ 000000000000000000000]
gy                       (sub                ) [ 000000000000000000000]
px_2                     (sparsemux          ) [ 000000000000000000000]
zext_ln41_6              (zext               ) [ 000000000000000000000]
gy_1                     (sub                ) [ 000000000000000000000]
gy_2                     (select             ) [ 000000000000000000000]
conv_2218_pn             (select             ) [ 000000000000000000000]
zext_ln36                (zext               ) [ 000000000000000000000]
gx                       (sub                ) [ 000000000000000000000]
sext_ln36                (sext               ) [ 000000000000000000000]
tmp_9                    (bitconcatenate     ) [ 000000000000000000000]
zext_ln42_1              (zext               ) [ 000000000000000000000]
sub_ln42                 (sub                ) [ 000000000000000000000]
sext_ln42                (sext               ) [ 000000000000000000000]
gx_1                     (add                ) [ 000000000000000000000]
px_4                     (load               ) [ 000000000000000000000]
shl_ln                   (bitconcatenate     ) [ 000000000000000000000]
zext_ln42                (zext               ) [ 000000000000000000000]
gx_2                     (add                ) [ 000000000000000000000]
gx_3                     (select             ) [ 000000000000000000000]
px_5                     (sparsemux          ) [ 000000000000000000000]
zext_ln41_8              (zext               ) [ 000000000000000000000]
zext_ln41_9              (zext               ) [ 000000000000000000000]
gx_4                     (sub                ) [ 010000000000000000100]
px_6                     (sparsemux          ) [ 000000000000000000000]
shl_ln1                  (bitconcatenate     ) [ 000000000000000000000]
zext_ln43                (zext               ) [ 000000000000000000000]
add_ln43                 (add                ) [ 000000000000000000000]
zext_ln43_1              (zext               ) [ 000000000000000000000]
gy_3                     (add                ) [ 010000000000000000100]
px_7                     (sparsemux          ) [ 000000000000000000000]
zext_ln41_10             (zext               ) [ 000000000000000000000]
gx_5                     (add                ) [ 000000000000000000000]
gy_4                     (add                ) [ 000000000000000000000]
gy_5                     (select             ) [ 000000000000000000000]
trunc_ln36               (trunc              ) [ 000000000000000000000]
gx_6                     (select             ) [ 000000000000000000000]
trunc_ln36_1             (trunc              ) [ 000000000000000000000]
neg                      (sub                ) [ 000000000000000000000]
abscond                  (icmp               ) [ 000000000000000000000]
abs                      (select             ) [ 000000000000000000000]
empty_22                 (trunc              ) [ 000000000000000000000]
abs_cast                 (zext               ) [ 000000000000000000000]
neg1                     (sub                ) [ 000000000000000000000]
abscond2                 (icmp               ) [ 000000000000000000000]
abs3                     (select             ) [ 000000000000000000000]
trunc_ln49               (trunc              ) [ 000000000000000000000]
zext_ln49                (zext               ) [ 000000000000000000000]
add_ln52                 (add                ) [ 010000000000000000010]
mag                      (add                ) [ 000000000000000000000]
tmp_10                   (partselect         ) [ 010000000000000000010]
icmp_ln50                (icmp               ) [ 000000000000000000000]
pix_out_data             (select             ) [ 010000000000000000001]
write_ln59               (write              ) [ 000000000000000000000]
br_ln60                  (br                 ) [ 000000000000000000000]
ret_ln63                 (ret                ) [ 000000000000000000000]
</LifeTime>

<model>

<comp_list>
<comp id="0" class="1000" name="in_stream_V_data_V">
<pin_list>
<pin id="1" dir="1" index="0" bw="1" slack="0"/>
</pin_list>
<bind>
<StgValue><ssdm name="in_stream_V_data_V"/></StgValue>
</bind>
</comp>

<comp id="2" class="1000" name="in_stream_V_keep_V">
<pin_list>
<pin id="3" dir="1" index="0" bw="1" slack="0"/>
</pin_list>
<bind>
<StgValue><ssdm name="in_stream_V_keep_V"/></StgValue>
</bind>
</comp>

<comp id="4" class="1000" name="in_stream_V_strb_V">
<pin_list>
<pin id="5" dir="1" index="0" bw="1" slack="0"/>
</pin_list>
<bind>
<StgValue><ssdm name="in_stream_V_strb_V"/></StgValue>
</bind>
</comp>

<comp id="6" class="1000" name="in_stream_V_user_V">
<pin_list>
<pin id="7" dir="1" index="0" bw="1" slack="0"/>
</pin_list>
<bind>
<StgValue><ssdm name="in_stream_V_user_V"/></StgValue>
</bind>
</comp>

<comp id="8" class="1000" name="in_stream_V_last_V">
<pin_list>
<pin id="9" dir="1" index="0" bw="1" slack="0"/>
</pin_list>
<bind>
<StgValue><ssdm name="in_stream_V_last_V"/></StgValue>
</bind>
</comp>

<comp id="10" class="1000" name="in_stream_V_id_V">
<pin_list>
<pin id="11" dir="1" index="0" bw="1" slack="0"/>
</pin_list>
<bind>
<StgValue><ssdm name="in_stream_V_id_V"/></StgValue>
</bind>
</comp>

<comp id="12" class="1000" name="in_stream_V_dest_V">
<pin_list>
<pin id="13" dir="1" index="0" bw="1" slack="0"/>
</pin_list>
<bind>
<StgValue><ssdm name="in_stream_V_dest_V"/></StgValue>
</bind>
</comp>

<comp id="14" class="1000" name="out_stream_V_data_V">
<pin_list>
<pin id="15" dir="1" index="0" bw="1" slack="0"/>
</pin_list>
<bind>
<StgValue><ssdm name="out_stream_V_data_V"/></StgValue>
</bind>
</comp>

<comp id="16" class="1000" name="out_stream_V_keep_V">
<pin_list>
<pin id="17" dir="1" index="0" bw="1" slack="0"/>
</pin_list>
<bind>
<StgValue><ssdm name="out_stream_V_keep_V"/></StgValue>
</bind>
</comp>

<comp id="18" class="1000" name="out_stream_V_strb_V">
<pin_list>
<pin id="19" dir="1" index="0" bw="1" slack="0"/>
</pin_list>
<bind>
<StgValue><ssdm name="out_stream_V_strb_V"/></StgValue>
</bind>
</comp>

<comp id="20" class="1000" name="out_stream_V_user_V">
<pin_list>
<pin id="21" dir="1" index="0" bw="1" slack="0"/>
</pin_list>
<bind>
<StgValue><ssdm name="out_stream_V_user_V"/></StgValue>
</bind>
</comp>

<comp id="22" class="1000" name="out_stream_V_last_V">
<pin_list>
<pin id="23" dir="1" index="0" bw="1" slack="0"/>
</pin_list>
<bind>
<StgValue><ssdm name="out_stream_V_last_V"/></StgValue>
</bind>
</comp>

<comp id="24" class="1000" name="out_stream_V_id_V">
<pin_list>
<pin id="25" dir="1" index="0" bw="1" slack="0"/>
</pin_list>
<bind>
<StgValue><ssdm name="out_stream_V_id_V"/></StgValue>
</bind>
</comp>

<comp id="26" class="1000" name="out_stream_V_dest_V">
<pin_list>
<pin id="27" dir="1" index="0" bw="1" slack="0"/>
</pin_list>
<bind>
<StgValue><ssdm name="out_stream_V_dest_V"/></StgValue>
</bind>
</comp>

<comp id="28" class="1001" name="const_28">
<pin_list>
<pin id="29" dir="1" index="0" bw="1" slack="0"/>
</pin_list>
<bind>
<StgValue><ssdm name=""/></StgValue>
</bind>
</comp>

<comp id="30" class="1001" name="const_30">
<pin_list>
<pin id="31" dir="1" index="0" bw="1" slack="2147483647"/>
</pin_list>
<bind>
<StgValue><ssdm name="_ssdm_op_SpecTopModule"/></StgValue>
</bind>
</comp>

<comp id="32" class="1001" name="const_32">
<pin_list>
<pin id="33" dir="1" index="0" bw="1" slack="2147483647"/>
</pin_list>
<bind>
<StgValue><ssdm name="empty_4"/></StgValue>
</bind>
</comp>

<comp id="34" class="1001" name="const_34">
<pin_list>
<pin id="35" dir="1" index="0" bw="1" slack="2147483647"/>
</pin_list>
<bind>
<StgValue><ssdm name="_ssdm_op_SpecInterface"/></StgValue>
</bind>
</comp>

<comp id="36" class="1001" name="const_36">
<pin_list>
<pin id="37" dir="1" index="0" bw="1" slack="2147483647"/>
</pin_list>
<bind>
<StgValue><ssdm name=""/></StgValue>
</bind>
</comp>

<comp id="38" class="1001" name="const_38">
<pin_list>
<pin id="39" dir="1" index="0" bw="1" slack="2147483647"/>
</pin_list>
<bind>
<StgValue><ssdm name="empty_5"/></StgValue>
</bind>
</comp>

<comp id="40" class="1001" name="const_40">
<pin_list>
<pin id="41" dir="1" index="0" bw="1" slack="2147483647"/>
</pin_list>
<bind>
<StgValue><ssdm name="empty_1"/></StgValue>
</bind>
</comp>

<comp id="42" class="1001" name="const_42">
<pin_list>
<pin id="43" dir="1" index="0" bw="1" slack="2147483647"/>
</pin_list>
<bind>
<StgValue><ssdm name=""/></StgValue>
</bind>
</comp>

<comp id="44" class="1001" name="const_44">
<pin_list>
<pin id="45" dir="1" index="0" bw="1" slack="2147483647"/>
</pin_list>
<bind>
<StgValue><ssdm name="empty"/></StgValue>
</bind>
</comp>

<comp id="46" class="1001" name="const_46">
<pin_list>
<pin id="47" dir="1" index="0" bw="1" slack="2147483647"/>
</pin_list>
<bind>
<StgValue><ssdm name="empty_0"/></StgValue>
</bind>
</comp>

<comp id="48" class="1001" name="const_48">
<pin_list>
<pin id="49" dir="1" index="0" bw="1" slack="2147483647"/>
</pin_list>
<bind>
<StgValue><ssdm name="_ssdm_op_SpecBitsMap"/></StgValue>
</bind>
</comp>

<comp id="50" class="1001" name="const_50">
<pin_list>
<pin id="51" dir="1" index="0" bw="1" slack="0"/>
</pin_list>
<bind>
<StgValue><ssdm name=""/></StgValue>
</bind>
</comp>

<comp id="52" class="1001" name="const_52">
<pin_list>
<pin id="53" dir="1" index="0" bw="1" slack="2147483647"/>
</pin_list>
<bind>
<StgValue><ssdm name="_ssdm_op_SpecAXISSideChannel"/></StgValue>
</bind>
</comp>

<comp id="54" class="1001" name="const_54">
<pin_list>
<pin id="55" dir="1" index="0" bw="1" slack="2147483647"/>
</pin_list>
<bind>
<StgValue><ssdm name="empty_2"/></StgValue>
</bind>
</comp>

<comp id="56" class="1001" name="const_56">
<pin_list>
<pin id="57" dir="1" index="0" bw="1" slack="2147483647"/>
</pin_list>
<bind>
<StgValue><ssdm name="empty_3"/></StgValue>
</bind>
</comp>

<comp id="58" class="1001" name="const_58">
<pin_list>
<pin id="59" dir="1" index="0" bw="1" slack="0"/>
</pin_list>
<bind>
<StgValue><ssdm name=""/></StgValue>
</bind>
</comp>

<comp id="60" class="1001" name="const_60">
<pin_list>
<pin id="61" dir="1" index="0" bw="1" slack="0"/>
</pin_list>
<bind>
<StgValue><ssdm name=""/></StgValue>
</bind>
</comp>

<comp id="62" class="1001" name="const_62">
<pin_list>
<pin id="63" dir="1" index="0" bw="1" slack="0"/>
</pin_list>
<bind>
<StgValue><ssdm name=""/></StgValue>
</bind>
</comp>

<comp id="64" class="1001" name="const_64">
<pin_list>
<pin id="65" dir="1" index="0" bw="1" slack="0"/>
</pin_list>
<bind>
<StgValue><ssdm name=""/></StgValue>
</bind>
</comp>

<comp id="66" class="1001" name="const_66">
<pin_list>
<pin id="67" dir="1" index="0" bw="1" slack="0"/>
</pin_list>
<bind>
<StgValue><ssdm name="_ssdm_op_PartSelect.i8.i9.i32.i32"/></StgValue>
</bind>
</comp>

<comp id="68" class="1001" name="const_68">
<pin_list>
<pin id="69" dir="1" index="0" bw="1" slack="0"/>
</pin_list>
<bind>
<StgValue><ssdm name=""/></StgValue>
</bind>
</comp>

<comp id="70" class="1001" name="const_70">
<pin_list>
<pin id="71" dir="1" index="0" bw="1" slack="0"/>
</pin_list>
<bind>
<StgValue><ssdm name=""/></StgValue>
</bind>
</comp>

<comp id="72" class="1001" name="const_72">
<pin_list>
<pin id="73" dir="1" index="0" bw="1" slack="0"/>
</pin_list>
<bind>
<StgValue><ssdm name=""/></StgValue>
</bind>
</comp>

<comp id="74" class="1001" name="const_74">
<pin_list>
<pin id="75" dir="1" index="0" bw="1" slack="0"/>
</pin_list>
<bind>
<StgValue><ssdm name="_ssdm_op_BitSelect.i1.i9.i32"/></StgValue>
</bind>
</comp>

<comp id="76" class="1001" name="const_76">
<pin_list>
<pin id="77" dir="1" index="0" bw="1" slack="0"/>
</pin_list>
<bind>
<StgValue><ssdm name=""/></StgValue>
</bind>
</comp>

<comp id="78" class="1001" name="const_78">
<pin_list>
<pin id="79" dir="1" index="0" bw="1" slack="0"/>
</pin_list>
<bind>
<StgValue><ssdm name=""/></StgValue>
</bind>
</comp>

<comp id="80" class="1001" name="const_80">
<pin_list>
<pin id="81" dir="1" index="0" bw="1" slack="0"/>
</pin_list>
<bind>
<StgValue><ssdm name=""/></StgValue>
</bind>
</comp>

<comp id="82" class="1001" name="const_82">
<pin_list>
<pin id="83" dir="1" index="0" bw="1" slack="0"/>
</pin_list>
<bind>
<StgValue><ssdm name=""/></StgValue>
</bind>
</comp>

<comp id="84" class="1001" name="const_84">
<pin_list>
<pin id="85" dir="1" index="0" bw="1" slack="2147483647"/>
</pin_list>
<bind>
<StgValue><ssdm name="_ssdm_op_SpecLoopName"/></StgValue>
</bind>
</comp>

<comp id="86" class="1001" name="const_86">
<pin_list>
<pin id="87" dir="1" index="0" bw="1" slack="2147483647"/>
</pin_list>
<bind>
<StgValue><ssdm name="VITIS_LOOP_21_1_VITIS_LOOP_22_2_str"/></StgValue>
</bind>
</comp>

<comp id="88" class="1001" name="const_88">
<pin_list>
<pin id="89" dir="1" index="0" bw="1" slack="2147483647"/>
</pin_list>
<bind>
<StgValue><ssdm name="_ssdm_op_SpecLoopTripCount"/></StgValue>
</bind>
</comp>

<comp id="90" class="1001" name="const_90">
<pin_list>
<pin id="91" dir="1" index="0" bw="1" slack="2147483647"/>
</pin_list>
<bind>
<StgValue><ssdm name=""/></StgValue>
</bind>
</comp>

<comp id="92" class="1001" name="const_92">
<pin_list>
<pin id="93" dir="1" index="0" bw="1" slack="2147483647"/>
</pin_list>
<bind>
<StgValue><ssdm name="_ssdm_op_SpecPipeline"/></StgValue>
</bind>
</comp>

<comp id="94" class="1001" name="const_94">
<pin_list>
<pin id="95" dir="1" index="0" bw="1" slack="0"/>
</pin_list>
<bind>
<StgValue><ssdm name=""/></StgValue>
</bind>
</comp>

<comp id="96" class="1001" name="const_96">
<pin_list>
<pin id="97" dir="1" index="0" bw="1" slack="0"/>
</pin_list>
<bind>
<StgValue><ssdm name="_ssdm_op_PartSelect.i8.i19.i32.i32"/></StgValue>
</bind>
</comp>

<comp id="98" class="1001" name="const_98">
<pin_list>
<pin id="99" dir="1" index="0" bw="1" slack="0"/>
</pin_list>
<bind>
<StgValue><ssdm name=""/></StgValue>
</bind>
</comp>

<comp id="100" class="1001" name="const_100">
<pin_list>
<pin id="101" dir="1" index="0" bw="1" slack="0"/>
</pin_list>
<bind>
<StgValue><ssdm name=""/></StgValue>
</bind>
</comp>

<comp id="102" class="1001" name="const_102">
<pin_list>
<pin id="103" dir="1" index="0" bw="1" slack="0"/>
</pin_list>
<bind>
<StgValue><ssdm name=""/></StgValue>
</bind>
</comp>

<comp id="104" class="1001" name="const_104">
<pin_list>
<pin id="105" dir="1" index="0" bw="1" slack="0"/>
</pin_list>
<bind>
<StgValue><ssdm name=""/></StgValue>
</bind>
</comp>

<comp id="106" class="1001" name="const_106">
<pin_list>
<pin id="107" dir="1" index="0" bw="1" slack="0"/>
</pin_list>
<bind>
<StgValue><ssdm name=""/></StgValue>
</bind>
</comp>

<comp id="108" class="1001" name="const_108">
<pin_list>
<pin id="109" dir="1" index="0" bw="1" slack="0"/>
</pin_list>
<bind>
<StgValue><ssdm name=""/></StgValue>
</bind>
</comp>

<comp id="110" class="1001" name="const_110">
<pin_list>
<pin id="111" dir="1" index="0" bw="1" slack="0"/>
</pin_list>
<bind>
<StgValue><ssdm name=""/></StgValue>
</bind>
</comp>

<comp id="112" class="1001" name="const_112">
<pin_list>
<pin id="113" dir="1" index="0" bw="1" slack="0"/>
</pin_list>
<bind>
<StgValue><ssdm name="_ssdm_op_PartSelect.i7.i17.i32.i32"/></StgValue>
</bind>
</comp>

<comp id="114" class="1001" name="const_114">
<pin_list>
<pin id="115" dir="1" index="0" bw="1" slack="0"/>
</pin_list>
<bind>
<StgValue><ssdm name=""/></StgValue>
</bind>
</comp>

<comp id="116" class="1001" name="const_116">
<pin_list>
<pin id="117" dir="1" index="0" bw="1" slack="0"/>
</pin_list>
<bind>
<StgValue><ssdm name=""/></StgValue>
</bind>
</comp>

<comp id="118" class="1001" name="const_118">
<pin_list>
<pin id="119" dir="1" index="0" bw="1" slack="0"/>
</pin_list>
<bind>
<StgValue><ssdm name=""/></StgValue>
</bind>
</comp>

<comp id="120" class="1001" name="const_120">
<pin_list>
<pin id="121" dir="1" index="0" bw="1" slack="0"/>
</pin_list>
<bind>
<StgValue><ssdm name="_ssdm_op_Read.axis.volatile.i8P0A.i1P0A.i1P0A.i1P0A.i1P0A.i1P0A.i1P0A"/></StgValue>
</bind>
</comp>

<comp id="122" class="1001" name="const_122">
<pin_list>
<pin id="123" dir="1" index="0" bw="1" slack="0"/>
</pin_list>
<bind>
<StgValue><ssdm name="_ssdm_op_SparseMux.ap_auto.3i8.i8.i2"/></StgValue>
</bind>
</comp>

<comp id="124" class="1001" name="const_124">
<pin_list>
<pin id="125" dir="1" index="0" bw="1" slack="0"/>
</pin_list>
<bind>
<StgValue><ssdm name=""/></StgValue>
</bind>
</comp>

<comp id="126" class="1001" name="const_126">
<pin_list>
<pin id="127" dir="1" index="0" bw="1" slack="0"/>
</pin_list>
<bind>
<StgValue><ssdm name=""/></StgValue>
</bind>
</comp>

<comp id="128" class="1001" name="const_128">
<pin_list>
<pin id="129" dir="1" index="0" bw="1" slack="0"/>
</pin_list>
<bind>
<StgValue><ssdm name="_ssdm_op_BitConcatenate.i9.i8.i1"/></StgValue>
</bind>
</comp>

<comp id="130" class="1001" name="const_130">
<pin_list>
<pin id="131" dir="1" index="0" bw="1" slack="0"/>
</pin_list>
<bind>
<StgValue><ssdm name=""/></StgValue>
</bind>
</comp>

<comp id="132" class="1001" name="const_132">
<pin_list>
<pin id="133" dir="1" index="0" bw="1" slack="0"/>
</pin_list>
<bind>
<StgValue><ssdm name=""/></StgValue>
</bind>
</comp>

<comp id="134" class="1001" name="const_134">
<pin_list>
<pin id="135" dir="1" index="0" bw="1" slack="0"/>
</pin_list>
<bind>
<StgValue><ssdm name="_ssdm_op_PartSelect.i3.i11.i32.i32"/></StgValue>
</bind>
</comp>

<comp id="136" class="1001" name="const_136">
<pin_list>
<pin id="137" dir="1" index="0" bw="1" slack="0"/>
</pin_list>
<bind>
<StgValue><ssdm name=""/></StgValue>
</bind>
</comp>

<comp id="138" class="1001" name="const_138">
<pin_list>
<pin id="139" dir="1" index="0" bw="1" slack="0"/>
</pin_list>
<bind>
<StgValue><ssdm name="_ssdm_op_Write.axis.volatile.i8P0A.i1P0A.i1P0A.i1P0A.i1P0A.i1P0A.i1P0A"/></StgValue>
</bind>
</comp>

<comp id="140" class="1001" name="const_140">
<pin_list>
<pin id="141" dir="1" index="0" bw="1" slack="0"/>
</pin_list>
<bind>
<StgValue><ssdm name=""/></StgValue>
</bind>
</comp>

<comp id="142" class="1004" name="indvar_flatten7_fu_142">
<pin_list>
<pin id="143" dir="0" index="0" bw="1" slack="0"/>
<pin id="144" dir="1" index="1" bw="17" slack="0"/>
</pin_list>
<bind>
<opcode="alloca(26) " fcode="alloca"/>
<opset="indvar_flatten7/1 "/>
</bind>
</comp>

<comp id="146" class="1004" name="row8_fu_146">
<pin_list>
<pin id="147" dir="0" index="0" bw="1" slack="0"/>
<pin id="148" dir="1" index="1" bw="9" slack="0"/>
</pin_list>
<bind>
<opcode="alloca(26) " fcode="alloca"/>
<opset="row8/1 "/>
</bind>
</comp>

<comp id="150" class="1004" name="col9_fu_150">
<pin_list>
<pin id="151" dir="0" index="0" bw="1" slack="0"/>
<pin id="152" dir="1" index="1" bw="9" slack="0"/>
</pin_list>
<bind>
<opcode="alloca(26) " fcode="alloca"/>
<opset="col9/1 "/>
</bind>
</comp>

<comp id="154" class="1004" name="row_111_fu_154">
<pin_list>
<pin id="155" dir="0" index="0" bw="1" slack="0"/>
<pin id="156" dir="1" index="1" bw="9" slack="0"/>
</pin_list>
<bind>
<opcode="alloca(26) " fcode="alloca"/>
<opset="row_111/1 "/>
</bind>
</comp>

<comp id="158" class="1004" name="line_buffer_alloca_fu_158">
<pin_list>
<pin id="159" dir="0" index="0" bw="1" slack="0"/>
<pin id="160" dir="1" index="1" bw="8" slack="2147483647"/>
</pin_list>
<bind>
<opcode="alloca(26) " fcode="alloca"/>
<opset="line_buffer/1 "/>
</bind>
</comp>

<comp id="162" class="1004" name="line_buffer_1_17_alloca_fu_162">
<pin_list>
<pin id="163" dir="0" index="0" bw="1" slack="0"/>
<pin id="164" dir="1" index="1" bw="8" slack="2147483647"/>
</pin_list>
<bind>
<opcode="alloca(26) " fcode="alloca"/>
<opset="line_buffer_1_17/1 "/>
</bind>
</comp>

<comp id="166" class="1004" name="line_buffer_2_alloca_fu_166">
<pin_list>
<pin id="167" dir="0" index="0" bw="1" slack="0"/>
<pin id="168" dir="1" index="1" bw="8" slack="2147483647"/>
</pin_list>
<bind>
<opcode="alloca(26) " fcode="alloca"/>
<opset="line_buffer_2/1 "/>
</bind>
</comp>

<comp id="170" class="1004" name="line_buffer_1_alloca_fu_170">
<pin_list>
<pin id="171" dir="0" index="0" bw="1" slack="0"/>
<pin id="172" dir="1" index="1" bw="8" slack="0"/>
</pin_list>
<bind>
<opcode="alloca(26) " fcode="alloca"/>
<opset="line_buffer_1/1 "/>
</bind>
</comp>

<comp id="174" class="1004" name="line_buffer_3_alloca_fu_174">
<pin_list>
<pin id="175" dir="0" index="0" bw="1" slack="0"/>
<pin id="176" dir="1" index="1" bw="8" slack="2147483647"/>
</pin_list>
<bind>
<opcode="alloca(26) " fcode="alloca"/>
<opset="line_buffer_3/1 "/>
</bind>
</comp>

<comp id="178" class="1004" name="line_buffer_4_alloca_fu_178">
<pin_list>
<pin id="179" dir="0" index="0" bw="1" slack="0"/>
<pin id="180" dir="1" index="1" bw="8" slack="2147483647"/>
</pin_list>
<bind>
<opcode="alloca(26) " fcode="alloca"/>
<opset="line_buffer_4/1 "/>
</bind>
</comp>

<comp id="182" class="1004" name="line_buffer_5_alloca_fu_182">
<pin_list>
<pin id="183" dir="0" index="0" bw="1" slack="0"/>
<pin id="184" dir="1" index="1" bw="8" slack="2147483647"/>
</pin_list>
<bind>
<opcode="alloca(26) " fcode="alloca"/>
<opset="line_buffer_5/1 "/>
</bind>
</comp>

<comp id="186" class="1004" name="empty_read_fu_186">
<pin_list>
<pin id="187" dir="0" index="0" bw="14" slack="0"/>
<pin id="188" dir="0" index="1" bw="8" slack="0"/>
<pin id="189" dir="0" index="2" bw="1" slack="0"/>
<pin id="190" dir="0" index="3" bw="1" slack="0"/>
<pin id="191" dir="0" index="4" bw="1" slack="0"/>
<pin id="192" dir="0" index="5" bw="1" slack="0"/>
<pin id="193" dir="0" index="6" bw="1" slack="0"/>
<pin id="194" dir="0" index="7" bw="1" slack="0"/>
<pin id="195" dir="1" index="8" bw="14" slack="0"/>
</pin_list>
<bind>
<opcode="read(1150) " fcode="read"/>
<opset="empty/14 "/>
</bind>
</comp>

<comp id="204" class="1004" name="grp_write_fu_204">
<pin_list>
<pin id="205" dir="0" index="0" bw="0" slack="0"/>
<pin id="206" dir="0" index="1" bw="8" slack="0"/>
<pin id="207" dir="0" index="2" bw="1" slack="0"/>
<pin id="208" dir="0" index="3" bw="1" slack="0"/>
<pin id="209" dir="0" index="4" bw="1" slack="0"/>
<pin id="210" dir="0" index="5" bw="1" slack="0"/>
<pin id="211" dir="0" index="6" bw="1" slack="0"/>
<pin id="212" dir="0" index="7" bw="1" slack="0"/>
<pin id="213" dir="0" index="8" bw="8" slack="0"/>
<pin id="214" dir="0" index="9" bw="1" slack="0"/>
<pin id="215" dir="0" index="10" bw="1" slack="0"/>
<pin id="216" dir="0" index="11" bw="1" slack="0"/>
<pin id="217" dir="0" index="12" bw="1" slack="6"/>
<pin id="218" dir="0" index="13" bw="1" slack="0"/>
<pin id="219" dir="0" index="14" bw="1" slack="0"/>
<pin id="220" dir="1" index="15" bw="0" slack="2147483647"/>
</pin_list>
<bind>
<opcode="write(1151) " fcode="write"/>
<opset="write_ln59/19 "/>
</bind>
</comp>

<comp id="234" class="1004" name="line_buffer_1_addr_gep_fu_234">
<pin_list>
<pin id="235" dir="0" index="0" bw="8" slack="0"/>
<pin id="236" dir="0" index="1" bw="1" slack="0"/>
<pin id="237" dir="0" index="2" bw="9" slack="0"/>
<pin id="238" dir="1" index="3" bw="8" slack="0"/>
</pin_list>
<bind>
<opcode="getelementptr(29) " fcode="getelementptr"/>
<opset="line_buffer_1_addr/1 "/>
</bind>
</comp>

<comp id="241" class="1004" name="grp_access_fu_241">
<pin_list>
<pin id="242" dir="0" index="0" bw="8" slack="14"/>
<pin id="243" dir="0" index="1" bw="8" slack="0"/>
<pin id="244" dir="0" index="2" bw="0" slack="0"/>
<pin id="246" dir="0" index="4" bw="8" slack="2147483647"/>
<pin id="247" dir="0" index="5" bw="8" slack="0"/>
<pin id="248" dir="0" index="6" bw="0" slack="2147483647"/>
<pin id="250" dir="0" index="8" bw="8" slack="0"/>
<pin id="251" dir="0" index="9" bw="8" slack="2147483647"/>
<pin id="252" dir="0" index="10" bw="0" slack="2147483647"/>
<pin id="254" dir="0" index="12" bw="8" slack="2147483647"/>
<pin id="255" dir="0" index="13" bw="8" slack="2147483647"/>
<pin id="256" dir="0" index="14" bw="0" slack="2147483647"/>
<pin id="245" dir="1" index="3" bw="8" slack="2147483647"/>
<pin id="249" dir="1" index="7" bw="8" slack="0"/>
<pin id="253" dir="1" index="11" bw="8" slack="2"/>
<pin id="257" dir="1" index="15" bw="8" slack="11"/>
</pin_list>
<bind>
<opcode="load(27) store(28) " fcode="load"/>
<opset="line_buffer_1_load/1 px_3/14 store_ln31/15 px_4/16 "/>
</bind>
</comp>

<comp id="259" class="1004" name="line_buffer_3_addr_gep_fu_259">
<pin_list>
<pin id="260" dir="0" index="0" bw="8" slack="2147483647"/>
<pin id="261" dir="0" index="1" bw="1" slack="0"/>
<pin id="262" dir="0" index="2" bw="8" slack="0"/>
<pin id="263" dir="1" index="3" bw="7" slack="0"/>
</pin_list>
<bind>
<opcode="getelementptr(29) " fcode="getelementptr"/>
<opset="line_buffer_3_addr/13 "/>
</bind>
</comp>

<comp id="265" class="1004" name="line_buffer_4_addr_gep_fu_265">
<pin_list>
<pin id="266" dir="0" index="0" bw="8" slack="2147483647"/>
<pin id="267" dir="0" index="1" bw="1" slack="0"/>
<pin id="268" dir="0" index="2" bw="8" slack="0"/>
<pin id="269" dir="1" index="3" bw="7" slack="0"/>
</pin_list>
<bind>
<opcode="getelementptr(29) " fcode="getelementptr"/>
<opset="line_buffer_4_addr/13 "/>
</bind>
</comp>

<comp id="271" class="1004" name="line_buffer_5_addr_gep_fu_271">
<pin_list>
<pin id="272" dir="0" index="0" bw="8" slack="2147483647"/>
<pin id="273" dir="0" index="1" bw="1" slack="0"/>
<pin id="274" dir="0" index="2" bw="8" slack="0"/>
<pin id="275" dir="1" index="3" bw="7" slack="0"/>
</pin_list>
<bind>
<opcode="getelementptr(29) " fcode="getelementptr"/>
<opset="line_buffer_5_addr/13 "/>
</bind>
</comp>

<comp id="277" class="1004" name="grp_access_fu_277">
<pin_list>
<pin id="278" dir="0" index="0" bw="7" slack="0"/>
<pin id="279" dir="0" index="1" bw="8" slack="11"/>
<pin id="280" dir="0" index="2" bw="0" slack="0"/>
<pin id="403" dir="0" index="4" bw="7" slack="2147483647"/>
<pin id="404" dir="0" index="5" bw="8" slack="2147483647"/>
<pin id="405" dir="0" index="6" bw="0" slack="2147483647"/>
<pin id="281" dir="1" index="3" bw="8" slack="2147483647"/>
<pin id="406" dir="1" index="7" bw="8" slack="2"/>
</pin_list>
<bind>
<opcode="load(27) store(28) " fcode="load"/>
<opset="store_ln30/13 line_buffer_4_load/14 line_buffer_4_load_1/14 line_buffer_4_load_2/14 "/>
</bind>
</comp>

<comp id="283" class="1004" name="grp_access_fu_283">
<pin_list>
<pin id="284" dir="0" index="0" bw="7" slack="0"/>
<pin id="285" dir="0" index="1" bw="8" slack="11"/>
<pin id="286" dir="0" index="2" bw="0" slack="0"/>
<pin id="398" dir="0" index="4" bw="7" slack="2147483647"/>
<pin id="399" dir="0" index="5" bw="8" slack="2147483647"/>
<pin id="400" dir="0" index="6" bw="0" slack="2147483647"/>
<pin id="287" dir="1" index="3" bw="8" slack="2147483647"/>
<pin id="401" dir="1" index="7" bw="8" slack="2"/>
</pin_list>
<bind>
<opcode="load(27) store(28) " fcode="load"/>
<opset="store_ln30/13 line_buffer_3_load/14 line_buffer_3_load_1/14 line_buffer_3_load_2/14 "/>
</bind>
</comp>

<comp id="289" class="1004" name="grp_access_fu_289">
<pin_list>
<pin id="290" dir="0" index="0" bw="7" slack="0"/>
<pin id="291" dir="0" index="1" bw="8" slack="11"/>
<pin id="292" dir="0" index="2" bw="0" slack="0"/>
<pin id="408" dir="0" index="4" bw="7" slack="2147483647"/>
<pin id="409" dir="0" index="5" bw="8" slack="2147483647"/>
<pin id="410" dir="0" index="6" bw="0" slack="2147483647"/>
<pin id="293" dir="1" index="3" bw="8" slack="2147483647"/>
<pin id="411" dir="1" index="7" bw="8" slack="2"/>
</pin_list>
<bind>
<opcode="load(27) store(28) " fcode="load"/>
<opset="store_ln30/13 line_buffer_5_load/14 line_buffer_5_load_1/14 line_buffer_5_load_2/14 "/>
</bind>
</comp>

<comp id="295" class="1004" name="line_buffer_addr_gep_fu_295">
<pin_list>
<pin id="296" dir="0" index="0" bw="8" slack="2147483647"/>
<pin id="297" dir="0" index="1" bw="1" slack="0"/>
<pin id="298" dir="0" index="2" bw="8" slack="1"/>
<pin id="299" dir="1" index="3" bw="7" slack="0"/>
</pin_list>
<bind>
<opcode="getelementptr(29) " fcode="getelementptr"/>
<opset="line_buffer_addr/14 "/>
</bind>
</comp>

<comp id="301" class="1004" name="line_buffer_1_addr_18_gep_fu_301">
<pin_list>
<pin id="302" dir="0" index="0" bw="8" slack="2147483647"/>
<pin id="303" dir="0" index="1" bw="1" slack="0"/>
<pin id="304" dir="0" index="2" bw="8" slack="1"/>
<pin id="305" dir="1" index="3" bw="7" slack="0"/>
</pin_list>
<bind>
<opcode="getelementptr(29) " fcode="getelementptr"/>
<opset="line_buffer_1_addr_18/14 "/>
</bind>
</comp>

<comp id="307" class="1004" name="line_buffer_2_addr_gep_fu_307">
<pin_list>
<pin id="308" dir="0" index="0" bw="8" slack="2147483647"/>
<pin id="309" dir="0" index="1" bw="1" slack="0"/>
<pin id="310" dir="0" index="2" bw="8" slack="1"/>
<pin id="311" dir="1" index="3" bw="7" slack="0"/>
</pin_list>
<bind>
<opcode="getelementptr(29) " fcode="getelementptr"/>
<opset="line_buffer_2_addr/14 "/>
</bind>
</comp>

<comp id="313" class="1004" name="grp_access_fu_313">
<pin_list>
<pin id="314" dir="0" index="0" bw="7" slack="0"/>
<pin id="315" dir="0" index="1" bw="8" slack="0"/>
<pin id="316" dir="0" index="2" bw="0" slack="0"/>
<pin id="473" dir="0" index="4" bw="7" slack="2147483647"/>
<pin id="474" dir="0" index="5" bw="8" slack="2147483647"/>
<pin id="475" dir="0" index="6" bw="0" slack="2147483647"/>
<pin id="317" dir="1" index="3" bw="8" slack="0"/>
<pin id="476" dir="1" index="7" bw="8" slack="1"/>
</pin_list>
<bind>
<opcode="load(27) store(28) " fcode="load"/>
<opset="line_buffer_load/14 store_ln32/14 line_buffer_load_1/14 line_buffer_load_2/14 line_buffer_load_3/15 "/>
</bind>
</comp>

<comp id="319" class="1004" name="grp_access_fu_319">
<pin_list>
<pin id="320" dir="0" index="0" bw="7" slack="0"/>
<pin id="321" dir="0" index="1" bw="8" slack="0"/>
<pin id="322" dir="0" index="2" bw="0" slack="0"/>
<pin id="478" dir="0" index="4" bw="7" slack="2147483647"/>
<pin id="479" dir="0" index="5" bw="8" slack="2147483647"/>
<pin id="480" dir="0" index="6" bw="0" slack="2147483647"/>
<pin id="323" dir="1" index="3" bw="8" slack="0"/>
<pin id="481" dir="1" index="7" bw="8" slack="1"/>
</pin_list>
<bind>
<opcode="load(27) store(28) " fcode="load"/>
<opset="line_buffer_1_load_19/14 store_ln32/14 line_buffer_1_load_1/14 line_buffer_1_load_2/14 line_buffer_1_load_3/15 "/>
</bind>
</comp>

<comp id="325" class="1004" name="grp_access_fu_325">
<pin_list>
<pin id="326" dir="0" index="0" bw="7" slack="0"/>
<pin id="327" dir="0" index="1" bw="8" slack="0"/>
<pin id="328" dir="0" index="2" bw="0" slack="0"/>
<pin id="483" dir="0" index="4" bw="7" slack="2147483647"/>
<pin id="484" dir="0" index="5" bw="8" slack="2147483647"/>
<pin id="485" dir="0" index="6" bw="0" slack="2147483647"/>
<pin id="329" dir="1" index="3" bw="8" slack="0"/>
<pin id="486" dir="1" index="7" bw="8" slack="1"/>
</pin_list>
<bind>
<opcode="load(27) store(28) " fcode="load"/>
<opset="line_buffer_2_load/14 store_ln32/14 line_buffer_2_load_1/14 line_buffer_2_load_2/14 line_buffer_2_load_3/15 "/>
</bind>
</comp>

<comp id="331" class="1004" name="line_buffer_addr_1_gep_fu_331">
<pin_list>
<pin id="332" dir="0" index="0" bw="8" slack="2147483647"/>
<pin id="333" dir="0" index="1" bw="1" slack="0"/>
<pin id="334" dir="0" index="2" bw="7" slack="0"/>
<pin id="335" dir="1" index="3" bw="7" slack="0"/>
</pin_list>
<bind>
<opcode="getelementptr(29) " fcode="getelementptr"/>
<opset="line_buffer_addr_1/14 "/>
</bind>
</comp>

<comp id="337" class="1004" name="line_buffer_1_addr_1_gep_fu_337">
<pin_list>
<pin id="338" dir="0" index="0" bw="8" slack="2147483647"/>
<pin id="339" dir="0" index="1" bw="1" slack="0"/>
<pin id="340" dir="0" index="2" bw="7" slack="0"/>
<pin id="341" dir="1" index="3" bw="7" slack="0"/>
</pin_list>
<bind>
<opcode="getelementptr(29) " fcode="getelementptr"/>
<opset="line_buffer_1_addr_1/14 "/>
</bind>
</comp>

<comp id="343" class="1004" name="line_buffer_2_addr_1_gep_fu_343">
<pin_list>
<pin id="344" dir="0" index="0" bw="8" slack="2147483647"/>
<pin id="345" dir="0" index="1" bw="1" slack="0"/>
<pin id="346" dir="0" index="2" bw="7" slack="0"/>
<pin id="347" dir="1" index="3" bw="7" slack="0"/>
</pin_list>
<bind>
<opcode="getelementptr(29) " fcode="getelementptr"/>
<opset="line_buffer_2_addr_1/14 "/>
</bind>
</comp>

<comp id="352" class="1004" name="line_buffer_addr_2_gep_fu_352">
<pin_list>
<pin id="353" dir="0" index="0" bw="8" slack="2147483647"/>
<pin id="354" dir="0" index="1" bw="1" slack="0"/>
<pin id="355" dir="0" index="2" bw="7" slack="0"/>
<pin id="356" dir="1" index="3" bw="7" slack="0"/>
</pin_list>
<bind>
<opcode="getelementptr(29) " fcode="getelementptr"/>
<opset="line_buffer_addr_2/14 "/>
</bind>
</comp>

<comp id="358" class="1004" name="line_buffer_1_addr_2_gep_fu_358">
<pin_list>
<pin id="359" dir="0" index="0" bw="8" slack="2147483647"/>
<pin id="360" dir="0" index="1" bw="1" slack="0"/>
<pin id="361" dir="0" index="2" bw="7" slack="0"/>
<pin id="362" dir="1" index="3" bw="7" slack="0"/>
</pin_list>
<bind>
<opcode="getelementptr(29) " fcode="getelementptr"/>
<opset="line_buffer_1_addr_2/14 "/>
</bind>
</comp>

<comp id="364" class="1004" name="line_buffer_2_addr_2_gep_fu_364">
<pin_list>
<pin id="365" dir="0" index="0" bw="8" slack="2147483647"/>
<pin id="366" dir="0" index="1" bw="1" slack="0"/>
<pin id="367" dir="0" index="2" bw="7" slack="0"/>
<pin id="368" dir="1" index="3" bw="7" slack="0"/>
</pin_list>
<bind>
<opcode="getelementptr(29) " fcode="getelementptr"/>
<opset="line_buffer_2_addr_2/14 "/>
</bind>
</comp>

<comp id="373" class="1004" name="line_buffer_1_addr_1_20_gep_fu_373">
<pin_list>
<pin id="374" dir="0" index="0" bw="8" slack="2147483647"/>
<pin id="375" dir="0" index="1" bw="1" slack="0"/>
<pin id="376" dir="0" index="2" bw="8" slack="0"/>
<pin id="377" dir="1" index="3" bw="8" slack="0"/>
</pin_list>
<bind>
<opcode="getelementptr(29) " fcode="getelementptr"/>
<opset="line_buffer_1_addr_1_20/14 "/>
</bind>
</comp>

<comp id="380" class="1004" name="line_buffer_3_addr_1_gep_fu_380">
<pin_list>
<pin id="381" dir="0" index="0" bw="8" slack="2147483647"/>
<pin id="382" dir="0" index="1" bw="1" slack="0"/>
<pin id="383" dir="0" index="2" bw="7" slack="0"/>
<pin id="384" dir="1" index="3" bw="7" slack="0"/>
</pin_list>
<bind>
<opcode="getelementptr(29) " fcode="getelementptr"/>
<opset="line_buffer_3_addr_1/14 "/>
</bind>
</comp>

<comp id="386" class="1004" name="line_buffer_4_addr_1_gep_fu_386">
<pin_list>
<pin id="387" dir="0" index="0" bw="8" slack="2147483647"/>
<pin id="388" dir="0" index="1" bw="1" slack="0"/>
<pin id="389" dir="0" index="2" bw="7" slack="0"/>
<pin id="390" dir="1" index="3" bw="7" slack="0"/>
</pin_list>
<bind>
<opcode="getelementptr(29) " fcode="getelementptr"/>
<opset="line_buffer_4_addr_1/14 "/>
</bind>
</comp>

<comp id="392" class="1004" name="line_buffer_5_addr_1_gep_fu_392">
<pin_list>
<pin id="393" dir="0" index="0" bw="8" slack="2147483647"/>
<pin id="394" dir="0" index="1" bw="1" slack="0"/>
<pin id="395" dir="0" index="2" bw="7" slack="0"/>
<pin id="396" dir="1" index="3" bw="7" slack="0"/>
</pin_list>
<bind>
<opcode="getelementptr(29) " fcode="getelementptr"/>
<opset="line_buffer_5_addr_1/14 "/>
</bind>
</comp>

<comp id="413" class="1004" name="line_buffer_3_addr_2_gep_fu_413">
<pin_list>
<pin id="414" dir="0" index="0" bw="8" slack="2147483647"/>
<pin id="415" dir="0" index="1" bw="1" slack="0"/>
<pin id="416" dir="0" index="2" bw="7" slack="0"/>
<pin id="417" dir="1" index="3" bw="7" slack="0"/>
</pin_list>
<bind>
<opcode="getelementptr(29) " fcode="getelementptr"/>
<opset="line_buffer_3_addr_2/14 "/>
</bind>
</comp>

<comp id="419" class="1004" name="line_buffer_4_addr_2_gep_fu_419">
<pin_list>
<pin id="420" dir="0" index="0" bw="8" slack="2147483647"/>
<pin id="421" dir="0" index="1" bw="1" slack="0"/>
<pin id="422" dir="0" index="2" bw="7" slack="0"/>
<pin id="423" dir="1" index="3" bw="7" slack="0"/>
</pin_list>
<bind>
<opcode="getelementptr(29) " fcode="getelementptr"/>
<opset="line_buffer_4_addr_2/14 "/>
</bind>
</comp>

<comp id="425" class="1004" name="line_buffer_5_addr_2_gep_fu_425">
<pin_list>
<pin id="426" dir="0" index="0" bw="8" slack="2147483647"/>
<pin id="427" dir="0" index="1" bw="1" slack="0"/>
<pin id="428" dir="0" index="2" bw="7" slack="0"/>
<pin id="429" dir="1" index="3" bw="7" slack="0"/>
</pin_list>
<bind>
<opcode="getelementptr(29) " fcode="getelementptr"/>
<opset="line_buffer_5_addr_2/14 "/>
</bind>
</comp>

<comp id="434" class="1004" name="line_buffer_3_addr_3_gep_fu_434">
<pin_list>
<pin id="435" dir="0" index="0" bw="8" slack="2147483647"/>
<pin id="436" dir="0" index="1" bw="1" slack="0"/>
<pin id="437" dir="0" index="2" bw="8" slack="1"/>
<pin id="438" dir="1" index="3" bw="7" slack="0"/>
</pin_list>
<bind>
<opcode="getelementptr(29) " fcode="getelementptr"/>
<opset="line_buffer_3_addr_3/14 "/>
</bind>
</comp>

<comp id="440" class="1004" name="line_buffer_4_addr_3_gep_fu_440">
<pin_list>
<pin id="441" dir="0" index="0" bw="8" slack="2147483647"/>
<pin id="442" dir="0" index="1" bw="1" slack="0"/>
<pin id="443" dir="0" index="2" bw="8" slack="1"/>
<pin id="444" dir="1" index="3" bw="7" slack="0"/>
</pin_list>
<bind>
<opcode="getelementptr(29) " fcode="getelementptr"/>
<opset="line_buffer_4_addr_3/14 "/>
</bind>
</comp>

<comp id="446" class="1004" name="line_buffer_5_addr_3_gep_fu_446">
<pin_list>
<pin id="447" dir="0" index="0" bw="8" slack="2147483647"/>
<pin id="448" dir="0" index="1" bw="1" slack="0"/>
<pin id="449" dir="0" index="2" bw="8" slack="1"/>
<pin id="450" dir="1" index="3" bw="7" slack="0"/>
</pin_list>
<bind>
<opcode="getelementptr(29) " fcode="getelementptr"/>
<opset="line_buffer_5_addr_3/14 "/>
</bind>
</comp>

<comp id="455" class="1004" name="line_buffer_addr_3_gep_fu_455">
<pin_list>
<pin id="456" dir="0" index="0" bw="8" slack="2147483647"/>
<pin id="457" dir="0" index="1" bw="1" slack="0"/>
<pin id="458" dir="0" index="2" bw="8" slack="2"/>
<pin id="459" dir="1" index="3" bw="7" slack="0"/>
</pin_list>
<bind>
<opcode="getelementptr(29) " fcode="getelementptr"/>
<opset="line_buffer_addr_3/15 "/>
</bind>
</comp>

<comp id="461" class="1004" name="line_buffer_1_addr_3_gep_fu_461">
<pin_list>
<pin id="462" dir="0" index="0" bw="8" slack="2147483647"/>
<pin id="463" dir="0" index="1" bw="1" slack="0"/>
<pin id="464" dir="0" index="2" bw="8" slack="2"/>
<pin id="465" dir="1" index="3" bw="7" slack="0"/>
</pin_list>
<bind>
<opcode="getelementptr(29) " fcode="getelementptr"/>
<opset="line_buffer_1_addr_3/15 "/>
</bind>
</comp>

<comp id="467" class="1004" name="line_buffer_2_addr_3_gep_fu_467">
<pin_list>
<pin id="468" dir="0" index="0" bw="8" slack="2147483647"/>
<pin id="469" dir="0" index="1" bw="1" slack="0"/>
<pin id="470" dir="0" index="2" bw="8" slack="2"/>
<pin id="471" dir="1" index="3" bw="7" slack="0"/>
</pin_list>
<bind>
<opcode="getelementptr(29) " fcode="getelementptr"/>
<opset="line_buffer_2_addr_3/15 "/>
</bind>
</comp>

<comp id="488" class="1004" name="line_buffer_1_addr_2_21_gep_fu_488">
<pin_list>
<pin id="489" dir="0" index="0" bw="8" slack="2147483647"/>
<pin id="490" dir="0" index="1" bw="1" slack="0"/>
<pin id="491" dir="0" index="2" bw="9" slack="15"/>
<pin id="492" dir="1" index="3" bw="8" slack="0"/>
</pin_list>
<bind>
<opcode="getelementptr(29) " fcode="getelementptr"/>
<opset="line_buffer_1_addr_2_21/16 "/>
</bind>
</comp>

<comp id="495" class="1005" name="icmp_ln2210_reg_495">
<pin_list>
<pin id="496" dir="0" index="0" bw="1" slack="2147483647"/>
<pin id="497" dir="1" index="1" bw="1" slack="2147483647"/>
</pin_list>
<bind>
<opset="icmp_ln2210 (phireg) "/>
</bind>
</comp>

<comp id="498" class="1004" name="icmp_ln2210_phi_fu_498">
<pin_list>
<pin id="499" dir="0" index="0" bw="1" slack="0"/>
<pin id="500" dir="0" index="1" bw="0" slack="2147483647"/>
<pin id="501" dir="0" index="2" bw="1" slack="0"/>
<pin id="502" dir="0" index="3" bw="0" slack="2147483647"/>
<pin id="503" dir="1" index="4" bw="1" slack="0"/>
</pin_list>
<bind>
<opcode="phi(47) " fcode="phi"/>
<opset="icmp_ln2210/1 "/>
</bind>
</comp>

<comp id="505" class="1005" name="reg_505">
<pin_list>
<pin id="506" dir="0" index="0" bw="8" slack="2"/>
<pin id="507" dir="1" index="1" bw="8" slack="2"/>
</pin_list>
<bind>
<opset="line_buffer_load_1 line_buffer_load_2 "/>
</bind>
</comp>

<comp id="509" class="1005" name="reg_509">
<pin_list>
<pin id="510" dir="0" index="0" bw="8" slack="2"/>
<pin id="511" dir="1" index="1" bw="8" slack="2"/>
</pin_list>
<bind>
<opset="line_buffer_1_load_1 line_buffer_1_load_2 "/>
</bind>
</comp>

<comp id="513" class="1005" name="reg_513">
<pin_list>
<pin id="514" dir="0" index="0" bw="8" slack="2"/>
<pin id="515" dir="1" index="1" bw="8" slack="2"/>
</pin_list>
<bind>
<opset="line_buffer_2_load_1 line_buffer_2_load_2 "/>
</bind>
</comp>

<comp id="517" class="1005" name="reg_517">
<pin_list>
<pin id="518" dir="0" index="0" bw="8" slack="2"/>
<pin id="519" dir="1" index="1" bw="8" slack="2"/>
</pin_list>
<bind>
<opset="line_buffer_3_load line_buffer_3_load_1 line_buffer_3_load_2 "/>
</bind>
</comp>

<comp id="521" class="1005" name="reg_521">
<pin_list>
<pin id="522" dir="0" index="0" bw="8" slack="2"/>
<pin id="523" dir="1" index="1" bw="8" slack="2"/>
</pin_list>
<bind>
<opset="line_buffer_4_load line_buffer_4_load_1 line_buffer_4_load_2 "/>
</bind>
</comp>

<comp id="525" class="1005" name="reg_525">
<pin_list>
<pin id="526" dir="0" index="0" bw="8" slack="2"/>
<pin id="527" dir="1" index="1" bw="8" slack="2"/>
</pin_list>
<bind>
<opset="line_buffer_5_load line_buffer_5_load_1 line_buffer_5_load_2 "/>
</bind>
</comp>

<comp id="529" class="1004" name="store_ln0_store_fu_529">
<pin_list>
<pin id="530" dir="0" index="0" bw="1" slack="0"/>
<pin id="531" dir="0" index="1" bw="9" slack="0"/>
<pin id="532" dir="1" index="2" bw="0" slack="2147483647"/>
</pin_list>
<bind>
<opcode="store(28) " fcode="store"/>
<opset="store_ln0/1 "/>
</bind>
</comp>

<comp id="534" class="1004" name="store_ln0_store_fu_534">
<pin_list>
<pin id="535" dir="0" index="0" bw="1" slack="0"/>
<pin id="536" dir="0" index="1" bw="9" slack="0"/>
<pin id="537" dir="1" index="2" bw="0" slack="2147483647"/>
</pin_list>
<bind>
<opcode="store(28) " fcode="store"/>
<opset="store_ln0/1 "/>
</bind>
</comp>

<comp id="539" class="1004" name="store_ln0_store_fu_539">
<pin_list>
<pin id="540" dir="0" index="0" bw="1" slack="0"/>
<pin id="541" dir="0" index="1" bw="9" slack="0"/>
<pin id="542" dir="1" index="2" bw="0" slack="2147483647"/>
</pin_list>
<bind>
<opcode="store(28) " fcode="store"/>
<opset="store_ln0/1 "/>
</bind>
</comp>

<comp id="544" class="1004" name="store_ln0_store_fu_544">
<pin_list>
<pin id="545" dir="0" index="0" bw="1" slack="0"/>
<pin id="546" dir="0" index="1" bw="17" slack="0"/>
<pin id="547" dir="1" index="2" bw="0" slack="2147483647"/>
</pin_list>
<bind>
<opcode="store(28) " fcode="store"/>
<opset="store_ln0/1 "/>
</bind>
</comp>

<comp id="549" class="1004" name="indvar_flatten7_load_load_fu_549">
<pin_list>
<pin id="550" dir="0" index="0" bw="17" slack="0"/>
<pin id="551" dir="1" index="1" bw="17" slack="0"/>
</pin_list>
<bind>
<opcode="load(27) " fcode="load"/>
<opset="indvar_flatten7_load/1 "/>
</bind>
</comp>

<comp id="552" class="1004" name="row8_load_load_fu_552">
<pin_list>
<pin id="553" dir="0" index="0" bw="9" slack="0"/>
<pin id="554" dir="1" index="1" bw="9" slack="0"/>
</pin_list>
<bind>
<opcode="load(27) " fcode="load"/>
<opset="row8_load/1 "/>
</bind>
</comp>

<comp id="555" class="1004" name="col9_load_load_fu_555">
<pin_list>
<pin id="556" dir="0" index="0" bw="9" slack="0"/>
<pin id="557" dir="1" index="1" bw="9" slack="0"/>
</pin_list>
<bind>
<opcode="load(27) " fcode="load"/>
<opset="col9_load/1 "/>
</bind>
</comp>

<comp id="558" class="1004" name="row_111_load_load_fu_558">
<pin_list>
<pin id="559" dir="0" index="0" bw="9" slack="0"/>
<pin id="560" dir="1" index="1" bw="9" slack="0"/>
</pin_list>
<bind>
<opcode="load(27) " fcode="load"/>
<opset="row_111_load/1 "/>
</bind>
</comp>

<comp id="561" class="1004" name="select_ln21_fu_561">
<pin_list>
<pin id="562" dir="0" index="0" bw="1" slack="0"/>
<pin id="563" dir="0" index="1" bw="1" slack="0"/>
<pin id="564" dir="0" index="2" bw="9" slack="0"/>
<pin id="565" dir="1" index="3" bw="9" slack="0"/>
</pin_list>
<bind>
<opcode="select(49) " fcode="select"/>
<opset="select_ln21/1 "/>
</bind>
</comp>

<comp id="569" class="1004" name="row_2_fu_569">
<pin_list>
<pin id="570" dir="0" index="0" bw="1" slack="0"/>
<pin id="571" dir="0" index="1" bw="9" slack="0"/>
<pin id="572" dir="0" index="2" bw="9" slack="0"/>
<pin id="573" dir="1" index="3" bw="9" slack="0"/>
</pin_list>
<bind>
<opcode="select(49) " fcode="select"/>
<opset="row_2/1 "/>
</bind>
</comp>

<comp id="577" class="1004" name="tmp_1_fu_577">
<pin_list>
<pin id="578" dir="0" index="0" bw="8" slack="0"/>
<pin id="579" dir="0" index="1" bw="9" slack="0"/>
<pin id="580" dir="0" index="2" bw="1" slack="0"/>
<pin id="581" dir="0" index="3" bw="5" slack="0"/>
<pin id="582" dir="1" index="4" bw="8" slack="0"/>
</pin_list>
<bind>
<opcode="partselect(1002) " fcode="partselect"/>
<opset="tmp_1/1 "/>
</bind>
</comp>

<comp id="587" class="1004" name="icmp14_fu_587">
<pin_list>
<pin id="588" dir="0" index="0" bw="8" slack="0"/>
<pin id="589" dir="0" index="1" bw="1" slack="0"/>
<pin id="590" dir="1" index="2" bw="1" slack="0"/>
</pin_list>
<bind>
<opcode="icmp(45) " fcode="icmp"/>
<opset="icmp14/1 "/>
</bind>
</comp>

<comp id="593" class="1004" name="zext_ln22_fu_593">
<pin_list>
<pin id="594" dir="0" index="0" bw="9" slack="0"/>
<pin id="595" dir="1" index="1" bw="64" slack="0"/>
</pin_list>
<bind>
<opcode="zext(34) " fcode="zext"/>
<opset="zext_ln22/1 "/>
</bind>
</comp>

<comp id="598" class="1004" name="trunc_ln22_fu_598">
<pin_list>
<pin id="599" dir="0" index="0" bw="9" slack="0"/>
<pin id="600" dir="1" index="1" bw="8" slack="12"/>
</pin_list>
<bind>
<opcode="trunc(33) " fcode="trunc"/>
<opset="trunc_ln22/1 "/>
</bind>
</comp>

<comp id="602" class="1004" name="grp_fu_602">
<pin_list>
<pin id="603" dir="0" index="0" bw="9" slack="0"/>
<pin id="604" dir="0" index="1" bw="3" slack="0"/>
<pin id="605" dir="1" index="2" bw="2" slack="0"/>
</pin_list>
<bind>
<opcode="urem(17) " fcode="urem"/>
<opset="urem_ln22/1 "/>
</bind>
</comp>

<comp id="608" class="1004" name="tmp_3_fu_608">
<pin_list>
<pin id="609" dir="0" index="0" bw="1" slack="0"/>
<pin id="610" dir="0" index="1" bw="9" slack="0"/>
<pin id="611" dir="0" index="2" bw="5" slack="0"/>
<pin id="612" dir="1" index="3" bw="1" slack="13"/>
</pin_list>
<bind>
<opcode="bitselect(1000) " fcode="bitselect"/>
<opset="tmp_3/1 "/>
</bind>
</comp>

<comp id="616" class="1004" name="or_ln27_fu_616">
<pin_list>
<pin id="617" dir="0" index="0" bw="9" slack="0"/>
<pin id="618" dir="0" index="1" bw="9" slack="0"/>
<pin id="619" dir="1" index="2" bw="9" slack="0"/>
</pin_list>
<bind>
<opcode="or(24) " fcode="or"/>
<opset="or_ln27/1 "/>
</bind>
</comp>

<comp id="622" class="1004" name="tmp_4_fu_622">
<pin_list>
<pin id="623" dir="0" index="0" bw="1" slack="0"/>
<pin id="624" dir="0" index="1" bw="9" slack="0"/>
<pin id="625" dir="0" index="2" bw="5" slack="0"/>
<pin id="626" dir="1" index="3" bw="1" slack="1"/>
</pin_list>
<bind>
<opcode="bitselect(1000) " fcode="bitselect"/>
<opset="tmp_4/1 "/>
</bind>
</comp>

<comp id="630" class="1004" name="add_ln21_fu_630">
<pin_list>
<pin id="631" dir="0" index="0" bw="17" slack="0"/>
<pin id="632" dir="0" index="1" bw="1" slack="0"/>
<pin id="633" dir="1" index="2" bw="17" slack="0"/>
</pin_list>
<bind>
<opcode="add(8) " fcode="add"/>
<opset="add_ln21/1 "/>
</bind>
</comp>

<comp id="636" class="1004" name="tmp_5_fu_636">
<pin_list>
<pin id="637" dir="0" index="0" bw="8" slack="0"/>
<pin id="638" dir="0" index="1" bw="9" slack="0"/>
<pin id="639" dir="0" index="2" bw="1" slack="0"/>
<pin id="640" dir="0" index="3" bw="5" slack="0"/>
<pin id="641" dir="1" index="4" bw="8" slack="0"/>
</pin_list>
<bind>
<opcode="partselect(1002) " fcode="partselect"/>
<opset="tmp_5/1 "/>
</bind>
</comp>

<comp id="646" class="1004" name="icmp_ln35_fu_646">
<pin_list>
<pin id="647" dir="0" index="0" bw="8" slack="0"/>
<pin id="648" dir="0" index="1" bw="1" slack="0"/>
<pin id="649" dir="1" index="2" bw="1" slack="0"/>
</pin_list>
<bind>
<opcode="icmp(45) " fcode="icmp"/>
<opset="icmp_ln35/1 "/>
</bind>
</comp>

<comp id="652" class="1004" name="and_ln35_fu_652">
<pin_list>
<pin id="653" dir="0" index="0" bw="1" slack="0"/>
<pin id="654" dir="0" index="1" bw="1" slack="0"/>
<pin id="655" dir="1" index="2" bw="1" slack="12"/>
</pin_list>
<bind>
<opcode="and(23) " fcode="and"/>
<opset="and_ln35/1 "/>
</bind>
</comp>

<comp id="658" class="1004" name="col_fu_658">
<pin_list>
<pin id="659" dir="0" index="0" bw="9" slack="0"/>
<pin id="660" dir="0" index="1" bw="1" slack="0"/>
<pin id="661" dir="1" index="2" bw="9" slack="0"/>
</pin_list>
<bind>
<opcode="add(8) " fcode="add"/>
<opset="col/1 "/>
</bind>
</comp>

<comp id="664" class="1004" name="icmp_ln22_fu_664">
<pin_list>
<pin id="665" dir="0" index="0" bw="9" slack="0"/>
<pin id="666" dir="0" index="1" bw="9" slack="0"/>
<pin id="667" dir="1" index="2" bw="1" slack="0"/>
</pin_list>
<bind>
<opcode="icmp(45) " fcode="icmp"/>
<opset="icmp_ln22/1 "/>
</bind>
</comp>

<comp id="670" class="1004" name="row_fu_670">
<pin_list>
<pin id="671" dir="0" index="0" bw="9" slack="0"/>
<pin id="672" dir="0" index="1" bw="1" slack="0"/>
<pin id="673" dir="1" index="2" bw="9" slack="0"/>
</pin_list>
<bind>
<opcode="add(8) " fcode="add"/>
<opset="row/1 "/>
</bind>
</comp>

<comp id="676" class="1004" name="icmp_ln21_fu_676">
<pin_list>
<pin id="677" dir="0" index="0" bw="17" slack="0"/>
<pin id="678" dir="0" index="1" bw="17" slack="0"/>
<pin id="679" dir="1" index="2" bw="1" slack="1"/>
</pin_list>
<bind>
<opcode="icmp(45) " fcode="icmp"/>
<opset="icmp_ln21/1 "/>
</bind>
</comp>

<comp id="682" class="1004" name="store_ln21_store_fu_682">
<pin_list>
<pin id="683" dir="0" index="0" bw="9" slack="0"/>
<pin id="684" dir="0" index="1" bw="9" slack="0"/>
<pin id="685" dir="1" index="2" bw="0" slack="2147483647"/>
</pin_list>
<bind>
<opcode="store(28) " fcode="store"/>
<opset="store_ln21/1 "/>
</bind>
</comp>

<comp id="687" class="1004" name="store_ln22_store_fu_687">
<pin_list>
<pin id="688" dir="0" index="0" bw="9" slack="0"/>
<pin id="689" dir="0" index="1" bw="9" slack="0"/>
<pin id="690" dir="1" index="2" bw="0" slack="2147483647"/>
</pin_list>
<bind>
<opcode="store(28) " fcode="store"/>
<opset="store_ln22/1 "/>
</bind>
</comp>

<comp id="692" class="1004" name="store_ln21_store_fu_692">
<pin_list>
<pin id="693" dir="0" index="0" bw="9" slack="0"/>
<pin id="694" dir="0" index="1" bw="9" slack="0"/>
<pin id="695" dir="1" index="2" bw="0" slack="2147483647"/>
</pin_list>
<bind>
<opcode="store(28) " fcode="store"/>
<opset="store_ln21/1 "/>
</bind>
</comp>

<comp id="697" class="1004" name="store_ln21_store_fu_697">
<pin_list>
<pin id="698" dir="0" index="0" bw="17" slack="0"/>
<pin id="699" dir="0" index="1" bw="17" slack="0"/>
<pin id="700" dir="1" index="2" bw="0" slack="2147483647"/>
</pin_list>
<bind>
<opcode="store(28) " fcode="store"/>
<opset="store_ln21/1 "/>
</bind>
</comp>

<comp id="702" class="1004" name="zext_ln22_2_fu_702">
<pin_list>
<pin id="703" dir="0" index="0" bw="9" slack="12"/>
<pin id="704" dir="1" index="1" bw="19" slack="0"/>
</pin_list>
<bind>
<opcode="zext(34) " fcode="zext"/>
<opset="zext_ln22_2/13 "/>
</bind>
</comp>

<comp id="705" class="1004" name="mul_ln22_fu_705">
<pin_list>
<pin id="706" dir="0" index="0" bw="9" slack="0"/>
<pin id="707" dir="0" index="1" bw="11" slack="0"/>
<pin id="708" dir="1" index="2" bw="19" slack="0"/>
</pin_list>
<bind>
<opcode="mul(12) " fcode="mul"/>
<opset="mul_ln22/13 "/>
</bind>
</comp>

<comp id="711" class="1004" name="tmp_2_fu_711">
<pin_list>
<pin id="712" dir="0" index="0" bw="8" slack="0"/>
<pin id="713" dir="0" index="1" bw="19" slack="0"/>
<pin id="714" dir="0" index="2" bw="5" slack="0"/>
<pin id="715" dir="0" index="3" bw="6" slack="0"/>
<pin id="716" dir="1" index="4" bw="8" slack="0"/>
</pin_list>
<bind>
<opcode="partselect(1002) " fcode="partselect"/>
<opset="tmp_2/13 "/>
</bind>
</comp>

<comp id="721" class="1004" name="zext_ln22_1_fu_721">
<pin_list>
<pin id="722" dir="0" index="0" bw="8" slack="0"/>
<pin id="723" dir="1" index="1" bw="64" slack="0"/>
</pin_list>
<bind>
<opcode="zext(34) " fcode="zext"/>
<opset="zext_ln22_1/13 "/>
</bind>
</comp>

<comp id="728" class="1004" name="trunc_ln22_1_fu_728">
<pin_list>
<pin id="729" dir="0" index="0" bw="2" slack="0"/>
<pin id="730" dir="1" index="1" bw="2" slack="1"/>
</pin_list>
<bind>
<opcode="trunc(33) " fcode="trunc"/>
<opset="trunc_ln22_1/13 "/>
</bind>
</comp>

<comp id="732" class="1004" name="add_ln41_fu_732">
<pin_list>
<pin id="733" dir="0" index="0" bw="8" slack="12"/>
<pin id="734" dir="0" index="1" bw="2" slack="0"/>
<pin id="735" dir="1" index="2" bw="8" slack="1"/>
</pin_list>
<bind>
<opcode="add(8) " fcode="add"/>
<opset="add_ln41/13 "/>
</bind>
</comp>

<comp id="737" class="1004" name="add_ln41_1_fu_737">
<pin_list>
<pin id="738" dir="0" index="0" bw="8" slack="12"/>
<pin id="739" dir="0" index="1" bw="1" slack="0"/>
<pin id="740" dir="1" index="2" bw="8" slack="0"/>
</pin_list>
<bind>
<opcode="add(8) " fcode="add"/>
<opset="add_ln41_1/13 "/>
</bind>
</comp>

<comp id="742" class="1004" name="zext_ln41_7_fu_742">
<pin_list>
<pin id="743" dir="0" index="0" bw="8" slack="0"/>
<pin id="744" dir="1" index="1" bw="17" slack="0"/>
</pin_list>
<bind>
<opcode="zext(34) " fcode="zext"/>
<opset="zext_ln41_7/13 "/>
</bind>
</comp>

<comp id="746" class="1004" name="mul_ln41_1_fu_746">
<pin_list>
<pin id="747" dir="0" index="0" bw="8" slack="0"/>
<pin id="748" dir="0" index="1" bw="10" slack="0"/>
<pin id="749" dir="1" index="2" bw="17" slack="0"/>
</pin_list>
<bind>
<opcode="mul(12) " fcode="mul"/>
<opset="mul_ln41_1/13 "/>
</bind>
</comp>

<comp id="752" class="1004" name="tmp_7_fu_752">
<pin_list>
<pin id="753" dir="0" index="0" bw="7" slack="0"/>
<pin id="754" dir="0" index="1" bw="17" slack="0"/>
<pin id="755" dir="0" index="2" bw="5" slack="0"/>
<pin id="756" dir="0" index="3" bw="6" slack="0"/>
<pin id="757" dir="1" index="4" bw="7" slack="1"/>
</pin_list>
<bind>
<opcode="partselect(1002) " fcode="partselect"/>
<opset="tmp_7/13 "/>
</bind>
</comp>

<comp id="762" class="1004" name="pix_out_last_fu_762">
<pin_list>
<pin id="763" dir="0" index="0" bw="9" slack="12"/>
<pin id="764" dir="0" index="1" bw="9" slack="0"/>
<pin id="765" dir="1" index="2" bw="1" slack="6"/>
</pin_list>
<bind>
<opcode="icmp(45) " fcode="icmp"/>
<opset="pix_out_last/13 "/>
</bind>
</comp>

<comp id="767" class="1004" name="pix_in_data_fu_767">
<pin_list>
<pin id="768" dir="0" index="0" bw="14" slack="0"/>
<pin id="769" dir="1" index="1" bw="8" slack="0"/>
</pin_list>
<bind>
<opcode="extractvalue(56) " fcode="extractvalue"/>
<opset="pix_in_data/14 "/>
</bind>
</comp>

<comp id="774" class="1004" name="zext_ln41_fu_774">
<pin_list>
<pin id="775" dir="0" index="0" bw="8" slack="1"/>
<pin id="776" dir="1" index="1" bw="64" slack="0"/>
</pin_list>
<bind>
<opcode="zext(34) " fcode="zext"/>
<opset="zext_ln41/14 "/>
</bind>
</comp>

<comp id="778" class="1004" name="zext_ln41_5_fu_778">
<pin_list>
<pin id="779" dir="0" index="0" bw="8" slack="1"/>
<pin id="780" dir="1" index="1" bw="17" slack="0"/>
</pin_list>
<bind>
<opcode="zext(34) " fcode="zext"/>
<opset="zext_ln41_5/14 "/>
</bind>
</comp>

<comp id="781" class="1004" name="mul_ln41_fu_781">
<pin_list>
<pin id="782" dir="0" index="0" bw="8" slack="0"/>
<pin id="783" dir="0" index="1" bw="10" slack="0"/>
<pin id="784" dir="1" index="2" bw="17" slack="0"/>
</pin_list>
<bind>
<opcode="mul(12) " fcode="mul"/>
<opset="mul_ln41/14 "/>
</bind>
</comp>

<comp id="787" class="1004" name="tmp_6_fu_787">
<pin_list>
<pin id="788" dir="0" index="0" bw="7" slack="0"/>
<pin id="789" dir="0" index="1" bw="17" slack="0"/>
<pin id="790" dir="0" index="2" bw="5" slack="0"/>
<pin id="791" dir="0" index="3" bw="6" slack="0"/>
<pin id="792" dir="1" index="4" bw="7" slack="0"/>
</pin_list>
<bind>
<opcode="partselect(1002) " fcode="partselect"/>
<opset="tmp_6/14 "/>
</bind>
</comp>

<comp id="797" class="1004" name="zext_ln41_1_fu_797">
<pin_list>
<pin id="798" dir="0" index="0" bw="7" slack="0"/>
<pin id="799" dir="1" index="1" bw="64" slack="0"/>
</pin_list>
<bind>
<opcode="zext(34) " fcode="zext"/>
<opset="zext_ln41_1/14 "/>
</bind>
</comp>

<comp id="807" class="1004" name="zext_ln41_4_fu_807">
<pin_list>
<pin id="808" dir="0" index="0" bw="7" slack="1"/>
<pin id="809" dir="1" index="1" bw="64" slack="0"/>
</pin_list>
<bind>
<opcode="zext(34) " fcode="zext"/>
<opset="zext_ln41_4/14 "/>
</bind>
</comp>

<comp id="816" class="1004" name="tmp_fu_816">
<pin_list>
<pin id="817" dir="0" index="0" bw="8" slack="0"/>
<pin id="818" dir="0" index="1" bw="2" slack="0"/>
<pin id="819" dir="0" index="2" bw="8" slack="0"/>
<pin id="820" dir="0" index="3" bw="2" slack="0"/>
<pin id="821" dir="0" index="4" bw="8" slack="0"/>
<pin id="822" dir="0" index="5" bw="2" slack="0"/>
<pin id="823" dir="0" index="6" bw="8" slack="0"/>
<pin id="824" dir="0" index="7" bw="8" slack="0"/>
<pin id="825" dir="0" index="8" bw="2" slack="2"/>
<pin id="826" dir="1" index="9" bw="8" slack="0"/>
</pin_list>
<bind>
<opcode="sparsemux(1197) " fcode="sparsemux"/>
<opset="tmp/15 "/>
</bind>
</comp>

<comp id="836" class="1004" name="px_fu_836">
<pin_list>
<pin id="837" dir="0" index="0" bw="8" slack="0"/>
<pin id="838" dir="0" index="1" bw="2" slack="0"/>
<pin id="839" dir="0" index="2" bw="8" slack="2"/>
<pin id="840" dir="0" index="3" bw="2" slack="0"/>
<pin id="841" dir="0" index="4" bw="8" slack="2"/>
<pin id="842" dir="0" index="5" bw="2" slack="0"/>
<pin id="843" dir="0" index="6" bw="8" slack="2"/>
<pin id="844" dir="0" index="7" bw="8" slack="0"/>
<pin id="845" dir="0" index="8" bw="2" slack="4"/>
<pin id="846" dir="1" index="9" bw="8" slack="0"/>
</pin_list>
<bind>
<opcode="sparsemux(1197) " fcode="sparsemux"/>
<opset="px/17 "/>
</bind>
</comp>

<comp id="855" class="1004" name="zext_ln41_2_fu_855">
<pin_list>
<pin id="856" dir="0" index="0" bw="8" slack="0"/>
<pin id="857" dir="1" index="1" bw="9" slack="0"/>
</pin_list>
<bind>
<opcode="zext(34) " fcode="zext"/>
<opset="zext_ln41_2/17 "/>
</bind>
</comp>

<comp id="859" class="1004" name="zext_ln41_3_fu_859">
<pin_list>
<pin id="860" dir="0" index="0" bw="8" slack="0"/>
<pin id="861" dir="1" index="1" bw="11" slack="0"/>
</pin_list>
<bind>
<opcode="zext(34) " fcode="zext"/>
<opset="zext_ln41_3/17 "/>
</bind>
</comp>

<comp id="863" class="1004" name="px_1_fu_863">
<pin_list>
<pin id="864" dir="0" index="0" bw="8" slack="0"/>
<pin id="865" dir="0" index="1" bw="2" slack="0"/>
<pin id="866" dir="0" index="2" bw="8" slack="2"/>
<pin id="867" dir="0" index="3" bw="2" slack="0"/>
<pin id="868" dir="0" index="4" bw="8" slack="2"/>
<pin id="869" dir="0" index="5" bw="2" slack="0"/>
<pin id="870" dir="0" index="6" bw="8" slack="2"/>
<pin id="871" dir="0" index="7" bw="8" slack="0"/>
<pin id="872" dir="0" index="8" bw="2" slack="4"/>
<pin id="873" dir="1" index="9" bw="8" slack="0"/>
</pin_list>
<bind>
<opcode="sparsemux(1197) " fcode="sparsemux"/>
<opset="px_1/17 "/>
</bind>
</comp>

<comp id="882" class="1004" name="tmp_8_fu_882">
<pin_list>
<pin id="883" dir="0" index="0" bw="9" slack="0"/>
<pin id="884" dir="0" index="1" bw="8" slack="0"/>
<pin id="885" dir="0" index="2" bw="1" slack="0"/>
<pin id="886" dir="1" index="3" bw="9" slack="0"/>
</pin_list>
<bind>
<opcode="bitconcatenate(1004) " fcode="bitconcatenate"/>
<opset="tmp_8/17 "/>
</bind>
</comp>

<comp id="890" class="1004" name="zext_ln43_2_fu_890">
<pin_list>
<pin id="891" dir="0" index="0" bw="9" slack="0"/>
<pin id="892" dir="1" index="1" bw="10" slack="0"/>
</pin_list>
<bind>
<opcode="zext(34) " fcode="zext"/>
<opset="zext_ln43_2/17 "/>
</bind>
</comp>

<comp id="894" class="1004" name="sub_ln43_fu_894">
<pin_list>
<pin id="895" dir="0" index="0" bw="1" slack="0"/>
<pin id="896" dir="0" index="1" bw="9" slack="0"/>
<pin id="897" dir="1" index="2" bw="10" slack="0"/>
</pin_list>
<bind>
<opcode="sub(10) " fcode="sub"/>
<opset="sub_ln43/17 "/>
</bind>
</comp>

<comp id="900" class="1004" name="sext_ln43_fu_900">
<pin_list>
<pin id="901" dir="0" index="0" bw="10" slack="0"/>
<pin id="902" dir="1" index="1" bw="11" slack="0"/>
</pin_list>
<bind>
<opcode="sext(35) " fcode="sext"/>
<opset="sext_ln43/17 "/>
</bind>
</comp>

<comp id="904" class="1004" name="gy_fu_904">
<pin_list>
<pin id="905" dir="0" index="0" bw="10" slack="0"/>
<pin id="906" dir="0" index="1" bw="8" slack="0"/>
<pin id="907" dir="1" index="2" bw="11" slack="0"/>
</pin_list>
<bind>
<opcode="sub(10) " fcode="sub"/>
<opset="gy/17 "/>
</bind>
</comp>

<comp id="910" class="1004" name="px_2_fu_910">
<pin_list>
<pin id="911" dir="0" index="0" bw="8" slack="0"/>
<pin id="912" dir="0" index="1" bw="2" slack="0"/>
<pin id="913" dir="0" index="2" bw="8" slack="1"/>
<pin id="914" dir="0" index="3" bw="2" slack="0"/>
<pin id="915" dir="0" index="4" bw="8" slack="1"/>
<pin id="916" dir="0" index="5" bw="2" slack="0"/>
<pin id="917" dir="0" index="6" bw="8" slack="1"/>
<pin id="918" dir="0" index="7" bw="8" slack="0"/>
<pin id="919" dir="0" index="8" bw="2" slack="4"/>
<pin id="920" dir="1" index="9" bw="8" slack="0"/>
</pin_list>
<bind>
<opcode="sparsemux(1197) " fcode="sparsemux"/>
<opset="px_2/17 "/>
</bind>
</comp>

<comp id="926" class="1004" name="zext_ln41_6_fu_926">
<pin_list>
<pin id="927" dir="0" index="0" bw="8" slack="0"/>
<pin id="928" dir="1" index="1" bw="11" slack="0"/>
</pin_list>
<bind>
<opcode="zext(34) " fcode="zext"/>
<opset="zext_ln41_6/17 "/>
</bind>
</comp>

<comp id="930" class="1004" name="gy_1_fu_930">
<pin_list>
<pin id="931" dir="0" index="0" bw="11" slack="0"/>
<pin id="932" dir="0" index="1" bw="8" slack="0"/>
<pin id="933" dir="1" index="2" bw="11" slack="0"/>
</pin_list>
<bind>
<opcode="sub(10) " fcode="sub"/>
<opset="gy_1/17 "/>
</bind>
</comp>

<comp id="936" class="1004" name="gy_2_fu_936">
<pin_list>
<pin id="937" dir="0" index="0" bw="1" slack="16"/>
<pin id="938" dir="0" index="1" bw="11" slack="0"/>
<pin id="939" dir="0" index="2" bw="11" slack="0"/>
<pin id="940" dir="1" index="3" bw="11" slack="0"/>
</pin_list>
<bind>
<opcode="select(49) " fcode="select"/>
<opset="gy_2/17 "/>
</bind>
</comp>

<comp id="943" class="1004" name="conv_2218_pn_fu_943">
<pin_list>
<pin id="944" dir="0" index="0" bw="1" slack="16"/>
<pin id="945" dir="0" index="1" bw="1" slack="0"/>
<pin id="946" dir="0" index="2" bw="8" slack="0"/>
<pin id="947" dir="1" index="3" bw="8" slack="0"/>
</pin_list>
<bind>
<opcode="select(49) " fcode="select"/>
<opset="conv_2218_pn/17 "/>
</bind>
</comp>

<comp id="950" class="1004" name="zext_ln36_fu_950">
<pin_list>
<pin id="951" dir="0" index="0" bw="8" slack="0"/>
<pin id="952" dir="1" index="1" bw="9" slack="0"/>
</pin_list>
<bind>
<opcode="zext(34) " fcode="zext"/>
<opset="zext_ln36/17 "/>
</bind>
</comp>

<comp id="954" class="1004" name="gx_fu_954">
<pin_list>
<pin id="955" dir="0" index="0" bw="8" slack="0"/>
<pin id="956" dir="0" index="1" bw="8" slack="0"/>
<pin id="957" dir="1" index="2" bw="9" slack="0"/>
</pin_list>
<bind>
<opcode="sub(10) " fcode="sub"/>
<opset="gx/17 "/>
</bind>
</comp>

<comp id="960" class="1004" name="sext_ln36_fu_960">
<pin_list>
<pin id="961" dir="0" index="0" bw="9" slack="0"/>
<pin id="962" dir="1" index="1" bw="11" slack="0"/>
</pin_list>
<bind>
<opcode="sext(35) " fcode="sext"/>
<opset="sext_ln36/17 "/>
</bind>
</comp>

<comp id="964" class="1004" name="tmp_9_fu_964">
<pin_list>
<pin id="965" dir="0" index="0" bw="9" slack="0"/>
<pin id="966" dir="0" index="1" bw="8" slack="2"/>
<pin id="967" dir="0" index="2" bw="1" slack="0"/>
<pin id="968" dir="1" index="3" bw="9" slack="0"/>
</pin_list>
<bind>
<opcode="bitconcatenate(1004) " fcode="bitconcatenate"/>
<opset="tmp_9/17 "/>
</bind>
</comp>

<comp id="971" class="1004" name="zext_ln42_1_fu_971">
<pin_list>
<pin id="972" dir="0" index="0" bw="9" slack="0"/>
<pin id="973" dir="1" index="1" bw="10" slack="0"/>
</pin_list>
<bind>
<opcode="zext(34) " fcode="zext"/>
<opset="zext_ln42_1/17 "/>
</bind>
</comp>

<comp id="975" class="1004" name="sub_ln42_fu_975">
<pin_list>
<pin id="976" dir="0" index="0" bw="1" slack="0"/>
<pin id="977" dir="0" index="1" bw="9" slack="0"/>
<pin id="978" dir="1" index="2" bw="10" slack="0"/>
</pin_list>
<bind>
<opcode="sub(10) " fcode="sub"/>
<opset="sub_ln42/17 "/>
</bind>
</comp>

<comp id="981" class="1004" name="sext_ln42_fu_981">
<pin_list>
<pin id="982" dir="0" index="0" bw="10" slack="0"/>
<pin id="983" dir="1" index="1" bw="11" slack="0"/>
</pin_list>
<bind>
<opcode="sext(35) " fcode="sext"/>
<opset="sext_ln42/17 "/>
</bind>
</comp>

<comp id="985" class="1004" name="gx_1_fu_985">
<pin_list>
<pin id="986" dir="0" index="0" bw="10" slack="0"/>
<pin id="987" dir="0" index="1" bw="9" slack="0"/>
<pin id="988" dir="1" index="2" bw="11" slack="0"/>
</pin_list>
<bind>
<opcode="add(8) " fcode="add"/>
<opset="gx_1/17 "/>
</bind>
</comp>

<comp id="991" class="1004" name="shl_ln_fu_991">
<pin_list>
<pin id="992" dir="0" index="0" bw="9" slack="0"/>
<pin id="993" dir="0" index="1" bw="8" slack="0"/>
<pin id="994" dir="0" index="2" bw="1" slack="0"/>
<pin id="995" dir="1" index="3" bw="9" slack="0"/>
</pin_list>
<bind>
<opcode="bitconcatenate(1004) " fcode="bitconcatenate"/>
<opset="shl_ln/17 "/>
</bind>
</comp>

<comp id="999" class="1004" name="zext_ln42_fu_999">
<pin_list>
<pin id="1000" dir="0" index="0" bw="9" slack="0"/>
<pin id="1001" dir="1" index="1" bw="11" slack="0"/>
</pin_list>
<bind>
<opcode="zext(34) " fcode="zext"/>
<opset="zext_ln42/17 "/>
</bind>
</comp>

<comp id="1003" class="1004" name="gx_2_fu_1003">
<pin_list>
<pin id="1004" dir="0" index="0" bw="9" slack="0"/>
<pin id="1005" dir="0" index="1" bw="11" slack="0"/>
<pin id="1006" dir="1" index="2" bw="11" slack="0"/>
</pin_list>
<bind>
<opcode="add(8) " fcode="add"/>
<opset="gx_2/17 "/>
</bind>
</comp>

<comp id="1009" class="1004" name="gx_3_fu_1009">
<pin_list>
<pin id="1010" dir="0" index="0" bw="1" slack="16"/>
<pin id="1011" dir="0" index="1" bw="11" slack="0"/>
<pin id="1012" dir="0" index="2" bw="11" slack="0"/>
<pin id="1013" dir="1" index="3" bw="11" slack="0"/>
</pin_list>
<bind>
<opcode="select(49) " fcode="select"/>
<opset="gx_3/17 "/>
</bind>
</comp>

<comp id="1016" class="1004" name="px_5_fu_1016">
<pin_list>
<pin id="1017" dir="0" index="0" bw="8" slack="0"/>
<pin id="1018" dir="0" index="1" bw="2" slack="0"/>
<pin id="1019" dir="0" index="2" bw="8" slack="2"/>
<pin id="1020" dir="0" index="3" bw="2" slack="0"/>
<pin id="1021" dir="0" index="4" bw="8" slack="2"/>
<pin id="1022" dir="0" index="5" bw="2" slack="0"/>
<pin id="1023" dir="0" index="6" bw="8" slack="2"/>
<pin id="1024" dir="0" index="7" bw="8" slack="0"/>
<pin id="1025" dir="0" index="8" bw="2" slack="4"/>
<pin id="1026" dir="1" index="9" bw="8" slack="0"/>
</pin_list>
<bind>
<opcode="sparsemux(1197) " fcode="sparsemux"/>
<opset="px_5/17 "/>
</bind>
</comp>

<comp id="1035" class="1004" name="zext_ln41_8_fu_1035">
<pin_list>
<pin id="1036" dir="0" index="0" bw="8" slack="0"/>
<pin id="1037" dir="1" index="1" bw="10" slack="0"/>
</pin_list>
<bind>
<opcode="zext(34) " fcode="zext"/>
<opset="zext_ln41_8/17 "/>
</bind>
</comp>

<comp id="1039" class="1004" name="zext_ln41_9_fu_1039">
<pin_list>
<pin id="1040" dir="0" index="0" bw="8" slack="0"/>
<pin id="1041" dir="1" index="1" bw="11" slack="0"/>
</pin_list>
<bind>
<opcode="zext(34) " fcode="zext"/>
<opset="zext_ln41_9/17 "/>
</bind>
</comp>

<comp id="1043" class="1004" name="gx_4_fu_1043">
<pin_list>
<pin id="1044" dir="0" index="0" bw="11" slack="0"/>
<pin id="1045" dir="0" index="1" bw="8" slack="0"/>
<pin id="1046" dir="1" index="2" bw="11" slack="1"/>
</pin_list>
<bind>
<opcode="sub(10) " fcode="sub"/>
<opset="gx_4/17 "/>
</bind>
</comp>

<comp id="1049" class="1004" name="px_6_fu_1049">
<pin_list>
<pin id="1050" dir="0" index="0" bw="8" slack="0"/>
<pin id="1051" dir="0" index="1" bw="2" slack="0"/>
<pin id="1052" dir="0" index="2" bw="8" slack="2"/>
<pin id="1053" dir="0" index="3" bw="2" slack="0"/>
<pin id="1054" dir="0" index="4" bw="8" slack="2"/>
<pin id="1055" dir="0" index="5" bw="2" slack="0"/>
<pin id="1056" dir="0" index="6" bw="8" slack="2"/>
<pin id="1057" dir="0" index="7" bw="8" slack="0"/>
<pin id="1058" dir="0" index="8" bw="2" slack="4"/>
<pin id="1059" dir="1" index="9" bw="8" slack="0"/>
</pin_list>
<bind>
<opcode="sparsemux(1197) " fcode="sparsemux"/>
<opset="px_6/17 "/>
</bind>
</comp>

<comp id="1068" class="1004" name="shl_ln1_fu_1068">
<pin_list>
<pin id="1069" dir="0" index="0" bw="9" slack="0"/>
<pin id="1070" dir="0" index="1" bw="8" slack="0"/>
<pin id="1071" dir="0" index="2" bw="1" slack="0"/>
<pin id="1072" dir="1" index="3" bw="9" slack="0"/>
</pin_list>
<bind>
<opcode="bitconcatenate(1004) " fcode="bitconcatenate"/>
<opset="shl_ln1/17 "/>
</bind>
</comp>

<comp id="1076" class="1004" name="zext_ln43_fu_1076">
<pin_list>
<pin id="1077" dir="0" index="0" bw="9" slack="0"/>
<pin id="1078" dir="1" index="1" bw="10" slack="0"/>
</pin_list>
<bind>
<opcode="zext(34) " fcode="zext"/>
<opset="zext_ln43/17 "/>
</bind>
</comp>

<comp id="1080" class="1004" name="add_ln43_fu_1080">
<pin_list>
<pin id="1081" dir="0" index="0" bw="9" slack="0"/>
<pin id="1082" dir="0" index="1" bw="8" slack="0"/>
<pin id="1083" dir="1" index="2" bw="10" slack="0"/>
</pin_list>
<bind>
<opcode="add(8) " fcode="add"/>
<opset="add_ln43/17 "/>
</bind>
</comp>

<comp id="1086" class="1004" name="zext_ln43_1_fu_1086">
<pin_list>
<pin id="1087" dir="0" index="0" bw="10" slack="0"/>
<pin id="1088" dir="1" index="1" bw="11" slack="0"/>
</pin_list>
<bind>
<opcode="zext(34) " fcode="zext"/>
<opset="zext_ln43_1/17 "/>
</bind>
</comp>

<comp id="1090" class="1004" name="gy_3_fu_1090">
<pin_list>
<pin id="1091" dir="0" index="0" bw="10" slack="0"/>
<pin id="1092" dir="0" index="1" bw="11" slack="0"/>
<pin id="1093" dir="1" index="2" bw="11" slack="1"/>
</pin_list>
<bind>
<opcode="add(8) " fcode="add"/>
<opset="gy_3/17 "/>
</bind>
</comp>

<comp id="1096" class="1004" name="px_7_fu_1096">
<pin_list>
<pin id="1097" dir="0" index="0" bw="8" slack="0"/>
<pin id="1098" dir="0" index="1" bw="2" slack="0"/>
<pin id="1099" dir="0" index="2" bw="8" slack="3"/>
<pin id="1100" dir="0" index="3" bw="2" slack="0"/>
<pin id="1101" dir="0" index="4" bw="8" slack="3"/>
<pin id="1102" dir="0" index="5" bw="2" slack="0"/>
<pin id="1103" dir="0" index="6" bw="8" slack="3"/>
<pin id="1104" dir="0" index="7" bw="8" slack="0"/>
<pin id="1105" dir="0" index="8" bw="2" slack="5"/>
<pin id="1106" dir="1" index="9" bw="8" slack="0"/>
</pin_list>
<bind>
<opcode="sparsemux(1197) " fcode="sparsemux"/>
<opset="px_7/18 "/>
</bind>
</comp>

<comp id="1115" class="1004" name="zext_ln41_10_fu_1115">
<pin_list>
<pin id="1116" dir="0" index="0" bw="8" slack="0"/>
<pin id="1117" dir="1" index="1" bw="11" slack="0"/>
</pin_list>
<bind>
<opcode="zext(34) " fcode="zext"/>
<opset="zext_ln41_10/18 "/>
</bind>
</comp>

<comp id="1119" class="1004" name="gx_5_fu_1119">
<pin_list>
<pin id="1120" dir="0" index="0" bw="11" slack="1"/>
<pin id="1121" dir="0" index="1" bw="8" slack="0"/>
<pin id="1122" dir="1" index="2" bw="11" slack="0"/>
</pin_list>
<bind>
<opcode="add(8) " fcode="add"/>
<opset="gx_5/18 "/>
</bind>
</comp>

<comp id="1124" class="1004" name="gy_4_fu_1124">
<pin_list>
<pin id="1125" dir="0" index="0" bw="11" slack="1"/>
<pin id="1126" dir="0" index="1" bw="8" slack="0"/>
<pin id="1127" dir="1" index="2" bw="11" slack="0"/>
</pin_list>
<bind>
<opcode="add(8) " fcode="add"/>
<opset="gy_4/18 "/>
</bind>
</comp>

<comp id="1129" class="1004" name="gy_5_fu_1129">
<pin_list>
<pin id="1130" dir="0" index="0" bw="1" slack="17"/>
<pin id="1131" dir="0" index="1" bw="11" slack="1"/>
<pin id="1132" dir="0" index="2" bw="11" slack="0"/>
<pin id="1133" dir="1" index="3" bw="11" slack="0"/>
</pin_list>
<bind>
<opcode="select(49) " fcode="select"/>
<opset="gy_5/18 "/>
</bind>
</comp>

<comp id="1135" class="1004" name="trunc_ln36_fu_1135">
<pin_list>
<pin id="1136" dir="0" index="0" bw="11" slack="0"/>
<pin id="1137" dir="1" index="1" bw="10" slack="0"/>
</pin_list>
<bind>
<opcode="trunc(33) " fcode="trunc"/>
<opset="trunc_ln36/18 "/>
</bind>
</comp>

<comp id="1139" class="1004" name="gx_6_fu_1139">
<pin_list>
<pin id="1140" dir="0" index="0" bw="1" slack="17"/>
<pin id="1141" dir="0" index="1" bw="11" slack="1"/>
<pin id="1142" dir="0" index="2" bw="11" slack="0"/>
<pin id="1143" dir="1" index="3" bw="11" slack="0"/>
</pin_list>
<bind>
<opcode="select(49) " fcode="select"/>
<opset="gx_6/18 "/>
</bind>
</comp>

<comp id="1145" class="1004" name="trunc_ln36_1_fu_1145">
<pin_list>
<pin id="1146" dir="0" index="0" bw="11" slack="0"/>
<pin id="1147" dir="1" index="1" bw="10" slack="0"/>
</pin_list>
<bind>
<opcode="trunc(33) " fcode="trunc"/>
<opset="trunc_ln36_1/18 "/>
</bind>
</comp>

<comp id="1149" class="1004" name="neg_fu_1149">
<pin_list>
<pin id="1150" dir="0" index="0" bw="1" slack="0"/>
<pin id="1151" dir="0" index="1" bw="10" slack="0"/>
<pin id="1152" dir="1" index="2" bw="10" slack="0"/>
</pin_list>
<bind>
<opcode="sub(10) " fcode="sub"/>
<opset="neg/18 "/>
</bind>
</comp>

<comp id="1155" class="1004" name="abscond_fu_1155">
<pin_list>
<pin id="1156" dir="0" index="0" bw="11" slack="0"/>
<pin id="1157" dir="0" index="1" bw="1" slack="0"/>
<pin id="1158" dir="1" index="2" bw="1" slack="0"/>
</pin_list>
<bind>
<opcode="icmp(45) " fcode="icmp"/>
<opset="abscond/18 "/>
</bind>
</comp>

<comp id="1161" class="1004" name="abs_fu_1161">
<pin_list>
<pin id="1162" dir="0" index="0" bw="1" slack="0"/>
<pin id="1163" dir="0" index="1" bw="10" slack="0"/>
<pin id="1164" dir="0" index="2" bw="10" slack="0"/>
<pin id="1165" dir="1" index="3" bw="10" slack="0"/>
</pin_list>
<bind>
<opcode="select(49) " fcode="select"/>
<opset="abs/18 "/>
</bind>
</comp>

<comp id="1169" class="1004" name="empty_22_fu_1169">
<pin_list>
<pin id="1170" dir="0" index="0" bw="10" slack="0"/>
<pin id="1171" dir="1" index="1" bw="8" slack="0"/>
</pin_list>
<bind>
<opcode="trunc(33) " fcode="trunc"/>
<opset="empty_22/18 "/>
</bind>
</comp>

<comp id="1173" class="1004" name="abs_cast_fu_1173">
<pin_list>
<pin id="1174" dir="0" index="0" bw="10" slack="0"/>
<pin id="1175" dir="1" index="1" bw="11" slack="0"/>
</pin_list>
<bind>
<opcode="zext(34) " fcode="zext"/>
<opset="abs_cast/18 "/>
</bind>
</comp>

<comp id="1177" class="1004" name="neg1_fu_1177">
<pin_list>
<pin id="1178" dir="0" index="0" bw="1" slack="0"/>
<pin id="1179" dir="0" index="1" bw="10" slack="0"/>
<pin id="1180" dir="1" index="2" bw="10" slack="0"/>
</pin_list>
<bind>
<opcode="sub(10) " fcode="sub"/>
<opset="neg1/18 "/>
</bind>
</comp>

<comp id="1183" class="1004" name="abscond2_fu_1183">
<pin_list>
<pin id="1184" dir="0" index="0" bw="11" slack="0"/>
<pin id="1185" dir="0" index="1" bw="1" slack="0"/>
<pin id="1186" dir="1" index="2" bw="1" slack="0"/>
</pin_list>
<bind>
<opcode="icmp(45) " fcode="icmp"/>
<opset="abscond2/18 "/>
</bind>
</comp>

<comp id="1189" class="1004" name="abs3_fu_1189">
<pin_list>
<pin id="1190" dir="0" index="0" bw="1" slack="0"/>
<pin id="1191" dir="0" index="1" bw="10" slack="0"/>
<pin id="1192" dir="0" index="2" bw="10" slack="0"/>
<pin id="1193" dir="1" index="3" bw="10" slack="0"/>
</pin_list>
<bind>
<opcode="select(49) " fcode="select"/>
<opset="abs3/18 "/>
</bind>
</comp>

<comp id="1197" class="1004" name="trunc_ln49_fu_1197">
<pin_list>
<pin id="1198" dir="0" index="0" bw="10" slack="0"/>
<pin id="1199" dir="1" index="1" bw="8" slack="0"/>
</pin_list>
<bind>
<opcode="trunc(33) " fcode="trunc"/>
<opset="trunc_ln49/18 "/>
</bind>
</comp>

<comp id="1201" class="1004" name="zext_ln49_fu_1201">
<pin_list>
<pin id="1202" dir="0" index="0" bw="10" slack="0"/>
<pin id="1203" dir="1" index="1" bw="11" slack="0"/>
</pin_list>
<bind>
<opcode="zext(34) " fcode="zext"/>
<opset="zext_ln49/18 "/>
</bind>
</comp>

<comp id="1205" class="1004" name="add_ln52_fu_1205">
<pin_list>
<pin id="1206" dir="0" index="0" bw="8" slack="0"/>
<pin id="1207" dir="0" index="1" bw="8" slack="0"/>
<pin id="1208" dir="1" index="2" bw="8" slack="1"/>
</pin_list>
<bind>
<opcode="add(8) " fcode="add"/>
<opset="add_ln52/18 "/>
</bind>
</comp>

<comp id="1211" class="1004" name="mag_fu_1211">
<pin_list>
<pin id="1212" dir="0" index="0" bw="10" slack="0"/>
<pin id="1213" dir="0" index="1" bw="10" slack="0"/>
<pin id="1214" dir="1" index="2" bw="11" slack="0"/>
</pin_list>
<bind>
<opcode="add(8) " fcode="add"/>
<opset="mag/18 "/>
</bind>
</comp>

<comp id="1217" class="1004" name="tmp_10_fu_1217">
<pin_list>
<pin id="1218" dir="0" index="0" bw="3" slack="0"/>
<pin id="1219" dir="0" index="1" bw="11" slack="0"/>
<pin id="1220" dir="0" index="2" bw="5" slack="0"/>
<pin id="1221" dir="0" index="3" bw="5" slack="0"/>
<pin id="1222" dir="1" index="4" bw="3" slack="1"/>
</pin_list>
<bind>
<opcode="partselect(1002) " fcode="partselect"/>
<opset="tmp_10/18 "/>
</bind>
</comp>

<comp id="1227" class="1004" name="icmp_ln50_fu_1227">
<pin_list>
<pin id="1228" dir="0" index="0" bw="3" slack="1"/>
<pin id="1229" dir="0" index="1" bw="1" slack="0"/>
<pin id="1230" dir="1" index="2" bw="1" slack="0"/>
</pin_list>
<bind>
<opcode="icmp(45) " fcode="icmp"/>
<opset="icmp_ln50/19 "/>
</bind>
</comp>

<comp id="1232" class="1004" name="pix_out_data_fu_1232">
<pin_list>
<pin id="1233" dir="0" index="0" bw="1" slack="0"/>
<pin id="1234" dir="0" index="1" bw="1" slack="0"/>
<pin id="1235" dir="0" index="2" bw="8" slack="1"/>
<pin id="1236" dir="1" index="3" bw="8" slack="0"/>
</pin_list>
<bind>
<opcode="select(49) " fcode="select"/>
<opset="pix_out_data/19 "/>
</bind>
</comp>

<comp id="1240" class="1005" name="indvar_flatten7_reg_1240">
<pin_list>
<pin id="1241" dir="0" index="0" bw="17" slack="0"/>
<pin id="1242" dir="1" index="1" bw="17" slack="0"/>
</pin_list>
<bind>
<opset="indvar_flatten7 "/>
</bind>
</comp>

<comp id="1247" class="1005" name="row8_reg_1247">
<pin_list>
<pin id="1248" dir="0" index="0" bw="9" slack="0"/>
<pin id="1249" dir="1" index="1" bw="9" slack="0"/>
</pin_list>
<bind>
<opset="row8 "/>
</bind>
</comp>

<comp id="1254" class="1005" name="col9_reg_1254">
<pin_list>
<pin id="1255" dir="0" index="0" bw="9" slack="0"/>
<pin id="1256" dir="1" index="1" bw="9" slack="0"/>
</pin_list>
<bind>
<opset="col9 "/>
</bind>
</comp>

<comp id="1261" class="1005" name="row_111_reg_1261">
<pin_list>
<pin id="1262" dir="0" index="0" bw="9" slack="0"/>
<pin id="1263" dir="1" index="1" bw="9" slack="0"/>
</pin_list>
<bind>
<opset="row_111 "/>
</bind>
</comp>

<comp id="1268" class="1005" name="select_ln21_reg_1268">
<pin_list>
<pin id="1269" dir="0" index="0" bw="9" slack="1"/>
<pin id="1270" dir="1" index="1" bw="9" slack="1"/>
</pin_list>
<bind>
<opset="select_ln21 "/>
</bind>
</comp>

<comp id="1275" class="1005" name="zext_ln22_reg_1275">
<pin_list>
<pin id="1276" dir="0" index="0" bw="64" slack="15"/>
<pin id="1277" dir="1" index="1" bw="64" slack="15"/>
</pin_list>
<bind>
<opset="zext_ln22 "/>
</bind>
</comp>

<comp id="1280" class="1005" name="trunc_ln22_reg_1280">
<pin_list>
<pin id="1281" dir="0" index="0" bw="8" slack="12"/>
<pin id="1282" dir="1" index="1" bw="8" slack="12"/>
</pin_list>
<bind>
<opset="trunc_ln22 "/>
</bind>
</comp>

<comp id="1286" class="1005" name="tmp_3_reg_1286">
<pin_list>
<pin id="1287" dir="0" index="0" bw="1" slack="13"/>
<pin id="1288" dir="1" index="1" bw="1" slack="16"/>
</pin_list>
<bind>
<opset="tmp_3 "/>
</bind>
</comp>

<comp id="1295" class="1005" name="tmp_4_reg_1295">
<pin_list>
<pin id="1296" dir="0" index="0" bw="1" slack="1"/>
<pin id="1297" dir="1" index="1" bw="1" slack="2147483647"/>
</pin_list>
<bind>
<opset="tmp_4 "/>
</bind>
</comp>

<comp id="1299" class="1005" name="line_buffer_1_addr_reg_1299">
<pin_list>
<pin id="1300" dir="0" index="0" bw="8" slack="1"/>
<pin id="1301" dir="1" index="1" bw="8" slack="1"/>
</pin_list>
<bind>
<opset="line_buffer_1_addr "/>
</bind>
</comp>

<comp id="1305" class="1005" name="and_ln35_reg_1305">
<pin_list>
<pin id="1306" dir="0" index="0" bw="1" slack="12"/>
<pin id="1307" dir="1" index="1" bw="1" slack="2147483647"/>
</pin_list>
<bind>
<opset="and_ln35 "/>
</bind>
</comp>

<comp id="1309" class="1005" name="icmp_ln22_reg_1309">
<pin_list>
<pin id="1310" dir="0" index="0" bw="1" slack="0"/>
<pin id="1311" dir="1" index="1" bw="1" slack="0"/>
</pin_list>
<bind>
<opset="icmp_ln22 "/>
</bind>
</comp>

<comp id="1314" class="1005" name="icmp_ln21_reg_1314">
<pin_list>
<pin id="1315" dir="0" index="0" bw="1" slack="1"/>
<pin id="1316" dir="1" index="1" bw="1" slack="2147483647"/>
</pin_list>
<bind>
<opset="icmp_ln21 "/>
</bind>
</comp>

<comp id="1318" class="1005" name="line_buffer_1_load_reg_1318">
<pin_list>
<pin id="1319" dir="0" index="0" bw="8" slack="11"/>
<pin id="1320" dir="1" index="1" bw="8" slack="11"/>
</pin_list>
<bind>
<opset="line_buffer_1_load "/>
</bind>
</comp>

<comp id="1325" class="1005" name="zext_ln22_1_reg_1325">
<pin_list>
<pin id="1326" dir="0" index="0" bw="64" slack="1"/>
<pin id="1327" dir="1" index="1" bw="64" slack="1"/>
</pin_list>
<bind>
<opset="zext_ln22_1 "/>
</bind>
</comp>

<comp id="1338" class="1005" name="trunc_ln22_1_reg_1338">
<pin_list>
<pin id="1339" dir="0" index="0" bw="2" slack="1"/>
<pin id="1340" dir="1" index="1" bw="2" slack="2"/>
</pin_list>
<bind>
<opset="trunc_ln22_1 "/>
</bind>
</comp>

<comp id="1349" class="1005" name="add_ln41_reg_1349">
<pin_list>
<pin id="1350" dir="0" index="0" bw="8" slack="1"/>
<pin id="1351" dir="1" index="1" bw="8" slack="1"/>
</pin_list>
<bind>
<opset="add_ln41 "/>
</bind>
</comp>

<comp id="1355" class="1005" name="tmp_7_reg_1355">
<pin_list>
<pin id="1356" dir="0" index="0" bw="7" slack="1"/>
<pin id="1357" dir="1" index="1" bw="7" slack="1"/>
</pin_list>
<bind>
<opset="tmp_7 "/>
</bind>
</comp>

<comp id="1360" class="1005" name="pix_out_last_reg_1360">
<pin_list>
<pin id="1361" dir="0" index="0" bw="1" slack="6"/>
<pin id="1362" dir="1" index="1" bw="1" slack="6"/>
</pin_list>
<bind>
<opset="pix_out_last "/>
</bind>
</comp>

<comp id="1365" class="1005" name="line_buffer_addr_reg_1365">
<pin_list>
<pin id="1366" dir="0" index="0" bw="7" slack="1"/>
<pin id="1367" dir="1" index="1" bw="7" slack="1"/>
</pin_list>
<bind>
<opset="line_buffer_addr "/>
</bind>
</comp>

<comp id="1370" class="1005" name="line_buffer_1_addr_18_reg_1370">
<pin_list>
<pin id="1371" dir="0" index="0" bw="7" slack="1"/>
<pin id="1372" dir="1" index="1" bw="7" slack="1"/>
</pin_list>
<bind>
<opset="line_buffer_1_addr_18 "/>
</bind>
</comp>

<comp id="1375" class="1005" name="line_buffer_2_addr_reg_1375">
<pin_list>
<pin id="1376" dir="0" index="0" bw="7" slack="1"/>
<pin id="1377" dir="1" index="1" bw="7" slack="1"/>
</pin_list>
<bind>
<opset="line_buffer_2_addr "/>
</bind>
</comp>

<comp id="1380" class="1005" name="line_buffer_addr_1_reg_1380">
<pin_list>
<pin id="1381" dir="0" index="0" bw="7" slack="1"/>
<pin id="1382" dir="1" index="1" bw="7" slack="1"/>
</pin_list>
<bind>
<opset="line_buffer_addr_1 "/>
</bind>
</comp>

<comp id="1385" class="1005" name="line_buffer_1_addr_1_reg_1385">
<pin_list>
<pin id="1386" dir="0" index="0" bw="7" slack="1"/>
<pin id="1387" dir="1" index="1" bw="7" slack="1"/>
</pin_list>
<bind>
<opset="line_buffer_1_addr_1 "/>
</bind>
</comp>

<comp id="1390" class="1005" name="line_buffer_2_addr_1_reg_1390">
<pin_list>
<pin id="1391" dir="0" index="0" bw="7" slack="1"/>
<pin id="1392" dir="1" index="1" bw="7" slack="1"/>
</pin_list>
<bind>
<opset="line_buffer_2_addr_1 "/>
</bind>
</comp>

<comp id="1395" class="1005" name="line_buffer_addr_2_reg_1395">
<pin_list>
<pin id="1396" dir="0" index="0" bw="7" slack="1"/>
<pin id="1397" dir="1" index="1" bw="7" slack="1"/>
</pin_list>
<bind>
<opset="line_buffer_addr_2 "/>
</bind>
</comp>

<comp id="1400" class="1005" name="line_buffer_1_addr_2_reg_1400">
<pin_list>
<pin id="1401" dir="0" index="0" bw="7" slack="1"/>
<pin id="1402" dir="1" index="1" bw="7" slack="1"/>
</pin_list>
<bind>
<opset="line_buffer_1_addr_2 "/>
</bind>
</comp>

<comp id="1405" class="1005" name="line_buffer_2_addr_2_reg_1405">
<pin_list>
<pin id="1406" dir="0" index="0" bw="7" slack="1"/>
<pin id="1407" dir="1" index="1" bw="7" slack="1"/>
</pin_list>
<bind>
<opset="line_buffer_2_addr_2 "/>
</bind>
</comp>

<comp id="1410" class="1005" name="line_buffer_1_addr_1_20_reg_1410">
<pin_list>
<pin id="1411" dir="0" index="0" bw="8" slack="1"/>
<pin id="1412" dir="1" index="1" bw="8" slack="1"/>
</pin_list>
<bind>
<opset="line_buffer_1_addr_1_20 "/>
</bind>
</comp>

<comp id="1415" class="1005" name="line_buffer_3_addr_1_reg_1415">
<pin_list>
<pin id="1416" dir="0" index="0" bw="7" slack="1"/>
<pin id="1417" dir="1" index="1" bw="7" slack="1"/>
</pin_list>
<bind>
<opset="line_buffer_3_addr_1 "/>
</bind>
</comp>

<comp id="1420" class="1005" name="line_buffer_4_addr_1_reg_1420">
<pin_list>
<pin id="1421" dir="0" index="0" bw="7" slack="1"/>
<pin id="1422" dir="1" index="1" bw="7" slack="1"/>
</pin_list>
<bind>
<opset="line_buffer_4_addr_1 "/>
</bind>
</comp>

<comp id="1425" class="1005" name="line_buffer_5_addr_1_reg_1425">
<pin_list>
<pin id="1426" dir="0" index="0" bw="7" slack="1"/>
<pin id="1427" dir="1" index="1" bw="7" slack="1"/>
</pin_list>
<bind>
<opset="line_buffer_5_addr_1 "/>
</bind>
</comp>

<comp id="1430" class="1005" name="line_buffer_3_addr_2_reg_1430">
<pin_list>
<pin id="1431" dir="0" index="0" bw="7" slack="1"/>
<pin id="1432" dir="1" index="1" bw="7" slack="1"/>
</pin_list>
<bind>
<opset="line_buffer_3_addr_2 "/>
</bind>
</comp>

<comp id="1435" class="1005" name="line_buffer_4_addr_2_reg_1435">
<pin_list>
<pin id="1436" dir="0" index="0" bw="7" slack="1"/>
<pin id="1437" dir="1" index="1" bw="7" slack="1"/>
</pin_list>
<bind>
<opset="line_buffer_4_addr_2 "/>
</bind>
</comp>

<comp id="1440" class="1005" name="line_buffer_5_addr_2_reg_1440">
<pin_list>
<pin id="1441" dir="0" index="0" bw="7" slack="1"/>
<pin id="1442" dir="1" index="1" bw="7" slack="1"/>
</pin_list>
<bind>
<opset="line_buffer_5_addr_2 "/>
</bind>
</comp>

<comp id="1445" class="1005" name="line_buffer_3_addr_3_reg_1445">
<pin_list>
<pin id="1446" dir="0" index="0" bw="7" slack="1"/>
<pin id="1447" dir="1" index="1" bw="7" slack="1"/>
</pin_list>
<bind>
<opset="line_buffer_3_addr_3 "/>
</bind>
</comp>

<comp id="1450" class="1005" name="line_buffer_4_addr_3_reg_1450">
<pin_list>
<pin id="1451" dir="0" index="0" bw="7" slack="1"/>
<pin id="1452" dir="1" index="1" bw="7" slack="1"/>
</pin_list>
<bind>
<opset="line_buffer_4_addr_3 "/>
</bind>
</comp>

<comp id="1455" class="1005" name="line_buffer_5_addr_3_reg_1455">
<pin_list>
<pin id="1456" dir="0" index="0" bw="7" slack="1"/>
<pin id="1457" dir="1" index="1" bw="7" slack="1"/>
</pin_list>
<bind>
<opset="line_buffer_5_addr_3 "/>
</bind>
</comp>

<comp id="1460" class="1005" name="line_buffer_addr_3_reg_1460">
<pin_list>
<pin id="1461" dir="0" index="0" bw="7" slack="1"/>
<pin id="1462" dir="1" index="1" bw="7" slack="1"/>
</pin_list>
<bind>
<opset="line_buffer_addr_3 "/>
</bind>
</comp>

<comp id="1465" class="1005" name="line_buffer_1_addr_3_reg_1465">
<pin_list>
<pin id="1466" dir="0" index="0" bw="7" slack="1"/>
<pin id="1467" dir="1" index="1" bw="7" slack="1"/>
</pin_list>
<bind>
<opset="line_buffer_1_addr_3 "/>
</bind>
</comp>

<comp id="1470" class="1005" name="line_buffer_2_addr_3_reg_1470">
<pin_list>
<pin id="1471" dir="0" index="0" bw="7" slack="1"/>
<pin id="1472" dir="1" index="1" bw="7" slack="1"/>
</pin_list>
<bind>
<opset="line_buffer_2_addr_3 "/>
</bind>
</comp>

<comp id="1475" class="1005" name="px_3_reg_1475">
<pin_list>
<pin id="1476" dir="0" index="0" bw="8" slack="2"/>
<pin id="1477" dir="1" index="1" bw="8" slack="2"/>
</pin_list>
<bind>
<opset="px_3 "/>
</bind>
</comp>

<comp id="1480" class="1005" name="line_buffer_load_3_reg_1480">
<pin_list>
<pin id="1481" dir="0" index="0" bw="8" slack="1"/>
<pin id="1482" dir="1" index="1" bw="8" slack="1"/>
</pin_list>
<bind>
<opset="line_buffer_load_3 "/>
</bind>
</comp>

<comp id="1485" class="1005" name="line_buffer_1_load_3_reg_1485">
<pin_list>
<pin id="1486" dir="0" index="0" bw="8" slack="1"/>
<pin id="1487" dir="1" index="1" bw="8" slack="1"/>
</pin_list>
<bind>
<opset="line_buffer_1_load_3 "/>
</bind>
</comp>

<comp id="1490" class="1005" name="line_buffer_2_load_3_reg_1490">
<pin_list>
<pin id="1491" dir="0" index="0" bw="8" slack="1"/>
<pin id="1492" dir="1" index="1" bw="8" slack="1"/>
</pin_list>
<bind>
<opset="line_buffer_2_load_3 "/>
</bind>
</comp>

<comp id="1495" class="1005" name="line_buffer_1_addr_2_21_reg_1495">
<pin_list>
<pin id="1496" dir="0" index="0" bw="8" slack="1"/>
<pin id="1497" dir="1" index="1" bw="8" slack="1"/>
</pin_list>
<bind>
<opset="line_buffer_1_addr_2_21 "/>
</bind>
</comp>

<comp id="1500" class="1005" name="gx_4_reg_1500">
<pin_list>
<pin id="1501" dir="0" index="0" bw="11" slack="1"/>
<pin id="1502" dir="1" index="1" bw="11" slack="1"/>
</pin_list>
<bind>
<opset="gx_4 "/>
</bind>
</comp>

<comp id="1506" class="1005" name="gy_3_reg_1506">
<pin_list>
<pin id="1507" dir="0" index="0" bw="11" slack="1"/>
<pin id="1508" dir="1" index="1" bw="11" slack="1"/>
</pin_list>
<bind>
<opset="gy_3 "/>
</bind>
</comp>

<comp id="1512" class="1005" name="add_ln52_reg_1512">
<pin_list>
<pin id="1513" dir="0" index="0" bw="8" slack="1"/>
<pin id="1514" dir="1" index="1" bw="8" slack="1"/>
</pin_list>
<bind>
<opset="add_ln52 "/>
</bind>
</comp>

<comp id="1517" class="1005" name="tmp_10_reg_1517">
<pin_list>
<pin id="1518" dir="0" index="0" bw="3" slack="1"/>
<pin id="1519" dir="1" index="1" bw="3" slack="1"/>
</pin_list>
<bind>
<opset="tmp_10 "/>
</bind>
</comp>

<comp id="1522" class="1005" name="pix_out_data_reg_1522">
<pin_list>
<pin id="1523" dir="0" index="0" bw="8" slack="1"/>
<pin id="1524" dir="1" index="1" bw="8" slack="1"/>
</pin_list>
<bind>
<opset="pix_out_data "/>
</bind>
</comp>

</comp_list>

<net_list>
<net id="145"><net_src comp="28" pin="0"/><net_sink comp="142" pin=0"/></net>

<net id="149"><net_src comp="28" pin="0"/><net_sink comp="146" pin=0"/></net>

<net id="153"><net_src comp="28" pin="0"/><net_sink comp="150" pin=0"/></net>

<net id="157"><net_src comp="28" pin="0"/><net_sink comp="154" pin=0"/></net>

<net id="161"><net_src comp="50" pin="0"/><net_sink comp="158" pin=0"/></net>

<net id="165"><net_src comp="50" pin="0"/><net_sink comp="162" pin=0"/></net>

<net id="169"><net_src comp="50" pin="0"/><net_sink comp="166" pin=0"/></net>

<net id="173"><net_src comp="50" pin="0"/><net_sink comp="170" pin=0"/></net>

<net id="177"><net_src comp="50" pin="0"/><net_sink comp="174" pin=0"/></net>

<net id="181"><net_src comp="50" pin="0"/><net_sink comp="178" pin=0"/></net>

<net id="185"><net_src comp="50" pin="0"/><net_sink comp="182" pin=0"/></net>

<net id="196"><net_src comp="120" pin="0"/><net_sink comp="186" pin=0"/></net>

<net id="197"><net_src comp="0" pin="0"/><net_sink comp="186" pin=1"/></net>

<net id="198"><net_src comp="2" pin="0"/><net_sink comp="186" pin=2"/></net>

<net id="199"><net_src comp="4" pin="0"/><net_sink comp="186" pin=3"/></net>

<net id="200"><net_src comp="6" pin="0"/><net_sink comp="186" pin=4"/></net>

<net id="201"><net_src comp="8" pin="0"/><net_sink comp="186" pin=5"/></net>

<net id="202"><net_src comp="10" pin="0"/><net_sink comp="186" pin=6"/></net>

<net id="203"><net_src comp="12" pin="0"/><net_sink comp="186" pin=7"/></net>

<net id="221"><net_src comp="138" pin="0"/><net_sink comp="204" pin=0"/></net>

<net id="222"><net_src comp="14" pin="0"/><net_sink comp="204" pin=1"/></net>

<net id="223"><net_src comp="16" pin="0"/><net_sink comp="204" pin=2"/></net>

<net id="224"><net_src comp="18" pin="0"/><net_sink comp="204" pin=3"/></net>

<net id="225"><net_src comp="20" pin="0"/><net_sink comp="204" pin=4"/></net>

<net id="226"><net_src comp="22" pin="0"/><net_sink comp="204" pin=5"/></net>

<net id="227"><net_src comp="24" pin="0"/><net_sink comp="204" pin=6"/></net>

<net id="228"><net_src comp="26" pin="0"/><net_sink comp="204" pin=7"/></net>

<net id="229"><net_src comp="140" pin="0"/><net_sink comp="204" pin=9"/></net>

<net id="230"><net_src comp="140" pin="0"/><net_sink comp="204" pin=10"/></net>

<net id="231"><net_src comp="64" pin="0"/><net_sink comp="204" pin=11"/></net>

<net id="232"><net_src comp="64" pin="0"/><net_sink comp="204" pin=13"/></net>

<net id="233"><net_src comp="64" pin="0"/><net_sink comp="204" pin=14"/></net>

<net id="239"><net_src comp="170" pin="1"/><net_sink comp="234" pin=0"/></net>

<net id="240"><net_src comp="78" pin="0"/><net_sink comp="234" pin=1"/></net>

<net id="258"><net_src comp="234" pin="3"/><net_sink comp="241" pin=8"/></net>

<net id="264"><net_src comp="78" pin="0"/><net_sink comp="259" pin=1"/></net>

<net id="270"><net_src comp="78" pin="0"/><net_sink comp="265" pin=1"/></net>

<net id="276"><net_src comp="78" pin="0"/><net_sink comp="271" pin=1"/></net>

<net id="282"><net_src comp="265" pin="3"/><net_sink comp="277" pin=0"/></net>

<net id="288"><net_src comp="259" pin="3"/><net_sink comp="283" pin=0"/></net>

<net id="294"><net_src comp="271" pin="3"/><net_sink comp="289" pin=0"/></net>

<net id="300"><net_src comp="78" pin="0"/><net_sink comp="295" pin=1"/></net>

<net id="306"><net_src comp="78" pin="0"/><net_sink comp="301" pin=1"/></net>

<net id="312"><net_src comp="78" pin="0"/><net_sink comp="307" pin=1"/></net>

<net id="318"><net_src comp="295" pin="3"/><net_sink comp="313" pin=0"/></net>

<net id="324"><net_src comp="301" pin="3"/><net_sink comp="319" pin=0"/></net>

<net id="330"><net_src comp="307" pin="3"/><net_sink comp="325" pin=0"/></net>

<net id="336"><net_src comp="78" pin="0"/><net_sink comp="331" pin=1"/></net>

<net id="342"><net_src comp="78" pin="0"/><net_sink comp="337" pin=1"/></net>

<net id="348"><net_src comp="78" pin="0"/><net_sink comp="343" pin=1"/></net>

<net id="349"><net_src comp="331" pin="3"/><net_sink comp="313" pin=0"/></net>

<net id="350"><net_src comp="337" pin="3"/><net_sink comp="319" pin=0"/></net>

<net id="351"><net_src comp="343" pin="3"/><net_sink comp="325" pin=0"/></net>

<net id="357"><net_src comp="78" pin="0"/><net_sink comp="352" pin=1"/></net>

<net id="363"><net_src comp="78" pin="0"/><net_sink comp="358" pin=1"/></net>

<net id="369"><net_src comp="78" pin="0"/><net_sink comp="364" pin=1"/></net>

<net id="370"><net_src comp="352" pin="3"/><net_sink comp="313" pin=0"/></net>

<net id="371"><net_src comp="358" pin="3"/><net_sink comp="319" pin=0"/></net>

<net id="372"><net_src comp="364" pin="3"/><net_sink comp="325" pin=0"/></net>

<net id="378"><net_src comp="78" pin="0"/><net_sink comp="373" pin=1"/></net>

<net id="379"><net_src comp="373" pin="3"/><net_sink comp="241" pin=5"/></net>

<net id="385"><net_src comp="78" pin="0"/><net_sink comp="380" pin=1"/></net>

<net id="391"><net_src comp="78" pin="0"/><net_sink comp="386" pin=1"/></net>

<net id="397"><net_src comp="78" pin="0"/><net_sink comp="392" pin=1"/></net>

<net id="402"><net_src comp="380" pin="3"/><net_sink comp="283" pin=2"/></net>

<net id="407"><net_src comp="386" pin="3"/><net_sink comp="277" pin=2"/></net>

<net id="412"><net_src comp="392" pin="3"/><net_sink comp="289" pin=2"/></net>

<net id="418"><net_src comp="78" pin="0"/><net_sink comp="413" pin=1"/></net>

<net id="424"><net_src comp="78" pin="0"/><net_sink comp="419" pin=1"/></net>

<net id="430"><net_src comp="78" pin="0"/><net_sink comp="425" pin=1"/></net>

<net id="431"><net_src comp="413" pin="3"/><net_sink comp="283" pin=2"/></net>

<net id="432"><net_src comp="419" pin="3"/><net_sink comp="277" pin=2"/></net>

<net id="433"><net_src comp="425" pin="3"/><net_sink comp="289" pin=2"/></net>

<net id="439"><net_src comp="78" pin="0"/><net_sink comp="434" pin=1"/></net>

<net id="445"><net_src comp="78" pin="0"/><net_sink comp="440" pin=1"/></net>

<net id="451"><net_src comp="78" pin="0"/><net_sink comp="446" pin=1"/></net>

<net id="452"><net_src comp="434" pin="3"/><net_sink comp="283" pin=2"/></net>

<net id="453"><net_src comp="440" pin="3"/><net_sink comp="277" pin=2"/></net>

<net id="454"><net_src comp="446" pin="3"/><net_sink comp="289" pin=2"/></net>

<net id="460"><net_src comp="78" pin="0"/><net_sink comp="455" pin=1"/></net>

<net id="466"><net_src comp="78" pin="0"/><net_sink comp="461" pin=1"/></net>

<net id="472"><net_src comp="78" pin="0"/><net_sink comp="467" pin=1"/></net>

<net id="477"><net_src comp="455" pin="3"/><net_sink comp="313" pin=2"/></net>

<net id="482"><net_src comp="461" pin="3"/><net_sink comp="319" pin=2"/></net>

<net id="487"><net_src comp="467" pin="3"/><net_sink comp="325" pin=2"/></net>

<net id="493"><net_src comp="78" pin="0"/><net_sink comp="488" pin=1"/></net>

<net id="494"><net_src comp="488" pin="3"/><net_sink comp="241" pin=2"/></net>

<net id="504"><net_src comp="64" pin="0"/><net_sink comp="498" pin=0"/></net>

<net id="508"><net_src comp="313" pin="3"/><net_sink comp="505" pin=0"/></net>

<net id="512"><net_src comp="319" pin="3"/><net_sink comp="509" pin=0"/></net>

<net id="516"><net_src comp="325" pin="3"/><net_sink comp="513" pin=0"/></net>

<net id="520"><net_src comp="283" pin="7"/><net_sink comp="517" pin=0"/></net>

<net id="524"><net_src comp="277" pin="7"/><net_sink comp="521" pin=0"/></net>

<net id="528"><net_src comp="289" pin="7"/><net_sink comp="525" pin=0"/></net>

<net id="533"><net_src comp="58" pin="0"/><net_sink comp="529" pin=0"/></net>

<net id="538"><net_src comp="60" pin="0"/><net_sink comp="534" pin=0"/></net>

<net id="543"><net_src comp="60" pin="0"/><net_sink comp="539" pin=0"/></net>

<net id="548"><net_src comp="62" pin="0"/><net_sink comp="544" pin=0"/></net>

<net id="566"><net_src comp="498" pin="4"/><net_sink comp="561" pin=0"/></net>

<net id="567"><net_src comp="60" pin="0"/><net_sink comp="561" pin=1"/></net>

<net id="568"><net_src comp="555" pin="1"/><net_sink comp="561" pin=2"/></net>

<net id="574"><net_src comp="498" pin="4"/><net_sink comp="569" pin=0"/></net>

<net id="575"><net_src comp="558" pin="1"/><net_sink comp="569" pin=1"/></net>

<net id="576"><net_src comp="552" pin="1"/><net_sink comp="569" pin=2"/></net>

<net id="583"><net_src comp="66" pin="0"/><net_sink comp="577" pin=0"/></net>

<net id="584"><net_src comp="569" pin="3"/><net_sink comp="577" pin=1"/></net>

<net id="585"><net_src comp="28" pin="0"/><net_sink comp="577" pin=2"/></net>

<net id="586"><net_src comp="68" pin="0"/><net_sink comp="577" pin=3"/></net>

<net id="591"><net_src comp="577" pin="4"/><net_sink comp="587" pin=0"/></net>

<net id="592"><net_src comp="70" pin="0"/><net_sink comp="587" pin=1"/></net>

<net id="596"><net_src comp="561" pin="3"/><net_sink comp="593" pin=0"/></net>

<net id="597"><net_src comp="593" pin="1"/><net_sink comp="234" pin=2"/></net>

<net id="601"><net_src comp="561" pin="3"/><net_sink comp="598" pin=0"/></net>

<net id="606"><net_src comp="561" pin="3"/><net_sink comp="602" pin=0"/></net>

<net id="607"><net_src comp="72" pin="0"/><net_sink comp="602" pin=1"/></net>

<net id="613"><net_src comp="74" pin="0"/><net_sink comp="608" pin=0"/></net>

<net id="614"><net_src comp="561" pin="3"/><net_sink comp="608" pin=1"/></net>

<net id="615"><net_src comp="68" pin="0"/><net_sink comp="608" pin=2"/></net>

<net id="620"><net_src comp="569" pin="3"/><net_sink comp="616" pin=0"/></net>

<net id="621"><net_src comp="561" pin="3"/><net_sink comp="616" pin=1"/></net>

<net id="627"><net_src comp="74" pin="0"/><net_sink comp="622" pin=0"/></net>

<net id="628"><net_src comp="616" pin="2"/><net_sink comp="622" pin=1"/></net>

<net id="629"><net_src comp="68" pin="0"/><net_sink comp="622" pin=2"/></net>

<net id="634"><net_src comp="549" pin="1"/><net_sink comp="630" pin=0"/></net>

<net id="635"><net_src comp="76" pin="0"/><net_sink comp="630" pin=1"/></net>

<net id="642"><net_src comp="66" pin="0"/><net_sink comp="636" pin=0"/></net>

<net id="643"><net_src comp="561" pin="3"/><net_sink comp="636" pin=1"/></net>

<net id="644"><net_src comp="28" pin="0"/><net_sink comp="636" pin=2"/></net>

<net id="645"><net_src comp="68" pin="0"/><net_sink comp="636" pin=3"/></net>

<net id="650"><net_src comp="636" pin="4"/><net_sink comp="646" pin=0"/></net>

<net id="651"><net_src comp="70" pin="0"/><net_sink comp="646" pin=1"/></net>

<net id="656"><net_src comp="587" pin="2"/><net_sink comp="652" pin=0"/></net>

<net id="657"><net_src comp="646" pin="2"/><net_sink comp="652" pin=1"/></net>

<net id="662"><net_src comp="561" pin="3"/><net_sink comp="658" pin=0"/></net>

<net id="663"><net_src comp="58" pin="0"/><net_sink comp="658" pin=1"/></net>

<net id="668"><net_src comp="658" pin="2"/><net_sink comp="664" pin=0"/></net>

<net id="669"><net_src comp="80" pin="0"/><net_sink comp="664" pin=1"/></net>

<net id="674"><net_src comp="569" pin="3"/><net_sink comp="670" pin=0"/></net>

<net id="675"><net_src comp="58" pin="0"/><net_sink comp="670" pin=1"/></net>

<net id="680"><net_src comp="549" pin="1"/><net_sink comp="676" pin=0"/></net>

<net id="681"><net_src comp="82" pin="0"/><net_sink comp="676" pin=1"/></net>

<net id="686"><net_src comp="670" pin="2"/><net_sink comp="682" pin=0"/></net>

<net id="691"><net_src comp="658" pin="2"/><net_sink comp="687" pin=0"/></net>

<net id="696"><net_src comp="569" pin="3"/><net_sink comp="692" pin=0"/></net>

<net id="701"><net_src comp="630" pin="2"/><net_sink comp="697" pin=0"/></net>

<net id="709"><net_src comp="702" pin="1"/><net_sink comp="705" pin=0"/></net>

<net id="710"><net_src comp="94" pin="0"/><net_sink comp="705" pin=1"/></net>

<net id="717"><net_src comp="96" pin="0"/><net_sink comp="711" pin=0"/></net>

<net id="718"><net_src comp="705" pin="2"/><net_sink comp="711" pin=1"/></net>

<net id="719"><net_src comp="98" pin="0"/><net_sink comp="711" pin=2"/></net>

<net id="720"><net_src comp="100" pin="0"/><net_sink comp="711" pin=3"/></net>

<net id="724"><net_src comp="711" pin="4"/><net_sink comp="721" pin=0"/></net>

<net id="725"><net_src comp="721" pin="1"/><net_sink comp="259" pin=2"/></net>

<net id="726"><net_src comp="721" pin="1"/><net_sink comp="265" pin=2"/></net>

<net id="727"><net_src comp="721" pin="1"/><net_sink comp="271" pin=2"/></net>

<net id="731"><net_src comp="602" pin="2"/><net_sink comp="728" pin=0"/></net>

<net id="736"><net_src comp="106" pin="0"/><net_sink comp="732" pin=1"/></net>

<net id="741"><net_src comp="108" pin="0"/><net_sink comp="737" pin=1"/></net>

<net id="745"><net_src comp="737" pin="2"/><net_sink comp="742" pin=0"/></net>

<net id="750"><net_src comp="742" pin="1"/><net_sink comp="746" pin=0"/></net>

<net id="751"><net_src comp="110" pin="0"/><net_sink comp="746" pin=1"/></net>

<net id="758"><net_src comp="112" pin="0"/><net_sink comp="752" pin=0"/></net>

<net id="759"><net_src comp="746" pin="2"/><net_sink comp="752" pin=1"/></net>

<net id="760"><net_src comp="114" pin="0"/><net_sink comp="752" pin=2"/></net>

<net id="761"><net_src comp="116" pin="0"/><net_sink comp="752" pin=3"/></net>

<net id="766"><net_src comp="118" pin="0"/><net_sink comp="762" pin=1"/></net>

<net id="770"><net_src comp="186" pin="8"/><net_sink comp="767" pin=0"/></net>

<net id="771"><net_src comp="767" pin="1"/><net_sink comp="319" pin=1"/></net>

<net id="772"><net_src comp="767" pin="1"/><net_sink comp="313" pin=1"/></net>

<net id="773"><net_src comp="767" pin="1"/><net_sink comp="325" pin=1"/></net>

<net id="777"><net_src comp="774" pin="1"/><net_sink comp="373" pin=2"/></net>

<net id="785"><net_src comp="778" pin="1"/><net_sink comp="781" pin=0"/></net>

<net id="786"><net_src comp="110" pin="0"/><net_sink comp="781" pin=1"/></net>

<net id="793"><net_src comp="112" pin="0"/><net_sink comp="787" pin=0"/></net>

<net id="794"><net_src comp="781" pin="2"/><net_sink comp="787" pin=1"/></net>

<net id="795"><net_src comp="114" pin="0"/><net_sink comp="787" pin=2"/></net>

<net id="796"><net_src comp="116" pin="0"/><net_sink comp="787" pin=3"/></net>

<net id="800"><net_src comp="787" pin="4"/><net_sink comp="797" pin=0"/></net>

<net id="801"><net_src comp="797" pin="1"/><net_sink comp="331" pin=2"/></net>

<net id="802"><net_src comp="797" pin="1"/><net_sink comp="337" pin=2"/></net>

<net id="803"><net_src comp="797" pin="1"/><net_sink comp="343" pin=2"/></net>

<net id="804"><net_src comp="797" pin="1"/><net_sink comp="380" pin=2"/></net>

<net id="805"><net_src comp="797" pin="1"/><net_sink comp="386" pin=2"/></net>

<net id="806"><net_src comp="797" pin="1"/><net_sink comp="392" pin=2"/></net>

<net id="810"><net_src comp="807" pin="1"/><net_sink comp="352" pin=2"/></net>

<net id="811"><net_src comp="807" pin="1"/><net_sink comp="358" pin=2"/></net>

<net id="812"><net_src comp="807" pin="1"/><net_sink comp="364" pin=2"/></net>

<net id="813"><net_src comp="807" pin="1"/><net_sink comp="413" pin=2"/></net>

<net id="814"><net_src comp="807" pin="1"/><net_sink comp="419" pin=2"/></net>

<net id="815"><net_src comp="807" pin="1"/><net_sink comp="425" pin=2"/></net>

<net id="827"><net_src comp="122" pin="0"/><net_sink comp="816" pin=0"/></net>

<net id="828"><net_src comp="102" pin="0"/><net_sink comp="816" pin=1"/></net>

<net id="829"><net_src comp="313" pin="3"/><net_sink comp="816" pin=2"/></net>

<net id="830"><net_src comp="104" pin="0"/><net_sink comp="816" pin=3"/></net>

<net id="831"><net_src comp="319" pin="3"/><net_sink comp="816" pin=4"/></net>

<net id="832"><net_src comp="124" pin="0"/><net_sink comp="816" pin=5"/></net>

<net id="833"><net_src comp="325" pin="3"/><net_sink comp="816" pin=6"/></net>

<net id="834"><net_src comp="126" pin="0"/><net_sink comp="816" pin=7"/></net>

<net id="835"><net_src comp="816" pin="9"/><net_sink comp="241" pin=1"/></net>

<net id="847"><net_src comp="122" pin="0"/><net_sink comp="836" pin=0"/></net>

<net id="848"><net_src comp="124" pin="0"/><net_sink comp="836" pin=1"/></net>

<net id="849"><net_src comp="505" pin="1"/><net_sink comp="836" pin=2"/></net>

<net id="850"><net_src comp="102" pin="0"/><net_sink comp="836" pin=3"/></net>

<net id="851"><net_src comp="509" pin="1"/><net_sink comp="836" pin=4"/></net>

<net id="852"><net_src comp="104" pin="0"/><net_sink comp="836" pin=5"/></net>

<net id="853"><net_src comp="513" pin="1"/><net_sink comp="836" pin=6"/></net>

<net id="854"><net_src comp="126" pin="0"/><net_sink comp="836" pin=7"/></net>

<net id="858"><net_src comp="836" pin="9"/><net_sink comp="855" pin=0"/></net>

<net id="862"><net_src comp="836" pin="9"/><net_sink comp="859" pin=0"/></net>

<net id="874"><net_src comp="122" pin="0"/><net_sink comp="863" pin=0"/></net>

<net id="875"><net_src comp="104" pin="0"/><net_sink comp="863" pin=1"/></net>

<net id="876"><net_src comp="505" pin="1"/><net_sink comp="863" pin=2"/></net>

<net id="877"><net_src comp="124" pin="0"/><net_sink comp="863" pin=3"/></net>

<net id="878"><net_src comp="509" pin="1"/><net_sink comp="863" pin=4"/></net>

<net id="879"><net_src comp="102" pin="0"/><net_sink comp="863" pin=5"/></net>

<net id="880"><net_src comp="513" pin="1"/><net_sink comp="863" pin=6"/></net>

<net id="881"><net_src comp="126" pin="0"/><net_sink comp="863" pin=7"/></net>

<net id="887"><net_src comp="128" pin="0"/><net_sink comp="882" pin=0"/></net>

<net id="888"><net_src comp="863" pin="9"/><net_sink comp="882" pin=1"/></net>

<net id="889"><net_src comp="64" pin="0"/><net_sink comp="882" pin=2"/></net>

<net id="893"><net_src comp="882" pin="3"/><net_sink comp="890" pin=0"/></net>

<net id="898"><net_src comp="130" pin="0"/><net_sink comp="894" pin=0"/></net>

<net id="899"><net_src comp="890" pin="1"/><net_sink comp="894" pin=1"/></net>

<net id="903"><net_src comp="894" pin="2"/><net_sink comp="900" pin=0"/></net>

<net id="908"><net_src comp="900" pin="1"/><net_sink comp="904" pin=0"/></net>

<net id="909"><net_src comp="859" pin="1"/><net_sink comp="904" pin=1"/></net>

<net id="921"><net_src comp="122" pin="0"/><net_sink comp="910" pin=0"/></net>

<net id="922"><net_src comp="102" pin="0"/><net_sink comp="910" pin=1"/></net>

<net id="923"><net_src comp="104" pin="0"/><net_sink comp="910" pin=3"/></net>

<net id="924"><net_src comp="124" pin="0"/><net_sink comp="910" pin=5"/></net>

<net id="925"><net_src comp="126" pin="0"/><net_sink comp="910" pin=7"/></net>

<net id="929"><net_src comp="910" pin="9"/><net_sink comp="926" pin=0"/></net>

<net id="934"><net_src comp="904" pin="2"/><net_sink comp="930" pin=0"/></net>

<net id="935"><net_src comp="926" pin="1"/><net_sink comp="930" pin=1"/></net>

<net id="941"><net_src comp="904" pin="2"/><net_sink comp="936" pin=1"/></net>

<net id="942"><net_src comp="930" pin="2"/><net_sink comp="936" pin=2"/></net>

<net id="948"><net_src comp="70" pin="0"/><net_sink comp="943" pin=1"/></net>

<net id="949"><net_src comp="910" pin="9"/><net_sink comp="943" pin=2"/></net>

<net id="953"><net_src comp="943" pin="3"/><net_sink comp="950" pin=0"/></net>

<net id="958"><net_src comp="950" pin="1"/><net_sink comp="954" pin=0"/></net>

<net id="959"><net_src comp="855" pin="1"/><net_sink comp="954" pin=1"/></net>

<net id="963"><net_src comp="954" pin="2"/><net_sink comp="960" pin=0"/></net>

<net id="969"><net_src comp="128" pin="0"/><net_sink comp="964" pin=0"/></net>

<net id="970"><net_src comp="64" pin="0"/><net_sink comp="964" pin=2"/></net>

<net id="974"><net_src comp="964" pin="3"/><net_sink comp="971" pin=0"/></net>

<net id="979"><net_src comp="130" pin="0"/><net_sink comp="975" pin=0"/></net>

<net id="980"><net_src comp="971" pin="1"/><net_sink comp="975" pin=1"/></net>

<net id="984"><net_src comp="975" pin="2"/><net_sink comp="981" pin=0"/></net>

<net id="989"><net_src comp="981" pin="1"/><net_sink comp="985" pin=0"/></net>

<net id="990"><net_src comp="960" pin="1"/><net_sink comp="985" pin=1"/></net>

<net id="996"><net_src comp="128" pin="0"/><net_sink comp="991" pin=0"/></net>

<net id="997"><net_src comp="241" pin="7"/><net_sink comp="991" pin=1"/></net>

<net id="998"><net_src comp="64" pin="0"/><net_sink comp="991" pin=2"/></net>

<net id="1002"><net_src comp="991" pin="3"/><net_sink comp="999" pin=0"/></net>

<net id="1007"><net_src comp="999" pin="1"/><net_sink comp="1003" pin=0"/></net>

<net id="1008"><net_src comp="985" pin="2"/><net_sink comp="1003" pin=1"/></net>

<net id="1014"><net_src comp="985" pin="2"/><net_sink comp="1009" pin=1"/></net>

<net id="1015"><net_src comp="1003" pin="2"/><net_sink comp="1009" pin=2"/></net>

<net id="1027"><net_src comp="122" pin="0"/><net_sink comp="1016" pin=0"/></net>

<net id="1028"><net_src comp="124" pin="0"/><net_sink comp="1016" pin=1"/></net>

<net id="1029"><net_src comp="517" pin="1"/><net_sink comp="1016" pin=2"/></net>

<net id="1030"><net_src comp="102" pin="0"/><net_sink comp="1016" pin=3"/></net>

<net id="1031"><net_src comp="521" pin="1"/><net_sink comp="1016" pin=4"/></net>

<net id="1032"><net_src comp="104" pin="0"/><net_sink comp="1016" pin=5"/></net>

<net id="1033"><net_src comp="525" pin="1"/><net_sink comp="1016" pin=6"/></net>

<net id="1034"><net_src comp="126" pin="0"/><net_sink comp="1016" pin=7"/></net>

<net id="1038"><net_src comp="1016" pin="9"/><net_sink comp="1035" pin=0"/></net>

<net id="1042"><net_src comp="1016" pin="9"/><net_sink comp="1039" pin=0"/></net>

<net id="1047"><net_src comp="1009" pin="3"/><net_sink comp="1043" pin=0"/></net>

<net id="1048"><net_src comp="1039" pin="1"/><net_sink comp="1043" pin=1"/></net>

<net id="1060"><net_src comp="122" pin="0"/><net_sink comp="1049" pin=0"/></net>

<net id="1061"><net_src comp="104" pin="0"/><net_sink comp="1049" pin=1"/></net>

<net id="1062"><net_src comp="517" pin="1"/><net_sink comp="1049" pin=2"/></net>

<net id="1063"><net_src comp="124" pin="0"/><net_sink comp="1049" pin=3"/></net>

<net id="1064"><net_src comp="521" pin="1"/><net_sink comp="1049" pin=4"/></net>

<net id="1065"><net_src comp="102" pin="0"/><net_sink comp="1049" pin=5"/></net>

<net id="1066"><net_src comp="525" pin="1"/><net_sink comp="1049" pin=6"/></net>

<net id="1067"><net_src comp="126" pin="0"/><net_sink comp="1049" pin=7"/></net>

<net id="1073"><net_src comp="128" pin="0"/><net_sink comp="1068" pin=0"/></net>

<net id="1074"><net_src comp="1049" pin="9"/><net_sink comp="1068" pin=1"/></net>

<net id="1075"><net_src comp="64" pin="0"/><net_sink comp="1068" pin=2"/></net>

<net id="1079"><net_src comp="1068" pin="3"/><net_sink comp="1076" pin=0"/></net>

<net id="1084"><net_src comp="1076" pin="1"/><net_sink comp="1080" pin=0"/></net>

<net id="1085"><net_src comp="1035" pin="1"/><net_sink comp="1080" pin=1"/></net>

<net id="1089"><net_src comp="1080" pin="2"/><net_sink comp="1086" pin=0"/></net>

<net id="1094"><net_src comp="1086" pin="1"/><net_sink comp="1090" pin=0"/></net>

<net id="1095"><net_src comp="936" pin="3"/><net_sink comp="1090" pin=1"/></net>

<net id="1107"><net_src comp="122" pin="0"/><net_sink comp="1096" pin=0"/></net>

<net id="1108"><net_src comp="102" pin="0"/><net_sink comp="1096" pin=1"/></net>

<net id="1109"><net_src comp="517" pin="1"/><net_sink comp="1096" pin=2"/></net>

<net id="1110"><net_src comp="104" pin="0"/><net_sink comp="1096" pin=3"/></net>

<net id="1111"><net_src comp="521" pin="1"/><net_sink comp="1096" pin=4"/></net>

<net id="1112"><net_src comp="124" pin="0"/><net_sink comp="1096" pin=5"/></net>

<net id="1113"><net_src comp="525" pin="1"/><net_sink comp="1096" pin=6"/></net>

<net id="1114"><net_src comp="126" pin="0"/><net_sink comp="1096" pin=7"/></net>

<net id="1118"><net_src comp="1096" pin="9"/><net_sink comp="1115" pin=0"/></net>

<net id="1123"><net_src comp="1115" pin="1"/><net_sink comp="1119" pin=1"/></net>

<net id="1128"><net_src comp="1115" pin="1"/><net_sink comp="1124" pin=1"/></net>

<net id="1134"><net_src comp="1124" pin="2"/><net_sink comp="1129" pin=2"/></net>

<net id="1138"><net_src comp="1129" pin="3"/><net_sink comp="1135" pin=0"/></net>

<net id="1144"><net_src comp="1119" pin="2"/><net_sink comp="1139" pin=2"/></net>

<net id="1148"><net_src comp="1139" pin="3"/><net_sink comp="1145" pin=0"/></net>

<net id="1153"><net_src comp="130" pin="0"/><net_sink comp="1149" pin=0"/></net>

<net id="1154"><net_src comp="1145" pin="1"/><net_sink comp="1149" pin=1"/></net>

<net id="1159"><net_src comp="1139" pin="3"/><net_sink comp="1155" pin=0"/></net>

<net id="1160"><net_src comp="132" pin="0"/><net_sink comp="1155" pin=1"/></net>

<net id="1166"><net_src comp="1155" pin="2"/><net_sink comp="1161" pin=0"/></net>

<net id="1167"><net_src comp="1145" pin="1"/><net_sink comp="1161" pin=1"/></net>

<net id="1168"><net_src comp="1149" pin="2"/><net_sink comp="1161" pin=2"/></net>

<net id="1172"><net_src comp="1161" pin="3"/><net_sink comp="1169" pin=0"/></net>

<net id="1176"><net_src comp="1161" pin="3"/><net_sink comp="1173" pin=0"/></net>

<net id="1181"><net_src comp="130" pin="0"/><net_sink comp="1177" pin=0"/></net>

<net id="1182"><net_src comp="1135" pin="1"/><net_sink comp="1177" pin=1"/></net>

<net id="1187"><net_src comp="1129" pin="3"/><net_sink comp="1183" pin=0"/></net>

<net id="1188"><net_src comp="132" pin="0"/><net_sink comp="1183" pin=1"/></net>

<net id="1194"><net_src comp="1183" pin="2"/><net_sink comp="1189" pin=0"/></net>

<net id="1195"><net_src comp="1135" pin="1"/><net_sink comp="1189" pin=1"/></net>

<net id="1196"><net_src comp="1177" pin="2"/><net_sink comp="1189" pin=2"/></net>

<net id="1200"><net_src comp="1189" pin="3"/><net_sink comp="1197" pin=0"/></net>

<net id="1204"><net_src comp="1189" pin="3"/><net_sink comp="1201" pin=0"/></net>

<net id="1209"><net_src comp="1169" pin="1"/><net_sink comp="1205" pin=0"/></net>

<net id="1210"><net_src comp="1197" pin="1"/><net_sink comp="1205" pin=1"/></net>

<net id="1215"><net_src comp="1173" pin="1"/><net_sink comp="1211" pin=0"/></net>

<net id="1216"><net_src comp="1201" pin="1"/><net_sink comp="1211" pin=1"/></net>

<net id="1223"><net_src comp="134" pin="0"/><net_sink comp="1217" pin=0"/></net>

<net id="1224"><net_src comp="1211" pin="2"/><net_sink comp="1217" pin=1"/></net>

<net id="1225"><net_src comp="68" pin="0"/><net_sink comp="1217" pin=2"/></net>

<net id="1226"><net_src comp="114" pin="0"/><net_sink comp="1217" pin=3"/></net>

<net id="1231"><net_src comp="136" pin="0"/><net_sink comp="1227" pin=1"/></net>

<net id="1237"><net_src comp="1227" pin="2"/><net_sink comp="1232" pin=0"/></net>

<net id="1238"><net_src comp="108" pin="0"/><net_sink comp="1232" pin=1"/></net>

<net id="1239"><net_src comp="1232" pin="3"/><net_sink comp="204" pin=8"/></net>

<net id="1243"><net_src comp="142" pin="1"/><net_sink comp="1240" pin=0"/></net>

<net id="1244"><net_src comp="1240" pin="1"/><net_sink comp="544" pin=1"/></net>

<net id="1245"><net_src comp="1240" pin="1"/><net_sink comp="549" pin=0"/></net>

<net id="1246"><net_src comp="1240" pin="1"/><net_sink comp="697" pin=1"/></net>

<net id="1250"><net_src comp="146" pin="1"/><net_sink comp="1247" pin=0"/></net>

<net id="1251"><net_src comp="1247" pin="1"/><net_sink comp="539" pin=1"/></net>

<net id="1252"><net_src comp="1247" pin="1"/><net_sink comp="552" pin=0"/></net>

<net id="1253"><net_src comp="1247" pin="1"/><net_sink comp="692" pin=1"/></net>

<net id="1257"><net_src comp="150" pin="1"/><net_sink comp="1254" pin=0"/></net>

<net id="1258"><net_src comp="1254" pin="1"/><net_sink comp="534" pin=1"/></net>

<net id="1259"><net_src comp="1254" pin="1"/><net_sink comp="555" pin=0"/></net>

<net id="1260"><net_src comp="1254" pin="1"/><net_sink comp="687" pin=1"/></net>

<net id="1264"><net_src comp="154" pin="1"/><net_sink comp="1261" pin=0"/></net>

<net id="1265"><net_src comp="1261" pin="1"/><net_sink comp="529" pin=1"/></net>

<net id="1266"><net_src comp="1261" pin="1"/><net_sink comp="558" pin=0"/></net>

<net id="1267"><net_src comp="1261" pin="1"/><net_sink comp="682" pin=1"/></net>

<net id="1271"><net_src comp="561" pin="3"/><net_sink comp="1268" pin=0"/></net>

<net id="1272"><net_src comp="1268" pin="1"/><net_sink comp="602" pin=0"/></net>

<net id="1273"><net_src comp="1268" pin="1"/><net_sink comp="702" pin=0"/></net>

<net id="1274"><net_src comp="1268" pin="1"/><net_sink comp="762" pin=0"/></net>

<net id="1278"><net_src comp="593" pin="1"/><net_sink comp="1275" pin=0"/></net>

<net id="1279"><net_src comp="1275" pin="1"/><net_sink comp="488" pin=2"/></net>

<net id="1283"><net_src comp="598" pin="1"/><net_sink comp="1280" pin=0"/></net>

<net id="1284"><net_src comp="1280" pin="1"/><net_sink comp="732" pin=0"/></net>

<net id="1285"><net_src comp="1280" pin="1"/><net_sink comp="737" pin=0"/></net>

<net id="1289"><net_src comp="608" pin="3"/><net_sink comp="1286" pin=0"/></net>

<net id="1290"><net_src comp="1286" pin="1"/><net_sink comp="936" pin=0"/></net>

<net id="1291"><net_src comp="1286" pin="1"/><net_sink comp="943" pin=0"/></net>

<net id="1292"><net_src comp="1286" pin="1"/><net_sink comp="1009" pin=0"/></net>

<net id="1293"><net_src comp="1286" pin="1"/><net_sink comp="1129" pin=0"/></net>

<net id="1294"><net_src comp="1286" pin="1"/><net_sink comp="1139" pin=0"/></net>

<net id="1298"><net_src comp="622" pin="3"/><net_sink comp="1295" pin=0"/></net>

<net id="1302"><net_src comp="234" pin="3"/><net_sink comp="1299" pin=0"/></net>

<net id="1303"><net_src comp="1299" pin="1"/><net_sink comp="241" pin=8"/></net>

<net id="1304"><net_src comp="1299" pin="1"/><net_sink comp="241" pin=0"/></net>

<net id="1308"><net_src comp="652" pin="2"/><net_sink comp="1305" pin=0"/></net>

<net id="1312"><net_src comp="664" pin="2"/><net_sink comp="1309" pin=0"/></net>

<net id="1313"><net_src comp="1309" pin="1"/><net_sink comp="498" pin=2"/></net>

<net id="1317"><net_src comp="676" pin="2"/><net_sink comp="1314" pin=0"/></net>

<net id="1321"><net_src comp="241" pin="15"/><net_sink comp="1318" pin=0"/></net>

<net id="1322"><net_src comp="1318" pin="1"/><net_sink comp="277" pin=1"/></net>

<net id="1323"><net_src comp="1318" pin="1"/><net_sink comp="283" pin=1"/></net>

<net id="1324"><net_src comp="1318" pin="1"/><net_sink comp="289" pin=1"/></net>

<net id="1328"><net_src comp="721" pin="1"/><net_sink comp="1325" pin=0"/></net>

<net id="1329"><net_src comp="1325" pin="1"/><net_sink comp="295" pin=2"/></net>

<net id="1330"><net_src comp="1325" pin="1"/><net_sink comp="301" pin=2"/></net>

<net id="1331"><net_src comp="1325" pin="1"/><net_sink comp="307" pin=2"/></net>

<net id="1332"><net_src comp="1325" pin="1"/><net_sink comp="434" pin=2"/></net>

<net id="1333"><net_src comp="1325" pin="1"/><net_sink comp="440" pin=2"/></net>

<net id="1334"><net_src comp="1325" pin="1"/><net_sink comp="446" pin=2"/></net>

<net id="1335"><net_src comp="1325" pin="1"/><net_sink comp="455" pin=2"/></net>

<net id="1336"><net_src comp="1325" pin="1"/><net_sink comp="461" pin=2"/></net>

<net id="1337"><net_src comp="1325" pin="1"/><net_sink comp="467" pin=2"/></net>

<net id="1341"><net_src comp="728" pin="1"/><net_sink comp="1338" pin=0"/></net>

<net id="1342"><net_src comp="1338" pin="1"/><net_sink comp="816" pin=8"/></net>

<net id="1343"><net_src comp="1338" pin="1"/><net_sink comp="836" pin=8"/></net>

<net id="1344"><net_src comp="1338" pin="1"/><net_sink comp="863" pin=8"/></net>

<net id="1345"><net_src comp="1338" pin="1"/><net_sink comp="910" pin=8"/></net>

<net id="1346"><net_src comp="1338" pin="1"/><net_sink comp="1016" pin=8"/></net>

<net id="1347"><net_src comp="1338" pin="1"/><net_sink comp="1049" pin=8"/></net>

<net id="1348"><net_src comp="1338" pin="1"/><net_sink comp="1096" pin=8"/></net>

<net id="1352"><net_src comp="732" pin="2"/><net_sink comp="1349" pin=0"/></net>

<net id="1353"><net_src comp="1349" pin="1"/><net_sink comp="774" pin=0"/></net>

<net id="1354"><net_src comp="1349" pin="1"/><net_sink comp="778" pin=0"/></net>

<net id="1358"><net_src comp="752" pin="4"/><net_sink comp="1355" pin=0"/></net>

<net id="1359"><net_src comp="1355" pin="1"/><net_sink comp="807" pin=0"/></net>

<net id="1363"><net_src comp="762" pin="2"/><net_sink comp="1360" pin=0"/></net>

<net id="1364"><net_src comp="1360" pin="1"/><net_sink comp="204" pin=12"/></net>

<net id="1368"><net_src comp="295" pin="3"/><net_sink comp="1365" pin=0"/></net>

<net id="1369"><net_src comp="1365" pin="1"/><net_sink comp="313" pin=0"/></net>

<net id="1373"><net_src comp="301" pin="3"/><net_sink comp="1370" pin=0"/></net>

<net id="1374"><net_src comp="1370" pin="1"/><net_sink comp="319" pin=0"/></net>

<net id="1378"><net_src comp="307" pin="3"/><net_sink comp="1375" pin=0"/></net>

<net id="1379"><net_src comp="1375" pin="1"/><net_sink comp="325" pin=0"/></net>

<net id="1383"><net_src comp="331" pin="3"/><net_sink comp="1380" pin=0"/></net>

<net id="1384"><net_src comp="1380" pin="1"/><net_sink comp="313" pin=0"/></net>

<net id="1388"><net_src comp="337" pin="3"/><net_sink comp="1385" pin=0"/></net>

<net id="1389"><net_src comp="1385" pin="1"/><net_sink comp="319" pin=0"/></net>

<net id="1393"><net_src comp="343" pin="3"/><net_sink comp="1390" pin=0"/></net>

<net id="1394"><net_src comp="1390" pin="1"/><net_sink comp="325" pin=0"/></net>

<net id="1398"><net_src comp="352" pin="3"/><net_sink comp="1395" pin=0"/></net>

<net id="1399"><net_src comp="1395" pin="1"/><net_sink comp="313" pin=0"/></net>

<net id="1403"><net_src comp="358" pin="3"/><net_sink comp="1400" pin=0"/></net>

<net id="1404"><net_src comp="1400" pin="1"/><net_sink comp="319" pin=0"/></net>

<net id="1408"><net_src comp="364" pin="3"/><net_sink comp="1405" pin=0"/></net>

<net id="1409"><net_src comp="1405" pin="1"/><net_sink comp="325" pin=0"/></net>

<net id="1413"><net_src comp="373" pin="3"/><net_sink comp="1410" pin=0"/></net>

<net id="1414"><net_src comp="1410" pin="1"/><net_sink comp="241" pin=5"/></net>

<net id="1418"><net_src comp="380" pin="3"/><net_sink comp="1415" pin=0"/></net>

<net id="1419"><net_src comp="1415" pin="1"/><net_sink comp="283" pin=2"/></net>

<net id="1423"><net_src comp="386" pin="3"/><net_sink comp="1420" pin=0"/></net>

<net id="1424"><net_src comp="1420" pin="1"/><net_sink comp="277" pin=2"/></net>

<net id="1428"><net_src comp="392" pin="3"/><net_sink comp="1425" pin=0"/></net>

<net id="1429"><net_src comp="1425" pin="1"/><net_sink comp="289" pin=2"/></net>

<net id="1433"><net_src comp="413" pin="3"/><net_sink comp="1430" pin=0"/></net>

<net id="1434"><net_src comp="1430" pin="1"/><net_sink comp="283" pin=2"/></net>

<net id="1438"><net_src comp="419" pin="3"/><net_sink comp="1435" pin=0"/></net>

<net id="1439"><net_src comp="1435" pin="1"/><net_sink comp="277" pin=2"/></net>

<net id="1443"><net_src comp="425" pin="3"/><net_sink comp="1440" pin=0"/></net>

<net id="1444"><net_src comp="1440" pin="1"/><net_sink comp="289" pin=2"/></net>

<net id="1448"><net_src comp="434" pin="3"/><net_sink comp="1445" pin=0"/></net>

<net id="1449"><net_src comp="1445" pin="1"/><net_sink comp="283" pin=2"/></net>

<net id="1453"><net_src comp="440" pin="3"/><net_sink comp="1450" pin=0"/></net>

<net id="1454"><net_src comp="1450" pin="1"/><net_sink comp="277" pin=2"/></net>

<net id="1458"><net_src comp="446" pin="3"/><net_sink comp="1455" pin=0"/></net>

<net id="1459"><net_src comp="1455" pin="1"/><net_sink comp="289" pin=2"/></net>

<net id="1463"><net_src comp="455" pin="3"/><net_sink comp="1460" pin=0"/></net>

<net id="1464"><net_src comp="1460" pin="1"/><net_sink comp="313" pin=2"/></net>

<net id="1468"><net_src comp="461" pin="3"/><net_sink comp="1465" pin=0"/></net>

<net id="1469"><net_src comp="1465" pin="1"/><net_sink comp="319" pin=2"/></net>

<net id="1473"><net_src comp="467" pin="3"/><net_sink comp="1470" pin=0"/></net>

<net id="1474"><net_src comp="1470" pin="1"/><net_sink comp="325" pin=2"/></net>

<net id="1478"><net_src comp="241" pin="11"/><net_sink comp="1475" pin=0"/></net>

<net id="1479"><net_src comp="1475" pin="1"/><net_sink comp="964" pin=1"/></net>

<net id="1483"><net_src comp="313" pin="7"/><net_sink comp="1480" pin=0"/></net>

<net id="1484"><net_src comp="1480" pin="1"/><net_sink comp="910" pin=2"/></net>

<net id="1488"><net_src comp="319" pin="7"/><net_sink comp="1485" pin=0"/></net>

<net id="1489"><net_src comp="1485" pin="1"/><net_sink comp="910" pin=4"/></net>

<net id="1493"><net_src comp="325" pin="7"/><net_sink comp="1490" pin=0"/></net>

<net id="1494"><net_src comp="1490" pin="1"/><net_sink comp="910" pin=6"/></net>

<net id="1498"><net_src comp="488" pin="3"/><net_sink comp="1495" pin=0"/></net>

<net id="1499"><net_src comp="1495" pin="1"/><net_sink comp="241" pin=2"/></net>

<net id="1503"><net_src comp="1043" pin="2"/><net_sink comp="1500" pin=0"/></net>

<net id="1504"><net_src comp="1500" pin="1"/><net_sink comp="1119" pin=0"/></net>

<net id="1505"><net_src comp="1500" pin="1"/><net_sink comp="1139" pin=1"/></net>

<net id="1509"><net_src comp="1090" pin="2"/><net_sink comp="1506" pin=0"/></net>

<net id="1510"><net_src comp="1506" pin="1"/><net_sink comp="1124" pin=0"/></net>

<net id="1511"><net_src comp="1506" pin="1"/><net_sink comp="1129" pin=1"/></net>

<net id="1515"><net_src comp="1205" pin="2"/><net_sink comp="1512" pin=0"/></net>

<net id="1516"><net_src comp="1512" pin="1"/><net_sink comp="1232" pin=2"/></net>

<net id="1520"><net_src comp="1217" pin="4"/><net_sink comp="1517" pin=0"/></net>

<net id="1521"><net_src comp="1517" pin="1"/><net_sink comp="1227" pin=0"/></net>

<net id="1525"><net_src comp="1232" pin="3"/><net_sink comp="1522" pin=0"/></net>

<net id="1526"><net_src comp="1522" pin="1"/><net_sink comp="204" pin=8"/></net>

</net_list>

</model> 
---------------- Datapath Model END ------------------

* FSMD analyzer results:
  - Output states:
	Port: out_stream_V_data_V | {20 }
	Port: out_stream_V_keep_V | {20 }
	Port: out_stream_V_strb_V | {20 }
	Port: out_stream_V_user_V | {20 }
	Port: out_stream_V_last_V | {20 }
	Port: out_stream_V_id_V | {20 }
	Port: out_stream_V_dest_V | {20 }
 - Input state : 
	Port: sobel : in_stream_V_data_V | {14 }
	Port: sobel : in_stream_V_keep_V | {14 }
	Port: sobel : in_stream_V_strb_V | {14 }
	Port: sobel : in_stream_V_user_V | {14 }
	Port: sobel : in_stream_V_last_V | {14 }
	Port: sobel : in_stream_V_id_V | {14 }
	Port: sobel : in_stream_V_dest_V | {14 }
  - Chain level:
	State 1
		store_ln0 : 1
		store_ln0 : 1
		store_ln0 : 1
		store_ln0 : 1
		icmp_ln2210 : 1
		indvar_flatten7_load : 1
		row8_load : 1
		col9_load : 1
		row_111_load : 1
		select_ln21 : 2
		row_2 : 2
		tmp_1 : 3
		icmp14 : 4
		zext_ln22 : 3
		trunc_ln22 : 3
		urem_ln22 : 3
		tmp_3 : 3
		or_ln27 : 3
		tmp_4 : 3
		add_ln21 : 2
		br_ln27 : 4
		line_buffer_1_addr : 4
		line_buffer_1_load : 5
		tmp_5 : 3
		icmp_ln35 : 4
		and_ln35 : 5
		br_ln35 : 5
		col : 3
		icmp_ln22 : 4
		row : 3
		icmp_ln21 : 2
		store_ln21 : 4
		store_ln22 : 4
		store_ln21 : 3
		store_ln21 : 3
		br_ln21 : 3
	State 2
	State 3
	State 4
	State 5
	State 6
	State 7
	State 8
	State 9
	State 10
	State 11
	State 12
	State 13
		mul_ln22 : 1
		tmp_2 : 2
		zext_ln22_1 : 3
		trunc_ln22_1 : 1
		line_buffer_3_addr : 4
		line_buffer_4_addr : 4
		line_buffer_5_addr : 4
		switch_ln30 : 2
		store_ln30 : 5
		store_ln30 : 5
		store_ln30 : 5
		zext_ln41_7 : 1
		mul_ln41_1 : 2
		tmp_7 : 3
	State 14
		line_buffer_load : 1
		line_buffer_1_load_19 : 1
		line_buffer_2_load : 1
		store_ln32 : 1
		store_ln32 : 1
		store_ln32 : 1
		mul_ln41 : 1
		tmp_6 : 2
		zext_ln41_1 : 3
		line_buffer_addr_1 : 4
		line_buffer_1_addr_1 : 4
		line_buffer_2_addr_1 : 4
		line_buffer_load_1 : 5
		line_buffer_1_load_1 : 5
		line_buffer_2_load_1 : 5
		line_buffer_addr_2 : 1
		line_buffer_1_addr_2 : 1
		line_buffer_2_addr_2 : 1
		line_buffer_load_2 : 2
		line_buffer_1_load_2 : 2
		line_buffer_2_load_2 : 2
		line_buffer_1_addr_1_20 : 1
		px_3 : 2
		line_buffer_3_addr_1 : 4
		line_buffer_4_addr_1 : 4
		line_buffer_5_addr_1 : 4
		line_buffer_3_load : 5
		line_buffer_4_load : 5
		line_buffer_5_load : 5
		line_buffer_3_addr_2 : 1
		line_buffer_4_addr_2 : 1
		line_buffer_5_addr_2 : 1
		line_buffer_3_load_1 : 2
		line_buffer_4_load_1 : 2
		line_buffer_5_load_1 : 2
		line_buffer_3_load_2 : 1
		line_buffer_4_load_2 : 1
		line_buffer_5_load_2 : 1
	State 15
		tmp : 1
		store_ln31 : 2
		line_buffer_load_3 : 1
		line_buffer_1_load_3 : 1
		line_buffer_2_load_3 : 1
	State 16
		px_4 : 1
	State 17
		zext_ln41_2 : 1
		zext_ln41_3 : 1
		tmp_8 : 1
		zext_ln43_2 : 2
		sub_ln43 : 3
		sext_ln43 : 4
		gy : 5
		zext_ln41_6 : 1
		gy_1 : 6
		gy_2 : 7
		conv_2218_pn : 1
		zext_ln36 : 2
		gx : 3
		sext_ln36 : 4
		zext_ln42_1 : 1
		sub_ln42 : 2
		sext_ln42 : 3
		gx_1 : 5
		shl_ln : 1
		zext_ln42 : 2
		gx_2 : 6
		gx_3 : 7
		zext_ln41_8 : 1
		zext_ln41_9 : 1
		gx_4 : 8
		shl_ln1 : 1
		zext_ln43 : 2
		add_ln43 : 3
		zext_ln43_1 : 4
		gy_3 : 8
	State 18
		zext_ln41_10 : 1
		gx_5 : 2
		gy_4 : 2
		gy_5 : 3
		trunc_ln36 : 4
		gx_6 : 3
		trunc_ln36_1 : 4
		neg : 5
		abscond : 4
		abs : 6
		empty_22 : 7
		abs_cast : 7
		neg1 : 5
		abscond2 : 4
		abs3 : 6
		trunc_ln49 : 7
		zext_ln49 : 7
		add_ln52 : 8
		mag : 8
		tmp_10 : 9
	State 19
		pix_out_data : 1
		write_ln59 : 2
	State 20


============================================================
+ Verbose Summary: Datapath Resource usage 
============================================================

* Functional unit list:
|----------|----------------------|---------|---------|---------|
| Operation|    Functional Unit   |   DSP   |    FF   |   LUT   |
|----------|----------------------|---------|---------|---------|
|   urem   |      grp_fu_602      |    0    |   238   |   160   |
|----------|----------------------|---------|---------|---------|
|          |    add_ln21_fu_630   |    0    |    0    |    24   |
|          |      col_fu_658      |    0    |    0    |    14   |
|          |      row_fu_670      |    0    |    0    |    14   |
|          |    add_ln41_fu_732   |    0    |    0    |    15   |
|          |   add_ln41_1_fu_737  |    0    |    0    |    15   |
|          |      gx_1_fu_985     |    0    |    0    |    13   |
|    add   |     gx_2_fu_1003     |    0    |    0    |    12   |
|          |   add_ln43_fu_1080   |    0    |    0    |    14   |
|          |     gy_3_fu_1090     |    0    |    0    |    12   |
|          |     gx_5_fu_1119     |    0    |    0    |    12   |
|          |     gy_4_fu_1124     |    0    |    0    |    12   |
|          |   add_ln52_fu_1205   |    0    |    0    |    15   |
|          |      mag_fu_1211     |    0    |    0    |    13   |
|----------|----------------------|---------|---------|---------|
|          |    mul_ln22_fu_705   |    1    |    0    |    6    |
|    mul   |   mul_ln41_1_fu_746  |    0    |    0    |    63   |
|          |    mul_ln41_fu_781   |    0    |    0    |    63   |
|----------|----------------------|---------|---------|---------|
|          |     icmp14_fu_587    |    0    |    0    |    15   |
|          |   icmp_ln35_fu_646   |    0    |    0    |    15   |
|          |   icmp_ln22_fu_664   |    0    |    0    |    14   |
|   icmp   |   icmp_ln21_fu_676   |    0    |    0    |    24   |
|          |  pix_out_last_fu_762 |    0    |    0    |    14   |
|          |    abscond_fu_1155   |    0    |    0    |    12   |
|          |   abscond2_fu_1183   |    0    |    0    |    12   |
|          |   icmp_ln50_fu_1227  |    0    |    0    |    11   |
|----------|----------------------|---------|---------|---------|
|          |    sub_ln43_fu_894   |    0    |    0    |    14   |
|          |       gy_fu_904      |    0    |    0    |    13   |
|          |      gy_1_fu_930     |    0    |    0    |    12   |
|    sub   |       gx_fu_954      |    0    |    0    |    15   |
|          |    sub_ln42_fu_975   |    0    |    0    |    14   |
|          |     gx_4_fu_1043     |    0    |    0    |    12   |
|          |      neg_fu_1149     |    0    |    0    |    13   |
|          |     neg1_fu_1177     |    0    |    0    |    13   |
|----------|----------------------|---------|---------|---------|
|          |  select_ln21_fu_561  |    0    |    0    |    9    |
|          |     row_2_fu_569     |    0    |    0    |    9    |
|          |      gy_2_fu_936     |    0    |    0    |    11   |
|          |  conv_2218_pn_fu_943 |    0    |    0    |    8    |
|  select  |     gx_3_fu_1009     |    0    |    0    |    11   |
|          |     gy_5_fu_1129     |    0    |    0    |    11   |
|          |     gx_6_fu_1139     |    0    |    0    |    11   |
|          |      abs_fu_1161     |    0    |    0    |    10   |
|          |     abs3_fu_1189     |    0    |    0    |    10   |
|          | pix_out_data_fu_1232 |    0    |    0    |    8    |
|----------|----------------------|---------|---------|---------|
|          |      tmp_fu_816      |    0    |    0    |    9    |
|          |       px_fu_836      |    0    |    0    |    9    |
|          |      px_1_fu_863     |    0    |    0    |    9    |
| sparsemux|      px_2_fu_910     |    0    |    0    |    9    |
|          |     px_5_fu_1016     |    0    |    0    |    9    |
|          |     px_6_fu_1049     |    0    |    0    |    9    |
|          |     px_7_fu_1096     |    0    |    0    |    9    |
|----------|----------------------|---------|---------|---------|
|    or    |    or_ln27_fu_616    |    0    |    0    |    9    |
|----------|----------------------|---------|---------|---------|
|    and   |    and_ln35_fu_652   |    0    |    0    |    2    |
|----------|----------------------|---------|---------|---------|
|   read   |   empty_read_fu_186  |    0    |    0    |    0    |
|----------|----------------------|---------|---------|---------|
|   write  |   grp_write_fu_204   |    0    |    0    |    0    |
|----------|----------------------|---------|---------|---------|
|          |     tmp_1_fu_577     |    0    |    0    |    0    |
|          |     tmp_5_fu_636     |    0    |    0    |    0    |
|partselect|     tmp_2_fu_711     |    0    |    0    |    0    |
|          |     tmp_7_fu_752     |    0    |    0    |    0    |
|          |     tmp_6_fu_787     |    0    |    0    |    0    |
|          |    tmp_10_fu_1217    |    0    |    0    |    0    |
|----------|----------------------|---------|---------|---------|
|          |   zext_ln22_fu_593   |    0    |    0    |    0    |
|          |  zext_ln22_2_fu_702  |    0    |    0    |    0    |
|          |  zext_ln22_1_fu_721  |    0    |    0    |    0    |
|          |  zext_ln41_7_fu_742  |    0    |    0    |    0    |
|          |   zext_ln41_fu_774   |    0    |    0    |    0    |
|          |  zext_ln41_5_fu_778  |    0    |    0    |    0    |
|          |  zext_ln41_1_fu_797  |    0    |    0    |    0    |
|          |  zext_ln41_4_fu_807  |    0    |    0    |    0    |
|          |  zext_ln41_2_fu_855  |    0    |    0    |    0    |
|          |  zext_ln41_3_fu_859  |    0    |    0    |    0    |
|   zext   |  zext_ln43_2_fu_890  |    0    |    0    |    0    |
|          |  zext_ln41_6_fu_926  |    0    |    0    |    0    |
|          |   zext_ln36_fu_950   |    0    |    0    |    0    |
|          |  zext_ln42_1_fu_971  |    0    |    0    |    0    |
|          |   zext_ln42_fu_999   |    0    |    0    |    0    |
|          |  zext_ln41_8_fu_1035 |    0    |    0    |    0    |
|          |  zext_ln41_9_fu_1039 |    0    |    0    |    0    |
|          |   zext_ln43_fu_1076  |    0    |    0    |    0    |
|          |  zext_ln43_1_fu_1086 |    0    |    0    |    0    |
|          | zext_ln41_10_fu_1115 |    0    |    0    |    0    |
|          |   abs_cast_fu_1173   |    0    |    0    |    0    |
|          |   zext_ln49_fu_1201  |    0    |    0    |    0    |
|----------|----------------------|---------|---------|---------|
|          |   trunc_ln22_fu_598  |    0    |    0    |    0    |
|          |  trunc_ln22_1_fu_728 |    0    |    0    |    0    |
|   trunc  |  trunc_ln36_fu_1135  |    0    |    0    |    0    |
|          | trunc_ln36_1_fu_1145 |    0    |    0    |    0    |
|          |   empty_22_fu_1169   |    0    |    0    |    0    |
|          |  trunc_ln49_fu_1197  |    0    |    0    |    0    |
|----------|----------------------|---------|---------|---------|
| bitselect|     tmp_3_fu_608     |    0    |    0    |    0    |
|          |     tmp_4_fu_622     |    0    |    0    |    0    |
|----------|----------------------|---------|---------|---------|
|extractvalue|  pix_in_data_fu_767  |    0    |    0    |    0    |
|----------|----------------------|---------|---------|---------|
|          |     tmp_8_fu_882     |    0    |    0    |    0    |
|bitconcatenate|     tmp_9_fu_964     |    0    |    0    |    0    |
|          |     shl_ln_fu_991    |    0    |    0    |    0    |
|          |    shl_ln1_fu_1068   |    0    |    0    |    0    |
|----------|----------------------|---------|---------|---------|
|          |   sext_ln43_fu_900   |    0    |    0    |    0    |
|   sext   |   sext_ln36_fu_960   |    0    |    0    |    0    |
|          |   sext_ln42_fu_981   |    0    |    0    |    0    |
|----------|----------------------|---------|---------|---------|
|   Total  |                      |    1    |   238   |   872   |
|----------|----------------------|---------|---------|---------|

Memories:
+----------------+--------+--------+--------+--------+
|                |  BRAM  |   FF   |   LUT  |  URAM  |
+----------------+--------+--------+--------+--------+
|   line_buffer  |    0   |   16   |   11   |    0   |
|  line_buffer_1 |    3   |    0   |    0   |    0   |
|line_buffer_1_17|    0   |   16   |   11   |    0   |
|  line_buffer_2 |    0   |   16   |   11   |    0   |
|  line_buffer_3 |    0   |   16   |   11   |    0   |
|  line_buffer_4 |    0   |   16   |   11   |    0   |
|  line_buffer_5 |    0   |   16   |   11   |    0   |
+----------------+--------+--------+--------+--------+
|      Total     |    3   |   96   |   66   |    0   |
+----------------+--------+--------+--------+--------+

* Register list:
+--------------------------------+--------+
|                                |   FF   |
+--------------------------------+--------+
|        add_ln41_reg_1349       |    8   |
|        add_ln52_reg_1512       |    8   |
|        and_ln35_reg_1305       |    1   |
|          col9_reg_1254         |    9   |
|          gx_4_reg_1500         |   11   |
|          gy_3_reg_1506         |   11   |
|       icmp_ln21_reg_1314       |    1   |
|       icmp_ln2210_reg_495      |    1   |
|       icmp_ln22_reg_1309       |    1   |
|    indvar_flatten7_reg_1240    |   17   |
| line_buffer_1_addr_18_reg_1370 |    7   |
|line_buffer_1_addr_1_20_reg_1410|    8   |
|  line_buffer_1_addr_1_reg_1385 |    7   |
|line_buffer_1_addr_2_21_reg_1495|    8   |
|  line_buffer_1_addr_2_reg_1400 |    7   |
|  line_buffer_1_addr_3_reg_1465 |    7   |
|   line_buffer_1_addr_reg_1299  |    8   |
|  line_buffer_1_load_3_reg_1485 |    8   |
|   line_buffer_1_load_reg_1318  |    8   |
|  line_buffer_2_addr_1_reg_1390 |    7   |
|  line_buffer_2_addr_2_reg_1405 |    7   |
|  line_buffer_2_addr_3_reg_1470 |    7   |
|   line_buffer_2_addr_reg_1375  |    7   |
|  line_buffer_2_load_3_reg_1490 |    8   |
|  line_buffer_3_addr_1_reg_1415 |    7   |
|  line_buffer_3_addr_2_reg_1430 |    7   |
|  line_buffer_3_addr_3_reg_1445 |    7   |
|  line_buffer_4_addr_1_reg_1420 |    7   |
|  line_buffer_4_addr_2_reg_1435 |    7   |
|  line_buffer_4_addr_3_reg_1450 |    7   |
|  line_buffer_5_addr_1_reg_1425 |    7   |
|  line_buffer_5_addr_2_reg_1440 |    7   |
|  line_buffer_5_addr_3_reg_1455 |    7   |
|   line_buffer_addr_1_reg_1380  |    7   |
|   line_buffer_addr_2_reg_1395  |    7   |
|   line_buffer_addr_3_reg_1460  |    7   |
|    line_buffer_addr_reg_1365   |    7   |
|   line_buffer_load_3_reg_1480  |    8   |
|      pix_out_data_reg_1522     |    8   |
|      pix_out_last_reg_1360     |    1   |
|          px_3_reg_1475         |    8   |
|             reg_505            |    8   |
|             reg_509            |    8   |
|             reg_513            |    8   |
|             reg_517            |    8   |
|             reg_521            |    8   |
|             reg_525            |    8   |
|          row8_reg_1247         |    9   |
|        row_111_reg_1261        |    9   |
|      select_ln21_reg_1268      |    9   |
|         tmp_10_reg_1517        |    3   |
|         tmp_3_reg_1286         |    1   |
|         tmp_4_reg_1295         |    1   |
|         tmp_7_reg_1355         |    7   |
|      trunc_ln22_1_reg_1338     |    2   |
|       trunc_ln22_reg_1280      |    8   |
|      zext_ln22_1_reg_1325      |   64   |
|       zext_ln22_reg_1275       |   64   |
+--------------------------------+--------+
|              Total             |   513  |
+--------------------------------+--------+

* Multiplexer (MUX) list: 
|-------------------|------|------|------|--------||---------||---------||---------|
|        Comp       |  Pin | Size |  BW  | S x BW ||  Delay  ||    FF   ||   LUT   |
|-------------------|------|------|------|--------||---------||---------||---------|
|  grp_write_fu_204 |  p8  |   2  |   8  |   16   ||    0    ||    9    |
| grp_access_fu_241 |  p2  |   2  |   0  |    0   ||    0    ||    9    |
| grp_access_fu_241 |  p5  |   2  |   8  |   16   ||    0    ||    9    |
| grp_access_fu_241 |  p8  |   2  |   8  |   16   ||    0    ||    9    |
| grp_access_fu_277 |  p2  |   6  |   0  |    0   ||    0    ||    31   |
| grp_access_fu_283 |  p2  |   6  |   0  |    0   ||    0    ||    31   |
| grp_access_fu_289 |  p2  |   6  |   0  |    0   ||    0    ||    31   |
| grp_access_fu_313 |  p0  |   6  |   7  |   42   ||    0    ||    31   |
| grp_access_fu_313 |  p2  |   2  |   0  |    0   ||    0    ||    9    |
| grp_access_fu_319 |  p0  |   6  |   7  |   42   ||    0    ||    31   |
| grp_access_fu_319 |  p2  |   2  |   0  |    0   ||    0    ||    9    |
| grp_access_fu_325 |  p0  |   6  |   7  |   42   ||    0    ||    31   |
| grp_access_fu_325 |  p2  |   2  |   0  |    0   ||    0    ||    9    |
|     grp_fu_602    |  p0  |   2  |   9  |   18   ||    0    ||    9    |
|-------------------|------|------|------|--------||---------||---------||---------|
|       Total       |      |      |      |   192  || 25.0952 ||    0    ||   258   |
|-------------------|------|------|------|--------||---------||---------||---------|



* Summary:
+-----------+--------+--------+--------+--------+--------+--------+
|           |  BRAM  |   DSP  |  Delay |   FF   |   LUT  |  URAM  |
+-----------+--------+--------+--------+--------+--------+--------+
|  Function |    -   |    1   |    -   |   238  |   872  |    -   |
|   Memory  |    3   |    -   |    -   |   96   |   66   |    0   |
|Multiplexer|    -   |    -   |   25   |    0   |   258  |    -   |
|  Register |    -   |    -   |    -   |   513  |    -   |    -   |
+-----------+--------+--------+--------+--------+--------+--------+
|   Total   |    3   |    1   |   25   |   847  |  1196  |    0   |
+-----------+--------+--------+--------+--------+--------+--------+
