Copyright 1986-2022 Xilinx, Inc. All Rights Reserved. Copyright 2022-2024 Advanced Micro Devices, Inc. All Rights Reserved.
---------------------------------------------------------------------------------------------------------------------------------------------------------------------------------------------------------------------------------------------------------
| Tool Version : Vivado v.2024.2 (win64) Build 5239630 Fri Nov 08 22:35:27 MST 2024
| Date         : Fri May  2 03:21:32 2025
| Host         : DESKTOP-PREBUPB running 64-bit major release  (build 9200)
| Command      : report_timing_summary -max_paths 10 -report_unconstrained -file Sobel_design_wrapper_timing_summary_routed.rpt -pb Sobel_design_wrapper_timing_summary_routed.pb -rpx Sobel_design_wrapper_timing_summary_routed.rpx -warn_on_violation
| Design       : Sobel_design_wrapper
| Device       : 7z020-clg400
| Speed File   : -1  PRODUCTION 1.12 2019-11-22
| Design State : Routed
---------------------------------------------------------------------------------------------------------------------------------------------------------------------------------------------------------------------------------------------------------

Timing Summary Report

------------------------------------------------------------------------------------------------
| Timer Settings
| --------------
------------------------------------------------------------------------------------------------

  Enable Multi Corner Analysis               :  Yes
  Enable Pessimism Removal                   :  Yes
  Pessimism Removal Resolution               :  Nearest Common Node
  Enable Input Delay Default Clock           :  No
  Enable Preset / Clear Arcs                 :  No
  Disable Flight Delays                      :  No
  Ignore I/O Paths                           :  No
  Timing Early Launch at Borrowing Latches   :  No
  Borrow Time for Max Delay Exceptions       :  Yes
  Merge Timing Exceptions                    :  Yes
  Inter-SLR Compensation                     :  Conservative

  Corner  Analyze    Analyze    
  Name    Max Paths  Min Paths  
  ------  ---------  ---------  
  Slow    Yes        Yes        
  Fast    Yes        Yes        


------------------------------------------------------------------------------------------------
| Report Methodology
| ------------------
------------------------------------------------------------------------------------------------

Rule      Severity  Description                                      Violations  
--------  --------  -----------------------------------------------  ----------  
PDRC-190  Warning   Suboptimally placed synchronized register chain  32          

Note: This report is based on the most recent report_methodology run and may not be up-to-date. Run report_methodology on the current design for the latest report.



check_timing report

Table of Contents
-----------------
1. checking no_clock (0)
2. checking constant_clock (0)
3. checking pulse_width_clock (0)
4. checking unconstrained_internal_endpoints (0)
5. checking no_input_delay (0)
6. checking no_output_delay (0)
7. checking multiple_clock (0)
8. checking generated_clocks (0)
9. checking loops (0)
10. checking partial_input_delay (0)
11. checking partial_output_delay (0)
12. checking latch_loops (0)

1. checking no_clock (0)
------------------------
 There are 0 register/latch pins with no clock.


2. checking constant_clock (0)
------------------------------
 There are 0 register/latch pins with constant_clock.


3. checking pulse_width_clock (0)
---------------------------------
 There are 0 register/latch pins which need pulse_width check


4. checking unconstrained_internal_endpoints (0)
------------------------------------------------
 There are 0 pins that are not constrained for maximum delay.

 There are 0 pins that are not constrained for maximum delay due to constant clock.


5. checking no_input_delay (0)
------------------------------
 There are 0 input ports with no input delay specified.

 There are 0 input ports with no input delay but user has a false path constraint.


6. checking no_output_delay (0)
-------------------------------
 There are 0 ports with no output delay specified.

 There are 0 ports with no output delay but user has a false path constraint

 There are 0 ports with no output delay but with a timing clock defined on it or propagating through it


7. checking multiple_clock (0)
------------------------------
 There are 0 register/latch pins with multiple clocks.


8. checking generated_clocks (0)
--------------------------------
 There are 0 generated clocks that are not connected to a clock source.


9. checking loops (0)
---------------------
 There are 0 combinational loops in the design.


10. checking partial_input_delay (0)
------------------------------------
 There are 0 input ports with partial input delay specified.


11. checking partial_output_delay (0)
-------------------------------------
 There are 0 ports with partial output delay specified.


12. checking latch_loops (0)
----------------------------
 There are 0 combinational latch loops in the design through latch input



------------------------------------------------------------------------------------------------
| Design Timing Summary
| ---------------------
------------------------------------------------------------------------------------------------

    WNS(ns)      TNS(ns)  TNS Failing Endpoints  TNS Total Endpoints      WHS(ns)      THS(ns)  THS Failing Endpoints  THS Total Endpoints     WPWS(ns)     TPWS(ns)  TPWS Failing Endpoints  TPWS Total Endpoints  
    -------      -------  ---------------------  -------------------      -------      -------  ---------------------  -------------------     --------     --------  ----------------------  --------------------  
     11.663        0.000                      0                 6256        0.023        0.000                      0                 6256        8.750        0.000                       0                  2808  


All user specified timing constraints are met.


------------------------------------------------------------------------------------------------
| Clock Summary
| -------------
------------------------------------------------------------------------------------------------

Clock       Waveform(ns)       Period(ns)      Frequency(MHz)
-----       ------------       ----------      --------------
clk_fpga_0  {0.000 10.000}     20.000          50.000          


------------------------------------------------------------------------------------------------
| Intra Clock Table
| -----------------
------------------------------------------------------------------------------------------------

Clock             WNS(ns)      TNS(ns)  TNS Failing Endpoints  TNS Total Endpoints      WHS(ns)      THS(ns)  THS Failing Endpoints  THS Total Endpoints     WPWS(ns)     TPWS(ns)  TPWS Failing Endpoints  TPWS Total Endpoints  
-----             -------      -------  ---------------------  -------------------      -------      -------  ---------------------  -------------------     --------     --------  ----------------------  --------------------  
clk_fpga_0         11.663        0.000                      0                 6256        0.023        0.000                      0                 6256        8.750        0.000                       0                  2808  


------------------------------------------------------------------------------------------------
| Inter Clock Table
| -----------------
------------------------------------------------------------------------------------------------

From Clock    To Clock          WNS(ns)      TNS(ns)  TNS Failing Endpoints  TNS Total Endpoints      WHS(ns)      THS(ns)  THS Failing Endpoints  THS Total Endpoints  
----------    --------          -------      -------  ---------------------  -------------------      -------      -------  ---------------------  -------------------  


------------------------------------------------------------------------------------------------
| Other Path Groups Table
| -----------------------
------------------------------------------------------------------------------------------------

Path Group    From Clock    To Clock          WNS(ns)      TNS(ns)  TNS Failing Endpoints  TNS Total Endpoints      WHS(ns)      THS(ns)  THS Failing Endpoints  THS Total Endpoints  
----------    ----------    --------          -------      -------  ---------------------  -------------------      -------      -------  ---------------------  -------------------  


------------------------------------------------------------------------------------------------
| User Ignored Path Table
| -----------------------
------------------------------------------------------------------------------------------------

Path Group    From Clock    To Clock    
----------    ----------    --------    
(none)                      clk_fpga_0    
(none)        clk_fpga_0    clk_fpga_0    


------------------------------------------------------------------------------------------------
| Unconstrained Path Table
| ------------------------
------------------------------------------------------------------------------------------------

Path Group    From Clock    To Clock    
----------    ----------    --------    


------------------------------------------------------------------------------------------------
| Timing Details
| --------------
------------------------------------------------------------------------------------------------


---------------------------------------------------------------------------------------------------
From Clock:  clk_fpga_0
  To Clock:  clk_fpga_0

Setup :            0  Failing Endpoints,  Worst Slack       11.663ns,  Total Violation        0.000ns
Hold  :            0  Failing Endpoints,  Worst Slack        0.023ns,  Total Violation        0.000ns
PW    :            0  Failing Endpoints,  Worst Slack        8.750ns,  Total Violation        0.000ns
---------------------------------------------------------------------------------------------------


Max Delay Paths
--------------------------------------------------------------------------------------
Slack (MET) :             11.663ns  (required time - arrival time)
  Source:                 Sobel_design_i/sobel_0/inst/trunc_ln22_1_reg_1338_pp0_iter15_reg_reg[0]/C
                            (rising edge-triggered cell FDRE clocked by clk_fpga_0  {rise@0.000ns fall@10.000ns period=20.000ns})
  Destination:            Sobel_design_i/sobel_0/inst/gx_4_reg_1500_reg[10]/D
                            (rising edge-triggered cell FDRE clocked by clk_fpga_0  {rise@0.000ns fall@10.000ns period=20.000ns})
  Path Group:             clk_fpga_0
  Path Type:              Setup (Max at Slow Process Corner)
  Requirement:            20.000ns  (clk_fpga_0 rise@20.000ns - clk_fpga_0 rise@0.000ns)
  Data Path Delay:        7.998ns  (logic 2.939ns (36.745%)  route 5.059ns (63.255%))
  Logic Levels:           9  (CARRY4=4 LUT3=1 LUT4=2 LUT5=1 LUT6=1)
  Clock Path Skew:        -0.099ns (DCD - SCD + CPR)
    Destination Clock Delay (DCD):    2.643ns = ( 22.643 - 20.000 ) 
    Source Clock Delay      (SCD):    2.971ns
    Clock Pessimism Removal (CPR):    0.229ns
  Clock Uncertainty:      0.302ns  ((TSJ^2 + TIJ^2)^1/2 + DJ) / 2 + PE
    Total System Jitter     (TSJ):    0.071ns
    Total Input Jitter      (TIJ):    0.600ns
    Discrete Jitter          (DJ):    0.000ns
    Phase Error              (PE):    0.000ns

    Location             Delay type                Incr(ns)  Path(ns)    Netlist Resource(s)
  -------------------------------------------------------------------    -------------------
                         (clock clk_fpga_0 rise edge)
                                                      0.000     0.000 r  
    PS7_X0Y0             PS7                          0.000     0.000 r  Sobel_design_i/processing_system7_0/inst/PS7_i/FCLKCLK[0]
                         net (fo=1, routed)           1.193     1.193    Sobel_design_i/processing_system7_0/inst/FCLK_CLK_unbuffered[0]
    BUFGCTRL_X0Y16       BUFG (Prop_bufg_I_O)         0.101     1.294 r  Sobel_design_i/processing_system7_0/inst/buffer_fclk_clk_0.FCLK_CLK_0_BUFG/O
                         net (fo=2809, routed)        1.677     2.971    Sobel_design_i/sobel_0/inst/ap_clk
    SLICE_X27Y76         FDRE                                         r  Sobel_design_i/sobel_0/inst/trunc_ln22_1_reg_1338_pp0_iter15_reg_reg[0]/C
  -------------------------------------------------------------------    -------------------
    SLICE_X27Y76         FDRE (Prop_fdre_C_Q)         0.456     3.427 r  Sobel_design_i/sobel_0/inst/trunc_ln22_1_reg_1338_pp0_iter15_reg_reg[0]/Q
                         net (fo=58, routed)          1.665     5.092    Sobel_design_i/sobel_0/inst/line_buffer_U/gy_1_fu_930_p2_carry_i_7_0[0]
    SLICE_X32Y77         LUT5 (Prop_lut5_I0_O)        0.124     5.216 r  Sobel_design_i/sobel_0/inst/line_buffer_U/gy_1_fu_930_p2_carry_i_12/O
                         net (fo=3, routed)           1.190     6.406    Sobel_design_i/sobel_0/inst/line_buffer_U/dout_tmp[3]
    SLICE_X29Y75         LUT3 (Prop_lut3_I1_O)        0.124     6.530 r  Sobel_design_i/sobel_0/inst/line_buffer_U/gx_fu_954_p2_carry_i_3/O
                         net (fo=1, routed)           0.000     6.530    Sobel_design_i/sobel_0/inst/line_buffer_U_n_39
    SLICE_X29Y75         CARRY4 (Prop_carry4_S[3]_CO[3])
                                                      0.401     6.931 r  Sobel_design_i/sobel_0/inst/gx_fu_954_p2_carry/CO[3]
                         net (fo=1, routed)           0.000     6.931    Sobel_design_i/sobel_0/inst/gx_fu_954_p2_carry_n_0
    SLICE_X29Y76         CARRY4 (Prop_carry4_CI_O[3])
                                                      0.313     7.244 r  Sobel_design_i/sobel_0/inst/gx_fu_954_p2_carry__0/O[3]
                         net (fo=4, routed)           0.834     8.078    Sobel_design_i/sobel_0/inst/line_buffer_U/O[3]
    SLICE_X33Y77         LUT4 (Prop_lut4_I3_O)        0.306     8.384 r  Sobel_design_i/sobel_0/inst/line_buffer_U/gx_4_fu_1043_p2__0_carry__0_i_10/O
                         net (fo=2, routed)           0.721     9.105    Sobel_design_i/sobel_0/inst/line_buffer_U/gx_4_fu_1043_p2__0_carry__0_i_10_n_0
    SLICE_X33Y75         LUT4 (Prop_lut4_I3_O)        0.153     9.258 r  Sobel_design_i/sobel_0/inst/line_buffer_U/gx_4_fu_1043_p2__0_carry__0_i_1/O
                         net (fo=2, routed)           0.649     9.907    Sobel_design_i/sobel_0/inst/line_buffer_U/DI[2]
    SLICE_X33Y75         LUT6 (Prop_lut6_I2_O)        0.327    10.234 r  Sobel_design_i/sobel_0/inst/line_buffer_U/gx_4_fu_1043_p2__0_carry__0_i_5/O
                         net (fo=1, routed)           0.000    10.234    Sobel_design_i/sobel_0/inst/line_buffer_U_n_10
    SLICE_X33Y75         CARRY4 (Prop_carry4_S[3]_CO[3])
                                                      0.401    10.635 r  Sobel_design_i/sobel_0/inst/gx_4_fu_1043_p2__0_carry__0/CO[3]
                         net (fo=1, routed)           0.000    10.635    Sobel_design_i/sobel_0/inst/gx_4_fu_1043_p2__0_carry__0_n_0
    SLICE_X33Y76         CARRY4 (Prop_carry4_CI_O[1])
                                                      0.334    10.969 r  Sobel_design_i/sobel_0/inst/gx_4_fu_1043_p2__0_carry__1/O[1]
                         net (fo=1, routed)           0.000    10.969    Sobel_design_i/sobel_0/inst/gx_4_fu_1043_p2[10]
    SLICE_X33Y76         FDRE                                         r  Sobel_design_i/sobel_0/inst/gx_4_reg_1500_reg[10]/D
  -------------------------------------------------------------------    -------------------

                         (clock clk_fpga_0 rise edge)
                                                     20.000    20.000 r  
    PS7_X0Y0             PS7                          0.000    20.000 r  Sobel_design_i/processing_system7_0/inst/PS7_i/FCLKCLK[0]
                         net (fo=1, routed)           1.088    21.088    Sobel_design_i/processing_system7_0/inst/FCLK_CLK_unbuffered[0]
    BUFGCTRL_X0Y16       BUFG (Prop_bufg_I_O)         0.091    21.179 r  Sobel_design_i/processing_system7_0/inst/buffer_fclk_clk_0.FCLK_CLK_0_BUFG/O
                         net (fo=2809, routed)        1.464    22.643    Sobel_design_i/sobel_0/inst/ap_clk
    SLICE_X33Y76         FDRE                                         r  Sobel_design_i/sobel_0/inst/gx_4_reg_1500_reg[10]/C
                         clock pessimism              0.229    22.872    
                         clock uncertainty           -0.302    22.570    
    SLICE_X33Y76         FDRE (Setup_fdre_C_D)        0.062    22.632    Sobel_design_i/sobel_0/inst/gx_4_reg_1500_reg[10]
  -------------------------------------------------------------------
                         required time                         22.632    
                         arrival time                         -10.969    
  -------------------------------------------------------------------
                         slack                                 11.663    

Slack (MET) :             11.694ns  (required time - arrival time)
  Source:                 Sobel_design_i/axi_dma_0/U0/I_AXI_DMA_REG_MODULE/GEN_AXI_LITE_IF.AXI_LITE_IF_I/GEN_ASYNC_READ.axi2ip_rdaddr_i_reg[3]/C
                            (rising edge-triggered cell FDRE clocked by clk_fpga_0  {rise@0.000ns fall@10.000ns period=20.000ns})
  Destination:            Sobel_design_i/axi_dma_0/U0/I_AXI_DMA_REG_MODULE/GEN_AXI_LITE_IF.AXI_LITE_IF_I/GEN_ASYNC_READ.lite_rdata_cdc_from_reg[27]/D
                            (rising edge-triggered cell FDRE clocked by clk_fpga_0  {rise@0.000ns fall@10.000ns period=20.000ns})
  Path Group:             clk_fpga_0
  Path Type:              Setup (Max at Slow Process Corner)
  Requirement:            20.000ns  (clk_fpga_0 rise@20.000ns - clk_fpga_0 rise@0.000ns)
  Data Path Delay:        8.019ns  (logic 1.244ns (15.514%)  route 6.775ns (84.486%))
  Logic Levels:           4  (LUT3=1 LUT4=1 LUT5=1 LUT6=1)
  Clock Path Skew:        0.062ns (DCD - SCD + CPR)
    Destination Clock Delay (DCD):    2.879ns = ( 22.879 - 20.000 ) 
    Source Clock Delay      (SCD):    2.946ns
    Clock Pessimism Removal (CPR):    0.129ns
  Clock Uncertainty:      0.302ns  ((TSJ^2 + TIJ^2)^1/2 + DJ) / 2 + PE
    Total System Jitter     (TSJ):    0.071ns
    Total Input Jitter      (TIJ):    0.600ns
    Discrete Jitter          (DJ):    0.000ns
    Phase Error              (PE):    0.000ns

    Location             Delay type                Incr(ns)  Path(ns)    Netlist Resource(s)
  -------------------------------------------------------------------    -------------------
                         (clock clk_fpga_0 rise edge)
                                                      0.000     0.000 r  
    PS7_X0Y0             PS7                          0.000     0.000 r  Sobel_design_i/processing_system7_0/inst/PS7_i/FCLKCLK[0]
                         net (fo=1, routed)           1.193     1.193    Sobel_design_i/processing_system7_0/inst/FCLK_CLK_unbuffered[0]
    BUFGCTRL_X0Y16       BUFG (Prop_bufg_I_O)         0.101     1.294 r  Sobel_design_i/processing_system7_0/inst/buffer_fclk_clk_0.FCLK_CLK_0_BUFG/O
                         net (fo=2809, routed)        1.652     2.946    Sobel_design_i/axi_dma_0/U0/I_AXI_DMA_REG_MODULE/GEN_AXI_LITE_IF.AXI_LITE_IF_I/m_axi_sg_aclk
    SLICE_X38Y96         FDRE                                         r  Sobel_design_i/axi_dma_0/U0/I_AXI_DMA_REG_MODULE/GEN_AXI_LITE_IF.AXI_LITE_IF_I/GEN_ASYNC_READ.axi2ip_rdaddr_i_reg[3]/C
  -------------------------------------------------------------------    -------------------
    SLICE_X38Y96         FDRE (Prop_fdre_C_Q)         0.518     3.464 f  Sobel_design_i/axi_dma_0/U0/I_AXI_DMA_REG_MODULE/GEN_AXI_LITE_IF.AXI_LITE_IF_I/GEN_ASYNC_READ.axi2ip_rdaddr_i_reg[3]/Q
                         net (fo=40, routed)          2.182     5.646    Sobel_design_i/axi_dma_0/U0/I_AXI_DMA_REG_MODULE/GEN_AXI_LITE_IF.AXI_LITE_IF_I/GEN_ASYNC_READ.axi2ip_rdaddr_i_reg[5]_0[1]
    SLICE_X37Y110        LUT3 (Prop_lut3_I0_O)        0.152     5.798 r  Sobel_design_i/axi_dma_0/U0/I_AXI_DMA_REG_MODULE/GEN_AXI_LITE_IF.AXI_LITE_IF_I/GEN_ASYNC_READ.lite_rdata_cdc_from[2]_i_3/O
                         net (fo=2, routed)           1.001     6.799    Sobel_design_i/axi_dma_0/U0/I_AXI_DMA_REG_MODULE/GEN_AXI_LITE_IF.AXI_LITE_IF_I/GEN_ASYNC_READ.lite_rdata_cdc_from[2]_i_3_n_0
    SLICE_X40Y98         LUT6 (Prop_lut6_I5_O)        0.326     7.125 r  Sobel_design_i/axi_dma_0/U0/I_AXI_DMA_REG_MODULE/GEN_AXI_LITE_IF.AXI_LITE_IF_I/GEN_ASYNC_READ.lite_rdata_cdc_from[15]_i_2/O
                         net (fo=26, routed)          2.088     9.213    Sobel_design_i/axi_dma_0/U0/I_AXI_DMA_REG_MODULE/GEN_AXI_LITE_IF.AXI_LITE_IF_I/GEN_ASYNC_READ.lite_rdata_cdc_from[15]_i_2_n_0
    SLICE_X30Y113        LUT4 (Prop_lut4_I1_O)        0.124     9.337 r  Sobel_design_i/axi_dma_0/U0/I_AXI_DMA_REG_MODULE/GEN_AXI_LITE_IF.AXI_LITE_IF_I/GEN_ASYNC_READ.lite_rdata_cdc_from[27]_i_3/O
                         net (fo=1, routed)           0.444     9.781    Sobel_design_i/axi_dma_0/U0/I_AXI_DMA_REG_MODULE/GEN_AXI_LITE_IF.AXI_LITE_IF_I/GEN_ASYNC_READ.lite_rdata_cdc_from[27]_i_3_n_0
    SLICE_X30Y111        LUT5 (Prop_lut5_I4_O)        0.124     9.905 r  Sobel_design_i/axi_dma_0/U0/I_AXI_DMA_REG_MODULE/GEN_AXI_LITE_IF.AXI_LITE_IF_I/GEN_ASYNC_READ.lite_rdata_cdc_from[27]_i_1/O
                         net (fo=1, routed)           1.060    10.965    Sobel_design_i/axi_dma_0/U0/I_AXI_DMA_REG_MODULE/GEN_AXI_LITE_IF.AXI_LITE_IF_I/ip2axi_rddata[27]
    SLICE_X31Y100        FDRE                                         r  Sobel_design_i/axi_dma_0/U0/I_AXI_DMA_REG_MODULE/GEN_AXI_LITE_IF.AXI_LITE_IF_I/GEN_ASYNC_READ.lite_rdata_cdc_from_reg[27]/D
  -------------------------------------------------------------------    -------------------

                         (clock clk_fpga_0 rise edge)
                                                     20.000    20.000 r  
    PS7_X0Y0             PS7                          0.000    20.000 r  Sobel_design_i/processing_system7_0/inst/PS7_i/FCLKCLK[0]
                         net (fo=1, routed)           1.088    21.088    Sobel_design_i/processing_system7_0/inst/FCLK_CLK_unbuffered[0]
    BUFGCTRL_X0Y16       BUFG (Prop_bufg_I_O)         0.091    21.179 r  Sobel_design_i/processing_system7_0/inst/buffer_fclk_clk_0.FCLK_CLK_0_BUFG/O
                         net (fo=2809, routed)        1.700    22.879    Sobel_design_i/axi_dma_0/U0/I_AXI_DMA_REG_MODULE/GEN_AXI_LITE_IF.AXI_LITE_IF_I/m_axi_sg_aclk
    SLICE_X31Y100        FDRE                                         r  Sobel_design_i/axi_dma_0/U0/I_AXI_DMA_REG_MODULE/GEN_AXI_LITE_IF.AXI_LITE_IF_I/GEN_ASYNC_READ.lite_rdata_cdc_from_reg[27]/C
                         clock pessimism              0.129    23.008    
                         clock uncertainty           -0.302    22.706    
    SLICE_X31Y100        FDRE (Setup_fdre_C_D)       -0.047    22.659    Sobel_design_i/axi_dma_0/U0/I_AXI_DMA_REG_MODULE/GEN_AXI_LITE_IF.AXI_LITE_IF_I/GEN_ASYNC_READ.lite_rdata_cdc_from_reg[27]
  -------------------------------------------------------------------
                         required time                         22.659    
                         arrival time                         -10.965    
  -------------------------------------------------------------------
                         slack                                 11.694    

Slack (MET) :             11.728ns  (required time - arrival time)
  Source:                 Sobel_design_i/sobel_0/inst/trunc_ln22_1_reg_1338_pp0_iter15_reg_reg[0]/C
                            (rising edge-triggered cell FDRE clocked by clk_fpga_0  {rise@0.000ns fall@10.000ns period=20.000ns})
  Destination:            Sobel_design_i/sobel_0/inst/gy_3_reg_1506_reg[10]/D
                            (rising edge-triggered cell FDRE clocked by clk_fpga_0  {rise@0.000ns fall@10.000ns period=20.000ns})
  Path Group:             clk_fpga_0
  Path Type:              Setup (Max at Slow Process Corner)
  Requirement:            20.000ns  (clk_fpga_0 rise@20.000ns - clk_fpga_0 rise@0.000ns)
  Data Path Delay:        7.934ns  (logic 2.625ns (33.086%)  route 5.309ns (66.914%))
  Logic Levels:           8  (CARRY4=3 LUT3=1 LUT4=2 LUT5=1 LUT6=1)
  Clock Path Skew:        -0.098ns (DCD - SCD + CPR)
    Destination Clock Delay (DCD):    2.644ns = ( 22.644 - 20.000 ) 
    Source Clock Delay      (SCD):    2.971ns
    Clock Pessimism Removal (CPR):    0.229ns
  Clock Uncertainty:      0.302ns  ((TSJ^2 + TIJ^2)^1/2 + DJ) / 2 + PE
    Total System Jitter     (TSJ):    0.071ns
    Total Input Jitter      (TIJ):    0.600ns
    Discrete Jitter          (DJ):    0.000ns
    Phase Error              (PE):    0.000ns

    Location             Delay type                Incr(ns)  Path(ns)    Netlist Resource(s)
  -------------------------------------------------------------------    -------------------
                         (clock clk_fpga_0 rise edge)
                                                      0.000     0.000 r  
    PS7_X0Y0             PS7                          0.000     0.000 r  Sobel_design_i/processing_system7_0/inst/PS7_i/FCLKCLK[0]
                         net (fo=1, routed)           1.193     1.193    Sobel_design_i/processing_system7_0/inst/FCLK_CLK_unbuffered[0]
    BUFGCTRL_X0Y16       BUFG (Prop_bufg_I_O)         0.101     1.294 r  Sobel_design_i/processing_system7_0/inst/buffer_fclk_clk_0.FCLK_CLK_0_BUFG/O
                         net (fo=2809, routed)        1.677     2.971    Sobel_design_i/sobel_0/inst/ap_clk
    SLICE_X27Y76         FDRE                                         r  Sobel_design_i/sobel_0/inst/trunc_ln22_1_reg_1338_pp0_iter15_reg_reg[0]/C
  -------------------------------------------------------------------    -------------------
    SLICE_X27Y76         FDRE (Prop_fdre_C_Q)         0.456     3.427 r  Sobel_design_i/sobel_0/inst/trunc_ln22_1_reg_1338_pp0_iter15_reg_reg[0]/Q
                         net (fo=58, routed)          1.497     4.924    Sobel_design_i/sobel_0/inst/trunc_ln22_1_reg_1338_pp0_iter15_reg[0]
    SLICE_X32Y77         LUT5 (Prop_lut5_I0_O)        0.124     5.048 r  Sobel_design_i/sobel_0/inst/gy_1_fu_930_p2_carry__0_i_19/O
                         net (fo=2, routed)           1.065     6.113    Sobel_design_i/sobel_0/inst/gy_1_fu_930_p2_carry__0_i_19_n_0
    SLICE_X28Y77         LUT4 (Prop_lut4_I3_O)        0.152     6.265 r  Sobel_design_i/sobel_0/inst/gy_1_fu_930_p2_carry__1_i_7/O
                         net (fo=6, routed)           0.340     6.605    Sobel_design_i/sobel_0/inst/gy_1_fu_930_p2_carry__1_i_7_n_0
    SLICE_X29Y78         LUT6 (Prop_lut6_I0_O)        0.326     6.931 r  Sobel_design_i/sobel_0/inst/gy_1_fu_930_p2_carry__0_i_9/O
                         net (fo=3, routed)           0.424     7.355    Sobel_design_i/sobel_0/inst/line_buffer_U/p_1_in[3]
    SLICE_X31Y78         LUT3 (Prop_lut3_I0_O)        0.124     7.479 r  Sobel_design_i/sobel_0/inst/line_buffer_U/gy_1_fu_930_p2_carry__0_i_1/O
                         net (fo=2, routed)           0.502     7.981    Sobel_design_i/sobel_0/inst/line_buffer_U_n_31
    SLICE_X31Y76         CARRY4 (Prop_carry4_DI[3]_CO[3])
                                                      0.385     8.366 r  Sobel_design_i/sobel_0/inst/gy_1_fu_930_p2_carry__0/CO[3]
                         net (fo=1, routed)           0.000     8.366    Sobel_design_i/sobel_0/inst/gy_1_fu_930_p2_carry__0_n_0
    SLICE_X31Y77         CARRY4 (Prop_carry4_CI_O[0])
                                                      0.222     8.588 r  Sobel_design_i/sobel_0/inst/gy_1_fu_930_p2_carry__1/O[0]
                         net (fo=3, routed)           0.863     9.450    Sobel_design_i/sobel_0/inst/line_buffer_U/gy_3_reg_1506_reg[10][0]
    SLICE_X34Y76         LUT4 (Prop_lut4_I0_O)        0.299     9.749 r  Sobel_design_i/sobel_0/inst/line_buffer_U/gy_3_fu_1090_p2__1_carry__1_i_1/O
                         net (fo=1, routed)           0.619    10.368    Sobel_design_i/sobel_0/inst/line_buffer_U_n_17
    SLICE_X35Y76         CARRY4 (Prop_carry4_DI[1]_O[2])
                                                      0.537    10.905 r  Sobel_design_i/sobel_0/inst/gy_3_fu_1090_p2__1_carry__1/O[2]
                         net (fo=1, routed)           0.000    10.905    Sobel_design_i/sobel_0/inst/gy_3_fu_1090_p2[10]
    SLICE_X35Y76         FDRE                                         r  Sobel_design_i/sobel_0/inst/gy_3_reg_1506_reg[10]/D
  -------------------------------------------------------------------    -------------------

                         (clock clk_fpga_0 rise edge)
                                                     20.000    20.000 r  
    PS7_X0Y0             PS7                          0.000    20.000 r  Sobel_design_i/processing_system7_0/inst/PS7_i/FCLKCLK[0]
                         net (fo=1, routed)           1.088    21.088    Sobel_design_i/processing_system7_0/inst/FCLK_CLK_unbuffered[0]
    BUFGCTRL_X0Y16       BUFG (Prop_bufg_I_O)         0.091    21.179 r  Sobel_design_i/processing_system7_0/inst/buffer_fclk_clk_0.FCLK_CLK_0_BUFG/O
                         net (fo=2809, routed)        1.465    22.644    Sobel_design_i/sobel_0/inst/ap_clk
    SLICE_X35Y76         FDRE                                         r  Sobel_design_i/sobel_0/inst/gy_3_reg_1506_reg[10]/C
                         clock pessimism              0.229    22.873    
                         clock uncertainty           -0.302    22.571    
    SLICE_X35Y76         FDRE (Setup_fdre_C_D)        0.062    22.633    Sobel_design_i/sobel_0/inst/gy_3_reg_1506_reg[10]
  -------------------------------------------------------------------
                         required time                         22.633    
                         arrival time                         -10.905    
  -------------------------------------------------------------------
                         slack                                 11.728    

Slack (MET) :             11.774ns  (required time - arrival time)
  Source:                 Sobel_design_i/sobel_0/inst/trunc_ln22_1_reg_1338_pp0_iter15_reg_reg[0]/C
                            (rising edge-triggered cell FDRE clocked by clk_fpga_0  {rise@0.000ns fall@10.000ns period=20.000ns})
  Destination:            Sobel_design_i/sobel_0/inst/gx_4_reg_1500_reg[9]/D
                            (rising edge-triggered cell FDRE clocked by clk_fpga_0  {rise@0.000ns fall@10.000ns period=20.000ns})
  Path Group:             clk_fpga_0
  Path Type:              Setup (Max at Slow Process Corner)
  Requirement:            20.000ns  (clk_fpga_0 rise@20.000ns - clk_fpga_0 rise@0.000ns)
  Data Path Delay:        7.887ns  (logic 2.828ns (35.855%)  route 5.059ns (64.145%))
  Logic Levels:           9  (CARRY4=4 LUT3=1 LUT4=2 LUT5=1 LUT6=1)
  Clock Path Skew:        -0.099ns (DCD - SCD + CPR)
    Destination Clock Delay (DCD):    2.643ns = ( 22.643 - 20.000 ) 
    Source Clock Delay      (SCD):    2.971ns
    Clock Pessimism Removal (CPR):    0.229ns
  Clock Uncertainty:      0.302ns  ((TSJ^2 + TIJ^2)^1/2 + DJ) / 2 + PE
    Total System Jitter     (TSJ):    0.071ns
    Total Input Jitter      (TIJ):    0.600ns
    Discrete Jitter          (DJ):    0.000ns
    Phase Error              (PE):    0.000ns

    Location             Delay type                Incr(ns)  Path(ns)    Netlist Resource(s)
  -------------------------------------------------------------------    -------------------
                         (clock clk_fpga_0 rise edge)
                                                      0.000     0.000 r  
    PS7_X0Y0             PS7                          0.000     0.000 r  Sobel_design_i/processing_system7_0/inst/PS7_i/FCLKCLK[0]
                         net (fo=1, routed)           1.193     1.193    Sobel_design_i/processing_system7_0/inst/FCLK_CLK_unbuffered[0]
    BUFGCTRL_X0Y16       BUFG (Prop_bufg_I_O)         0.101     1.294 r  Sobel_design_i/processing_system7_0/inst/buffer_fclk_clk_0.FCLK_CLK_0_BUFG/O
                         net (fo=2809, routed)        1.677     2.971    Sobel_design_i/sobel_0/inst/ap_clk
    SLICE_X27Y76         FDRE                                         r  Sobel_design_i/sobel_0/inst/trunc_ln22_1_reg_1338_pp0_iter15_reg_reg[0]/C
  -------------------------------------------------------------------    -------------------
    SLICE_X27Y76         FDRE (Prop_fdre_C_Q)         0.456     3.427 r  Sobel_design_i/sobel_0/inst/trunc_ln22_1_reg_1338_pp0_iter15_reg_reg[0]/Q
                         net (fo=58, routed)          1.665     5.092    Sobel_design_i/sobel_0/inst/line_buffer_U/gy_1_fu_930_p2_carry_i_7_0[0]
    SLICE_X32Y77         LUT5 (Prop_lut5_I0_O)        0.124     5.216 r  Sobel_design_i/sobel_0/inst/line_buffer_U/gy_1_fu_930_p2_carry_i_12/O
                         net (fo=3, routed)           1.190     6.406    Sobel_design_i/sobel_0/inst/line_buffer_U/dout_tmp[3]
    SLICE_X29Y75         LUT3 (Prop_lut3_I1_O)        0.124     6.530 r  Sobel_design_i/sobel_0/inst/line_buffer_U/gx_fu_954_p2_carry_i_3/O
                         net (fo=1, routed)           0.000     6.530    Sobel_design_i/sobel_0/inst/line_buffer_U_n_39
    SLICE_X29Y75         CARRY4 (Prop_carry4_S[3]_CO[3])
                                                      0.401     6.931 r  Sobel_design_i/sobel_0/inst/gx_fu_954_p2_carry/CO[3]
                         net (fo=1, routed)           0.000     6.931    Sobel_design_i/sobel_0/inst/gx_fu_954_p2_carry_n_0
    SLICE_X29Y76         CARRY4 (Prop_carry4_CI_O[3])
                                                      0.313     7.244 r  Sobel_design_i/sobel_0/inst/gx_fu_954_p2_carry__0/O[3]
                         net (fo=4, routed)           0.834     8.078    Sobel_design_i/sobel_0/inst/line_buffer_U/O[3]
    SLICE_X33Y77         LUT4 (Prop_lut4_I3_O)        0.306     8.384 r  Sobel_design_i/sobel_0/inst/line_buffer_U/gx_4_fu_1043_p2__0_carry__0_i_10/O
                         net (fo=2, routed)           0.721     9.105    Sobel_design_i/sobel_0/inst/line_buffer_U/gx_4_fu_1043_p2__0_carry__0_i_10_n_0
    SLICE_X33Y75         LUT4 (Prop_lut4_I3_O)        0.153     9.258 r  Sobel_design_i/sobel_0/inst/line_buffer_U/gx_4_fu_1043_p2__0_carry__0_i_1/O
                         net (fo=2, routed)           0.649     9.907    Sobel_design_i/sobel_0/inst/line_buffer_U/DI[2]
    SLICE_X33Y75         LUT6 (Prop_lut6_I2_O)        0.327    10.234 r  Sobel_design_i/sobel_0/inst/line_buffer_U/gx_4_fu_1043_p2__0_carry__0_i_5/O
                         net (fo=1, routed)           0.000    10.234    Sobel_design_i/sobel_0/inst/line_buffer_U_n_10
    SLICE_X33Y75         CARRY4 (Prop_carry4_S[3]_CO[3])
                                                      0.401    10.635 r  Sobel_design_i/sobel_0/inst/gx_4_fu_1043_p2__0_carry__0/CO[3]
                         net (fo=1, routed)           0.000    10.635    Sobel_design_i/sobel_0/inst/gx_4_fu_1043_p2__0_carry__0_n_0
    SLICE_X33Y76         CARRY4 (Prop_carry4_CI_O[0])
                                                      0.223    10.858 r  Sobel_design_i/sobel_0/inst/gx_4_fu_1043_p2__0_carry__1/O[0]
                         net (fo=1, routed)           0.000    10.858    Sobel_design_i/sobel_0/inst/gx_4_fu_1043_p2[9]
    SLICE_X33Y76         FDRE                                         r  Sobel_design_i/sobel_0/inst/gx_4_reg_1500_reg[9]/D
  -------------------------------------------------------------------    -------------------

                         (clock clk_fpga_0 rise edge)
                                                     20.000    20.000 r  
    PS7_X0Y0             PS7                          0.000    20.000 r  Sobel_design_i/processing_system7_0/inst/PS7_i/FCLKCLK[0]
                         net (fo=1, routed)           1.088    21.088    Sobel_design_i/processing_system7_0/inst/FCLK_CLK_unbuffered[0]
    BUFGCTRL_X0Y16       BUFG (Prop_bufg_I_O)         0.091    21.179 r  Sobel_design_i/processing_system7_0/inst/buffer_fclk_clk_0.FCLK_CLK_0_BUFG/O
                         net (fo=2809, routed)        1.464    22.643    Sobel_design_i/sobel_0/inst/ap_clk
    SLICE_X33Y76         FDRE                                         r  Sobel_design_i/sobel_0/inst/gx_4_reg_1500_reg[9]/C
                         clock pessimism              0.229    22.872    
                         clock uncertainty           -0.302    22.570    
    SLICE_X33Y76         FDRE (Setup_fdre_C_D)        0.062    22.632    Sobel_design_i/sobel_0/inst/gx_4_reg_1500_reg[9]
  -------------------------------------------------------------------
                         required time                         22.632    
                         arrival time                         -10.858    
  -------------------------------------------------------------------
                         slack                                 11.774    

Slack (MET) :             11.954ns  (required time - arrival time)
  Source:                 Sobel_design_i/sobel_0/inst/trunc_ln22_1_reg_1338_pp0_iter15_reg_reg[0]/C
                            (rising edge-triggered cell FDRE clocked by clk_fpga_0  {rise@0.000ns fall@10.000ns period=20.000ns})
  Destination:            Sobel_design_i/sobel_0/inst/gy_3_reg_1506_reg[9]/D
                            (rising edge-triggered cell FDRE clocked by clk_fpga_0  {rise@0.000ns fall@10.000ns period=20.000ns})
  Path Group:             clk_fpga_0
  Path Type:              Setup (Max at Slow Process Corner)
  Requirement:            20.000ns  (clk_fpga_0 rise@20.000ns - clk_fpga_0 rise@0.000ns)
  Data Path Delay:        7.708ns  (logic 2.361ns (30.632%)  route 5.347ns (69.368%))
  Logic Levels:           9  (CARRY4=3 LUT3=1 LUT4=2 LUT5=2 LUT6=1)
  Clock Path Skew:        -0.098ns (DCD - SCD + CPR)
    Destination Clock Delay (DCD):    2.644ns = ( 22.644 - 20.000 ) 
    Source Clock Delay      (SCD):    2.971ns
    Clock Pessimism Removal (CPR):    0.229ns
  Clock Uncertainty:      0.302ns  ((TSJ^2 + TIJ^2)^1/2 + DJ) / 2 + PE
    Total System Jitter     (TSJ):    0.071ns
    Total Input Jitter      (TIJ):    0.600ns
    Discrete Jitter          (DJ):    0.000ns
    Phase Error              (PE):    0.000ns

    Location             Delay type                Incr(ns)  Path(ns)    Netlist Resource(s)
  -------------------------------------------------------------------    -------------------
                         (clock clk_fpga_0 rise edge)
                                                      0.000     0.000 r  
    PS7_X0Y0             PS7                          0.000     0.000 r  Sobel_design_i/processing_system7_0/inst/PS7_i/FCLKCLK[0]
                         net (fo=1, routed)           1.193     1.193    Sobel_design_i/processing_system7_0/inst/FCLK_CLK_unbuffered[0]
    BUFGCTRL_X0Y16       BUFG (Prop_bufg_I_O)         0.101     1.294 r  Sobel_design_i/processing_system7_0/inst/buffer_fclk_clk_0.FCLK_CLK_0_BUFG/O
                         net (fo=2809, routed)        1.677     2.971    Sobel_design_i/sobel_0/inst/ap_clk
    SLICE_X27Y76         FDRE                                         r  Sobel_design_i/sobel_0/inst/trunc_ln22_1_reg_1338_pp0_iter15_reg_reg[0]/C
  -------------------------------------------------------------------    -------------------
    SLICE_X27Y76         FDRE (Prop_fdre_C_Q)         0.456     3.427 r  Sobel_design_i/sobel_0/inst/trunc_ln22_1_reg_1338_pp0_iter15_reg_reg[0]/Q
                         net (fo=58, routed)          1.497     4.924    Sobel_design_i/sobel_0/inst/trunc_ln22_1_reg_1338_pp0_iter15_reg[0]
    SLICE_X32Y77         LUT5 (Prop_lut5_I0_O)        0.124     5.048 r  Sobel_design_i/sobel_0/inst/gy_1_fu_930_p2_carry__0_i_19/O
                         net (fo=2, routed)           1.065     6.113    Sobel_design_i/sobel_0/inst/gy_1_fu_930_p2_carry__0_i_19_n_0
    SLICE_X28Y77         LUT4 (Prop_lut4_I3_O)        0.124     6.237 r  Sobel_design_i/sobel_0/inst/gy_1_fu_930_p2_carry__0_i_11/O
                         net (fo=3, routed)           0.651     6.887    Sobel_design_i/sobel_0/inst/line_buffer_U/p_1_in[2]
    SLICE_X28Y78         LUT3 (Prop_lut3_I0_O)        0.124     7.011 r  Sobel_design_i/sobel_0/inst/line_buffer_U/gy_1_fu_930_p2_carry__0_i_2/O
                         net (fo=2, routed)           0.712     7.724    Sobel_design_i/sobel_0/inst/line_buffer_U/trunc_ln22_1_reg_1338_pp0_iter15_reg_reg[1][2]
    SLICE_X31Y76         LUT4 (Prop_lut4_I3_O)        0.124     7.848 r  Sobel_design_i/sobel_0/inst/line_buffer_U/gy_1_fu_930_p2_carry__0_i_6/O
                         net (fo=1, routed)           0.000     7.848    Sobel_design_i/sobel_0/inst/line_buffer_U_n_28
    SLICE_X31Y76         CARRY4 (Prop_carry4_S[2]_O[2])
                                                      0.248     8.096 r  Sobel_design_i/sobel_0/inst/gy_1_fu_930_p2_carry__0/O[2]
                         net (fo=2, routed)           0.696     8.791    Sobel_design_i/sobel_0/inst/gy_1_fu_930_p2[6]
    SLICE_X34Y75         LUT5 (Prop_lut5_I4_O)        0.302     9.093 r  Sobel_design_i/sobel_0/inst/gy_3_fu_1090_p2__1_carry__0_i_1/O
                         net (fo=2, routed)           0.726     9.820    Sobel_design_i/sobel_0/inst/gy_3_fu_1090_p2__1_carry__0_i_1_n_0
    SLICE_X35Y75         LUT6 (Prop_lut6_I0_O)        0.124     9.944 r  Sobel_design_i/sobel_0/inst/gy_3_fu_1090_p2__1_carry__0_i_5/O
                         net (fo=1, routed)           0.000     9.944    Sobel_design_i/sobel_0/inst/gy_3_fu_1090_p2__1_carry__0_i_5_n_0
    SLICE_X35Y75         CARRY4 (Prop_carry4_S[3]_CO[3])
                                                      0.401    10.345 r  Sobel_design_i/sobel_0/inst/gy_3_fu_1090_p2__1_carry__0/CO[3]
                         net (fo=1, routed)           0.000    10.345    Sobel_design_i/sobel_0/inst/gy_3_fu_1090_p2__1_carry__0_n_0
    SLICE_X35Y76         CARRY4 (Prop_carry4_CI_O[1])
                                                      0.334    10.679 r  Sobel_design_i/sobel_0/inst/gy_3_fu_1090_p2__1_carry__1/O[1]
                         net (fo=1, routed)           0.000    10.679    Sobel_design_i/sobel_0/inst/gy_3_fu_1090_p2[9]
    SLICE_X35Y76         FDRE                                         r  Sobel_design_i/sobel_0/inst/gy_3_reg_1506_reg[9]/D
  -------------------------------------------------------------------    -------------------

                         (clock clk_fpga_0 rise edge)
                                                     20.000    20.000 r  
    PS7_X0Y0             PS7                          0.000    20.000 r  Sobel_design_i/processing_system7_0/inst/PS7_i/FCLKCLK[0]
                         net (fo=1, routed)           1.088    21.088    Sobel_design_i/processing_system7_0/inst/FCLK_CLK_unbuffered[0]
    BUFGCTRL_X0Y16       BUFG (Prop_bufg_I_O)         0.091    21.179 r  Sobel_design_i/processing_system7_0/inst/buffer_fclk_clk_0.FCLK_CLK_0_BUFG/O
                         net (fo=2809, routed)        1.465    22.644    Sobel_design_i/sobel_0/inst/ap_clk
    SLICE_X35Y76         FDRE                                         r  Sobel_design_i/sobel_0/inst/gy_3_reg_1506_reg[9]/C
                         clock pessimism              0.229    22.873    
                         clock uncertainty           -0.302    22.571    
    SLICE_X35Y76         FDRE (Setup_fdre_C_D)        0.062    22.633    Sobel_design_i/sobel_0/inst/gy_3_reg_1506_reg[9]
  -------------------------------------------------------------------
                         required time                         22.633    
                         arrival time                         -10.679    
  -------------------------------------------------------------------
                         slack                                 11.954    

Slack (MET) :             11.994ns  (required time - arrival time)
  Source:                 Sobel_design_i/sobel_0/inst/trunc_ln22_1_reg_1338_pp0_iter16_reg_reg[0]/C
                            (rising edge-triggered cell FDRE clocked by clk_fpga_0  {rise@0.000ns fall@10.000ns period=20.000ns})
  Destination:            Sobel_design_i/sobel_0/inst/add_ln52_reg_1512_reg[5]/D
                            (rising edge-triggered cell FDRE clocked by clk_fpga_0  {rise@0.000ns fall@10.000ns period=20.000ns})
  Path Group:             clk_fpga_0
  Path Type:              Setup (Max at Slow Process Corner)
  Requirement:            20.000ns  (clk_fpga_0 rise@20.000ns - clk_fpga_0 rise@0.000ns)
  Data Path Delay:        7.712ns  (logic 2.992ns (38.796%)  route 4.720ns (61.204%))
  Logic Levels:           8  (CARRY4=3 LUT2=1 LUT5=2 LUT6=2)
  Clock Path Skew:        -0.054ns (DCD - SCD + CPR)
    Destination Clock Delay (DCD):    2.643ns = ( 22.643 - 20.000 ) 
    Source Clock Delay      (SCD):    2.926ns
    Clock Pessimism Removal (CPR):    0.229ns
  Clock Uncertainty:      0.302ns  ((TSJ^2 + TIJ^2)^1/2 + DJ) / 2 + PE
    Total System Jitter     (TSJ):    0.071ns
    Total Input Jitter      (TIJ):    0.600ns
    Discrete Jitter          (DJ):    0.000ns
    Phase Error              (PE):    0.000ns

    Location             Delay type                Incr(ns)  Path(ns)    Netlist Resource(s)
  -------------------------------------------------------------------    -------------------
                         (clock clk_fpga_0 rise edge)
                                                      0.000     0.000 r  
    PS7_X0Y0             PS7                          0.000     0.000 r  Sobel_design_i/processing_system7_0/inst/PS7_i/FCLKCLK[0]
                         net (fo=1, routed)           1.193     1.193    Sobel_design_i/processing_system7_0/inst/FCLK_CLK_unbuffered[0]
    BUFGCTRL_X0Y16       BUFG (Prop_bufg_I_O)         0.101     1.294 r  Sobel_design_i/processing_system7_0/inst/buffer_fclk_clk_0.FCLK_CLK_0_BUFG/O
                         net (fo=2809, routed)        1.632     2.926    Sobel_design_i/sobel_0/inst/ap_clk
    SLICE_X36Y74         FDRE                                         r  Sobel_design_i/sobel_0/inst/trunc_ln22_1_reg_1338_pp0_iter16_reg_reg[0]/C
  -------------------------------------------------------------------    -------------------
    SLICE_X36Y74         FDRE (Prop_fdre_C_Q)         0.478     3.404 r  Sobel_design_i/sobel_0/inst/trunc_ln22_1_reg_1338_pp0_iter16_reg_reg[0]/Q
                         net (fo=8, routed)           0.694     4.098    Sobel_design_i/sobel_0/inst/trunc_ln22_1_reg_1338_pp0_iter16_reg[0]
    SLICE_X37Y74         LUT6 (Prop_lut6_I0_O)        0.301     4.399 r  Sobel_design_i/sobel_0/inst/add_ln52_reg_1512[3]_i_25/O
                         net (fo=2, routed)           0.796     5.196    Sobel_design_i/sobel_0/inst/add_ln52_reg_1512[3]_i_25_n_0
    SLICE_X38Y74         LUT2 (Prop_lut2_I1_O)        0.124     5.320 r  Sobel_design_i/sobel_0/inst/add_ln52_reg_1512[3]_i_21/O
                         net (fo=1, routed)           0.000     5.320    Sobel_design_i/sobel_0/inst/add_ln52_reg_1512[3]_i_21_n_0
    SLICE_X38Y74         CARRY4 (Prop_carry4_S[1]_O[2])
                                                      0.578     5.898 r  Sobel_design_i/sobel_0/inst/add_ln52_reg_1512_reg[3]_i_10/O[2]
                         net (fo=8, routed)           1.136     7.034    Sobel_design_i/sobel_0/inst/add_ln52_reg_1512_reg[3]_i_10_n_5
    SLICE_X42Y73         LUT6 (Prop_lut6_I1_O)        0.301     7.335 f  Sobel_design_i/sobel_0/inst/tmp_10_reg_1517[2]_i_15/O
                         net (fo=7, routed)           0.780     8.115    Sobel_design_i/sobel_0/inst/tmp_10_reg_1517[2]_i_15_n_0
    SLICE_X40Y75         LUT5 (Prop_lut5_I2_O)        0.124     8.239 f  Sobel_design_i/sobel_0/inst/add_ln52_reg_1512[7]_i_10/O
                         net (fo=19, routed)          0.816     9.055    Sobel_design_i/sobel_0/inst/add_ln52_reg_1512[7]_i_10_n_0
    SLICE_X42Y72         LUT5 (Prop_lut5_I2_O)        0.150     9.205 r  Sobel_design_i/sobel_0/inst/add_ln52_reg_1512[3]_i_3/O
                         net (fo=2, routed)           0.497     9.702    Sobel_design_i/sobel_0/inst/add_ln52_reg_1512[3]_i_3_n_0
    SLICE_X41Y72         CARRY4 (Prop_carry4_DI[2]_CO[3])
                                                      0.602    10.304 r  Sobel_design_i/sobel_0/inst/add_ln52_reg_1512_reg[3]_i_1/CO[3]
                         net (fo=1, routed)           0.000    10.304    Sobel_design_i/sobel_0/inst/add_ln52_reg_1512_reg[3]_i_1_n_0
    SLICE_X41Y73         CARRY4 (Prop_carry4_CI_O[1])
                                                      0.334    10.638 r  Sobel_design_i/sobel_0/inst/add_ln52_reg_1512_reg[7]_i_1/O[1]
                         net (fo=1, routed)           0.000    10.638    Sobel_design_i/sobel_0/inst/add_ln52_fu_1205_p2[5]
    SLICE_X41Y73         FDRE                                         r  Sobel_design_i/sobel_0/inst/add_ln52_reg_1512_reg[5]/D
  -------------------------------------------------------------------    -------------------

                         (clock clk_fpga_0 rise edge)
                                                     20.000    20.000 r  
    PS7_X0Y0             PS7                          0.000    20.000 r  Sobel_design_i/processing_system7_0/inst/PS7_i/FCLKCLK[0]
                         net (fo=1, routed)           1.088    21.088    Sobel_design_i/processing_system7_0/inst/FCLK_CLK_unbuffered[0]
    BUFGCTRL_X0Y16       BUFG (Prop_bufg_I_O)         0.091    21.179 r  Sobel_design_i/processing_system7_0/inst/buffer_fclk_clk_0.FCLK_CLK_0_BUFG/O
                         net (fo=2809, routed)        1.464    22.643    Sobel_design_i/sobel_0/inst/ap_clk
    SLICE_X41Y73         FDRE                                         r  Sobel_design_i/sobel_0/inst/add_ln52_reg_1512_reg[5]/C
                         clock pessimism              0.229    22.872    
                         clock uncertainty           -0.302    22.570    
    SLICE_X41Y73         FDRE (Setup_fdre_C_D)        0.062    22.632    Sobel_design_i/sobel_0/inst/add_ln52_reg_1512_reg[5]
  -------------------------------------------------------------------
                         required time                         22.632    
                         arrival time                         -10.638    
  -------------------------------------------------------------------
                         slack                                 11.994    

Slack (MET) :             12.015ns  (required time - arrival time)
  Source:                 Sobel_design_i/sobel_0/inst/trunc_ln22_1_reg_1338_pp0_iter16_reg_reg[0]/C
                            (rising edge-triggered cell FDRE clocked by clk_fpga_0  {rise@0.000ns fall@10.000ns period=20.000ns})
  Destination:            Sobel_design_i/sobel_0/inst/add_ln52_reg_1512_reg[7]/D
                            (rising edge-triggered cell FDRE clocked by clk_fpga_0  {rise@0.000ns fall@10.000ns period=20.000ns})
  Path Group:             clk_fpga_0
  Path Type:              Setup (Max at Slow Process Corner)
  Requirement:            20.000ns  (clk_fpga_0 rise@20.000ns - clk_fpga_0 rise@0.000ns)
  Data Path Delay:        7.691ns  (logic 2.971ns (38.628%)  route 4.720ns (61.372%))
  Logic Levels:           8  (CARRY4=3 LUT2=1 LUT5=2 LUT6=2)
  Clock Path Skew:        -0.054ns (DCD - SCD + CPR)
    Destination Clock Delay (DCD):    2.643ns = ( 22.643 - 20.000 ) 
    Source Clock Delay      (SCD):    2.926ns
    Clock Pessimism Removal (CPR):    0.229ns
  Clock Uncertainty:      0.302ns  ((TSJ^2 + TIJ^2)^1/2 + DJ) / 2 + PE
    Total System Jitter     (TSJ):    0.071ns
    Total Input Jitter      (TIJ):    0.600ns
    Discrete Jitter          (DJ):    0.000ns
    Phase Error              (PE):    0.000ns

    Location             Delay type                Incr(ns)  Path(ns)    Netlist Resource(s)
  -------------------------------------------------------------------    -------------------
                         (clock clk_fpga_0 rise edge)
                                                      0.000     0.000 r  
    PS7_X0Y0             PS7                          0.000     0.000 r  Sobel_design_i/processing_system7_0/inst/PS7_i/FCLKCLK[0]
                         net (fo=1, routed)           1.193     1.193    Sobel_design_i/processing_system7_0/inst/FCLK_CLK_unbuffered[0]
    BUFGCTRL_X0Y16       BUFG (Prop_bufg_I_O)         0.101     1.294 r  Sobel_design_i/processing_system7_0/inst/buffer_fclk_clk_0.FCLK_CLK_0_BUFG/O
                         net (fo=2809, routed)        1.632     2.926    Sobel_design_i/sobel_0/inst/ap_clk
    SLICE_X36Y74         FDRE                                         r  Sobel_design_i/sobel_0/inst/trunc_ln22_1_reg_1338_pp0_iter16_reg_reg[0]/C
  -------------------------------------------------------------------    -------------------
    SLICE_X36Y74         FDRE (Prop_fdre_C_Q)         0.478     3.404 r  Sobel_design_i/sobel_0/inst/trunc_ln22_1_reg_1338_pp0_iter16_reg_reg[0]/Q
                         net (fo=8, routed)           0.694     4.098    Sobel_design_i/sobel_0/inst/trunc_ln22_1_reg_1338_pp0_iter16_reg[0]
    SLICE_X37Y74         LUT6 (Prop_lut6_I0_O)        0.301     4.399 r  Sobel_design_i/sobel_0/inst/add_ln52_reg_1512[3]_i_25/O
                         net (fo=2, routed)           0.796     5.196    Sobel_design_i/sobel_0/inst/add_ln52_reg_1512[3]_i_25_n_0
    SLICE_X38Y74         LUT2 (Prop_lut2_I1_O)        0.124     5.320 r  Sobel_design_i/sobel_0/inst/add_ln52_reg_1512[3]_i_21/O
                         net (fo=1, routed)           0.000     5.320    Sobel_design_i/sobel_0/inst/add_ln52_reg_1512[3]_i_21_n_0
    SLICE_X38Y74         CARRY4 (Prop_carry4_S[1]_O[2])
                                                      0.578     5.898 r  Sobel_design_i/sobel_0/inst/add_ln52_reg_1512_reg[3]_i_10/O[2]
                         net (fo=8, routed)           1.136     7.034    Sobel_design_i/sobel_0/inst/add_ln52_reg_1512_reg[3]_i_10_n_5
    SLICE_X42Y73         LUT6 (Prop_lut6_I1_O)        0.301     7.335 f  Sobel_design_i/sobel_0/inst/tmp_10_reg_1517[2]_i_15/O
                         net (fo=7, routed)           0.780     8.115    Sobel_design_i/sobel_0/inst/tmp_10_reg_1517[2]_i_15_n_0
    SLICE_X40Y75         LUT5 (Prop_lut5_I2_O)        0.124     8.239 f  Sobel_design_i/sobel_0/inst/add_ln52_reg_1512[7]_i_10/O
                         net (fo=19, routed)          0.816     9.055    Sobel_design_i/sobel_0/inst/add_ln52_reg_1512[7]_i_10_n_0
    SLICE_X42Y72         LUT5 (Prop_lut5_I2_O)        0.150     9.205 r  Sobel_design_i/sobel_0/inst/add_ln52_reg_1512[3]_i_3/O
                         net (fo=2, routed)           0.497     9.702    Sobel_design_i/sobel_0/inst/add_ln52_reg_1512[3]_i_3_n_0
    SLICE_X41Y72         CARRY4 (Prop_carry4_DI[2]_CO[3])
                                                      0.602    10.304 r  Sobel_design_i/sobel_0/inst/add_ln52_reg_1512_reg[3]_i_1/CO[3]
                         net (fo=1, routed)           0.000    10.304    Sobel_design_i/sobel_0/inst/add_ln52_reg_1512_reg[3]_i_1_n_0
    SLICE_X41Y73         CARRY4 (Prop_carry4_CI_O[3])
                                                      0.313    10.617 r  Sobel_design_i/sobel_0/inst/add_ln52_reg_1512_reg[7]_i_1/O[3]
                         net (fo=1, routed)           0.000    10.617    Sobel_design_i/sobel_0/inst/add_ln52_fu_1205_p2[7]
    SLICE_X41Y73         FDRE                                         r  Sobel_design_i/sobel_0/inst/add_ln52_reg_1512_reg[7]/D
  -------------------------------------------------------------------    -------------------

                         (clock clk_fpga_0 rise edge)
                                                     20.000    20.000 r  
    PS7_X0Y0             PS7                          0.000    20.000 r  Sobel_design_i/processing_system7_0/inst/PS7_i/FCLKCLK[0]
                         net (fo=1, routed)           1.088    21.088    Sobel_design_i/processing_system7_0/inst/FCLK_CLK_unbuffered[0]
    BUFGCTRL_X0Y16       BUFG (Prop_bufg_I_O)         0.091    21.179 r  Sobel_design_i/processing_system7_0/inst/buffer_fclk_clk_0.FCLK_CLK_0_BUFG/O
                         net (fo=2809, routed)        1.464    22.643    Sobel_design_i/sobel_0/inst/ap_clk
    SLICE_X41Y73         FDRE                                         r  Sobel_design_i/sobel_0/inst/add_ln52_reg_1512_reg[7]/C
                         clock pessimism              0.229    22.872    
                         clock uncertainty           -0.302    22.570    
    SLICE_X41Y73         FDRE (Setup_fdre_C_D)        0.062    22.632    Sobel_design_i/sobel_0/inst/add_ln52_reg_1512_reg[7]
  -------------------------------------------------------------------
                         required time                         22.632    
                         arrival time                         -10.617    
  -------------------------------------------------------------------
                         slack                                 12.015    

Slack (MET) :             12.033ns  (required time - arrival time)
  Source:                 Sobel_design_i/sobel_0/inst/trunc_ln22_1_reg_1338_pp0_iter16_reg_reg[0]/C
                            (rising edge-triggered cell FDRE clocked by clk_fpga_0  {rise@0.000ns fall@10.000ns period=20.000ns})
  Destination:            Sobel_design_i/sobel_0/inst/tmp_10_reg_1517_reg[1]/D
                            (rising edge-triggered cell FDRE clocked by clk_fpga_0  {rise@0.000ns fall@10.000ns period=20.000ns})
  Path Group:             clk_fpga_0
  Path Type:              Setup (Max at Slow Process Corner)
  Requirement:            20.000ns  (clk_fpga_0 rise@20.000ns - clk_fpga_0 rise@0.000ns)
  Data Path Delay:        7.671ns  (logic 3.106ns (40.489%)  route 4.565ns (59.511%))
  Logic Levels:           9  (CARRY4=4 LUT2=1 LUT5=2 LUT6=2)
  Clock Path Skew:        -0.056ns (DCD - SCD + CPR)
    Destination Clock Delay (DCD):    2.641ns = ( 22.641 - 20.000 ) 
    Source Clock Delay      (SCD):    2.926ns
    Clock Pessimism Removal (CPR):    0.229ns
  Clock Uncertainty:      0.302ns  ((TSJ^2 + TIJ^2)^1/2 + DJ) / 2 + PE
    Total System Jitter     (TSJ):    0.071ns
    Total Input Jitter      (TIJ):    0.600ns
    Discrete Jitter          (DJ):    0.000ns
    Phase Error              (PE):    0.000ns

    Location             Delay type                Incr(ns)  Path(ns)    Netlist Resource(s)
  -------------------------------------------------------------------    -------------------
                         (clock clk_fpga_0 rise edge)
                                                      0.000     0.000 r  
    PS7_X0Y0             PS7                          0.000     0.000 r  Sobel_design_i/processing_system7_0/inst/PS7_i/FCLKCLK[0]
                         net (fo=1, routed)           1.193     1.193    Sobel_design_i/processing_system7_0/inst/FCLK_CLK_unbuffered[0]
    BUFGCTRL_X0Y16       BUFG (Prop_bufg_I_O)         0.101     1.294 r  Sobel_design_i/processing_system7_0/inst/buffer_fclk_clk_0.FCLK_CLK_0_BUFG/O
                         net (fo=2809, routed)        1.632     2.926    Sobel_design_i/sobel_0/inst/ap_clk
    SLICE_X36Y74         FDRE                                         r  Sobel_design_i/sobel_0/inst/trunc_ln22_1_reg_1338_pp0_iter16_reg_reg[0]/C
  -------------------------------------------------------------------    -------------------
    SLICE_X36Y74         FDRE (Prop_fdre_C_Q)         0.478     3.404 r  Sobel_design_i/sobel_0/inst/trunc_ln22_1_reg_1338_pp0_iter16_reg_reg[0]/Q
                         net (fo=8, routed)           0.694     4.098    Sobel_design_i/sobel_0/inst/trunc_ln22_1_reg_1338_pp0_iter16_reg[0]
    SLICE_X37Y74         LUT6 (Prop_lut6_I0_O)        0.301     4.399 r  Sobel_design_i/sobel_0/inst/add_ln52_reg_1512[3]_i_25/O
                         net (fo=2, routed)           0.796     5.196    Sobel_design_i/sobel_0/inst/add_ln52_reg_1512[3]_i_25_n_0
    SLICE_X38Y74         LUT2 (Prop_lut2_I1_O)        0.124     5.320 r  Sobel_design_i/sobel_0/inst/add_ln52_reg_1512[3]_i_21/O
                         net (fo=1, routed)           0.000     5.320    Sobel_design_i/sobel_0/inst/add_ln52_reg_1512[3]_i_21_n_0
    SLICE_X38Y74         CARRY4 (Prop_carry4_S[1]_O[2])
                                                      0.578     5.898 r  Sobel_design_i/sobel_0/inst/add_ln52_reg_1512_reg[3]_i_10/O[2]
                         net (fo=8, routed)           1.136     7.034    Sobel_design_i/sobel_0/inst/add_ln52_reg_1512_reg[3]_i_10_n_5
    SLICE_X42Y73         LUT6 (Prop_lut6_I1_O)        0.301     7.335 f  Sobel_design_i/sobel_0/inst/tmp_10_reg_1517[2]_i_15/O
                         net (fo=7, routed)           0.780     8.115    Sobel_design_i/sobel_0/inst/tmp_10_reg_1517[2]_i_15_n_0
    SLICE_X40Y75         LUT5 (Prop_lut5_I2_O)        0.124     8.239 f  Sobel_design_i/sobel_0/inst/add_ln52_reg_1512[7]_i_10/O
                         net (fo=19, routed)          0.816     9.055    Sobel_design_i/sobel_0/inst/add_ln52_reg_1512[7]_i_10_n_0
    SLICE_X42Y72         LUT5 (Prop_lut5_I2_O)        0.150     9.205 r  Sobel_design_i/sobel_0/inst/add_ln52_reg_1512[3]_i_3/O
                         net (fo=2, routed)           0.342     9.547    Sobel_design_i/sobel_0/inst/add_ln52_reg_1512[3]_i_3_n_0
    SLICE_X40Y72         CARRY4 (Prop_carry4_DI[2]_CO[3])
                                                      0.602    10.149 r  Sobel_design_i/sobel_0/inst/add_ln52_reg_1512_reg[0]_i_1/CO[3]
                         net (fo=1, routed)           0.000    10.149    Sobel_design_i/sobel_0/inst/add_ln52_reg_1512_reg[0]_i_1_n_0
    SLICE_X40Y73         CARRY4 (Prop_carry4_CI_CO[3])
                                                      0.114    10.263 r  Sobel_design_i/sobel_0/inst/tmp_10_reg_1517_reg[2]_i_2/CO[3]
                         net (fo=1, routed)           0.000    10.263    Sobel_design_i/sobel_0/inst/tmp_10_reg_1517_reg[2]_i_2_n_0
    SLICE_X40Y74         CARRY4 (Prop_carry4_CI_O[1])
                                                      0.334    10.597 r  Sobel_design_i/sobel_0/inst/tmp_10_reg_1517_reg[2]_i_1/O[1]
                         net (fo=1, routed)           0.000    10.597    Sobel_design_i/sobel_0/inst/p_0_in1_in[1]
    SLICE_X40Y74         FDRE                                         r  Sobel_design_i/sobel_0/inst/tmp_10_reg_1517_reg[1]/D
  -------------------------------------------------------------------    -------------------

                         (clock clk_fpga_0 rise edge)
                                                     20.000    20.000 r  
    PS7_X0Y0             PS7                          0.000    20.000 r  Sobel_design_i/processing_system7_0/inst/PS7_i/FCLKCLK[0]
                         net (fo=1, routed)           1.088    21.088    Sobel_design_i/processing_system7_0/inst/FCLK_CLK_unbuffered[0]
    BUFGCTRL_X0Y16       BUFG (Prop_bufg_I_O)         0.091    21.179 r  Sobel_design_i/processing_system7_0/inst/buffer_fclk_clk_0.FCLK_CLK_0_BUFG/O
                         net (fo=2809, routed)        1.462    22.641    Sobel_design_i/sobel_0/inst/ap_clk
    SLICE_X40Y74         FDRE                                         r  Sobel_design_i/sobel_0/inst/tmp_10_reg_1517_reg[1]/C
                         clock pessimism              0.229    22.870    
                         clock uncertainty           -0.302    22.568    
    SLICE_X40Y74         FDRE (Setup_fdre_C_D)        0.062    22.630    Sobel_design_i/sobel_0/inst/tmp_10_reg_1517_reg[1]
  -------------------------------------------------------------------
                         required time                         22.630    
                         arrival time                         -10.597    
  -------------------------------------------------------------------
                         slack                                 12.033    

Slack (MET) :             12.065ns  (required time - arrival time)
  Source:                 Sobel_design_i/sobel_0/inst/trunc_ln22_1_reg_1338_pp0_iter15_reg_reg[0]/C
                            (rising edge-triggered cell FDRE clocked by clk_fpga_0  {rise@0.000ns fall@10.000ns period=20.000ns})
  Destination:            Sobel_design_i/sobel_0/inst/gy_3_reg_1506_reg[8]/D
                            (rising edge-triggered cell FDRE clocked by clk_fpga_0  {rise@0.000ns fall@10.000ns period=20.000ns})
  Path Group:             clk_fpga_0
  Path Type:              Setup (Max at Slow Process Corner)
  Requirement:            20.000ns  (clk_fpga_0 rise@20.000ns - clk_fpga_0 rise@0.000ns)
  Data Path Delay:        7.597ns  (logic 2.250ns (29.619%)  route 5.347ns (70.381%))
  Logic Levels:           9  (CARRY4=3 LUT3=1 LUT4=2 LUT5=2 LUT6=1)
  Clock Path Skew:        -0.098ns (DCD - SCD + CPR)
    Destination Clock Delay (DCD):    2.644ns = ( 22.644 - 20.000 ) 
    Source Clock Delay      (SCD):    2.971ns
    Clock Pessimism Removal (CPR):    0.229ns
  Clock Uncertainty:      0.302ns  ((TSJ^2 + TIJ^2)^1/2 + DJ) / 2 + PE
    Total System Jitter     (TSJ):    0.071ns
    Total Input Jitter      (TIJ):    0.600ns
    Discrete Jitter          (DJ):    0.000ns
    Phase Error              (PE):    0.000ns

    Location             Delay type                Incr(ns)  Path(ns)    Netlist Resource(s)
  -------------------------------------------------------------------    -------------------
                         (clock clk_fpga_0 rise edge)
                                                      0.000     0.000 r  
    PS7_X0Y0             PS7                          0.000     0.000 r  Sobel_design_i/processing_system7_0/inst/PS7_i/FCLKCLK[0]
                         net (fo=1, routed)           1.193     1.193    Sobel_design_i/processing_system7_0/inst/FCLK_CLK_unbuffered[0]
    BUFGCTRL_X0Y16       BUFG (Prop_bufg_I_O)         0.101     1.294 r  Sobel_design_i/processing_system7_0/inst/buffer_fclk_clk_0.FCLK_CLK_0_BUFG/O
                         net (fo=2809, routed)        1.677     2.971    Sobel_design_i/sobel_0/inst/ap_clk
    SLICE_X27Y76         FDRE                                         r  Sobel_design_i/sobel_0/inst/trunc_ln22_1_reg_1338_pp0_iter15_reg_reg[0]/C
  -------------------------------------------------------------------    -------------------
    SLICE_X27Y76         FDRE (Prop_fdre_C_Q)         0.456     3.427 r  Sobel_design_i/sobel_0/inst/trunc_ln22_1_reg_1338_pp0_iter15_reg_reg[0]/Q
                         net (fo=58, routed)          1.497     4.924    Sobel_design_i/sobel_0/inst/trunc_ln22_1_reg_1338_pp0_iter15_reg[0]
    SLICE_X32Y77         LUT5 (Prop_lut5_I0_O)        0.124     5.048 r  Sobel_design_i/sobel_0/inst/gy_1_fu_930_p2_carry__0_i_19/O
                         net (fo=2, routed)           1.065     6.113    Sobel_design_i/sobel_0/inst/gy_1_fu_930_p2_carry__0_i_19_n_0
    SLICE_X28Y77         LUT4 (Prop_lut4_I3_O)        0.124     6.237 r  Sobel_design_i/sobel_0/inst/gy_1_fu_930_p2_carry__0_i_11/O
                         net (fo=3, routed)           0.651     6.887    Sobel_design_i/sobel_0/inst/line_buffer_U/p_1_in[2]
    SLICE_X28Y78         LUT3 (Prop_lut3_I0_O)        0.124     7.011 r  Sobel_design_i/sobel_0/inst/line_buffer_U/gy_1_fu_930_p2_carry__0_i_2/O
                         net (fo=2, routed)           0.712     7.724    Sobel_design_i/sobel_0/inst/line_buffer_U/trunc_ln22_1_reg_1338_pp0_iter15_reg_reg[1][2]
    SLICE_X31Y76         LUT4 (Prop_lut4_I3_O)        0.124     7.848 r  Sobel_design_i/sobel_0/inst/line_buffer_U/gy_1_fu_930_p2_carry__0_i_6/O
                         net (fo=1, routed)           0.000     7.848    Sobel_design_i/sobel_0/inst/line_buffer_U_n_28
    SLICE_X31Y76         CARRY4 (Prop_carry4_S[2]_O[2])
                                                      0.248     8.096 r  Sobel_design_i/sobel_0/inst/gy_1_fu_930_p2_carry__0/O[2]
                         net (fo=2, routed)           0.696     8.791    Sobel_design_i/sobel_0/inst/gy_1_fu_930_p2[6]
    SLICE_X34Y75         LUT5 (Prop_lut5_I4_O)        0.302     9.093 r  Sobel_design_i/sobel_0/inst/gy_3_fu_1090_p2__1_carry__0_i_1/O
                         net (fo=2, routed)           0.726     9.820    Sobel_design_i/sobel_0/inst/gy_3_fu_1090_p2__1_carry__0_i_1_n_0
    SLICE_X35Y75         LUT6 (Prop_lut6_I0_O)        0.124     9.944 r  Sobel_design_i/sobel_0/inst/gy_3_fu_1090_p2__1_carry__0_i_5/O
                         net (fo=1, routed)           0.000     9.944    Sobel_design_i/sobel_0/inst/gy_3_fu_1090_p2__1_carry__0_i_5_n_0
    SLICE_X35Y75         CARRY4 (Prop_carry4_S[3]_CO[3])
                                                      0.401    10.345 r  Sobel_design_i/sobel_0/inst/gy_3_fu_1090_p2__1_carry__0/CO[3]
                         net (fo=1, routed)           0.000    10.345    Sobel_design_i/sobel_0/inst/gy_3_fu_1090_p2__1_carry__0_n_0
    SLICE_X35Y76         CARRY4 (Prop_carry4_CI_O[0])
                                                      0.223    10.568 r  Sobel_design_i/sobel_0/inst/gy_3_fu_1090_p2__1_carry__1/O[0]
                         net (fo=1, routed)           0.000    10.568    Sobel_design_i/sobel_0/inst/gy_3_fu_1090_p2[8]
    SLICE_X35Y76         FDRE                                         r  Sobel_design_i/sobel_0/inst/gy_3_reg_1506_reg[8]/D
  -------------------------------------------------------------------    -------------------

                         (clock clk_fpga_0 rise edge)
                                                     20.000    20.000 r  
    PS7_X0Y0             PS7                          0.000    20.000 r  Sobel_design_i/processing_system7_0/inst/PS7_i/FCLKCLK[0]
                         net (fo=1, routed)           1.088    21.088    Sobel_design_i/processing_system7_0/inst/FCLK_CLK_unbuffered[0]
    BUFGCTRL_X0Y16       BUFG (Prop_bufg_I_O)         0.091    21.179 r  Sobel_design_i/processing_system7_0/inst/buffer_fclk_clk_0.FCLK_CLK_0_BUFG/O
                         net (fo=2809, routed)        1.465    22.644    Sobel_design_i/sobel_0/inst/ap_clk
    SLICE_X35Y76         FDRE                                         r  Sobel_design_i/sobel_0/inst/gy_3_reg_1506_reg[8]/C
                         clock pessimism              0.229    22.873    
                         clock uncertainty           -0.302    22.571    
    SLICE_X35Y76         FDRE (Setup_fdre_C_D)        0.062    22.633    Sobel_design_i/sobel_0/inst/gy_3_reg_1506_reg[8]
  -------------------------------------------------------------------
                         required time                         22.633    
                         arrival time                         -10.568    
  -------------------------------------------------------------------
                         slack                                 12.065    

Slack (MET) :             12.089ns  (required time - arrival time)
  Source:                 Sobel_design_i/sobel_0/inst/trunc_ln22_1_reg_1338_pp0_iter16_reg_reg[0]/C
                            (rising edge-triggered cell FDRE clocked by clk_fpga_0  {rise@0.000ns fall@10.000ns period=20.000ns})
  Destination:            Sobel_design_i/sobel_0/inst/add_ln52_reg_1512_reg[6]/D
                            (rising edge-triggered cell FDRE clocked by clk_fpga_0  {rise@0.000ns fall@10.000ns period=20.000ns})
  Path Group:             clk_fpga_0
  Path Type:              Setup (Max at Slow Process Corner)
  Requirement:            20.000ns  (clk_fpga_0 rise@20.000ns - clk_fpga_0 rise@0.000ns)
  Data Path Delay:        7.617ns  (logic 2.897ns (38.032%)  route 4.720ns (61.968%))
  Logic Levels:           8  (CARRY4=3 LUT2=1 LUT5=2 LUT6=2)
  Clock Path Skew:        -0.054ns (DCD - SCD + CPR)
    Destination Clock Delay (DCD):    2.643ns = ( 22.643 - 20.000 ) 
    Source Clock Delay      (SCD):    2.926ns
    Clock Pessimism Removal (CPR):    0.229ns
  Clock Uncertainty:      0.302ns  ((TSJ^2 + TIJ^2)^1/2 + DJ) / 2 + PE
    Total System Jitter     (TSJ):    0.071ns
    Total Input Jitter      (TIJ):    0.600ns
    Discrete Jitter          (DJ):    0.000ns
    Phase Error              (PE):    0.000ns

    Location             Delay type                Incr(ns)  Path(ns)    Netlist Resource(s)
  -------------------------------------------------------------------    -------------------
                         (clock clk_fpga_0 rise edge)
                                                      0.000     0.000 r  
    PS7_X0Y0             PS7                          0.000     0.000 r  Sobel_design_i/processing_system7_0/inst/PS7_i/FCLKCLK[0]
                         net (fo=1, routed)           1.193     1.193    Sobel_design_i/processing_system7_0/inst/FCLK_CLK_unbuffered[0]
    BUFGCTRL_X0Y16       BUFG (Prop_bufg_I_O)         0.101     1.294 r  Sobel_design_i/processing_system7_0/inst/buffer_fclk_clk_0.FCLK_CLK_0_BUFG/O
                         net (fo=2809, routed)        1.632     2.926    Sobel_design_i/sobel_0/inst/ap_clk
    SLICE_X36Y74         FDRE                                         r  Sobel_design_i/sobel_0/inst/trunc_ln22_1_reg_1338_pp0_iter16_reg_reg[0]/C
  -------------------------------------------------------------------    -------------------
    SLICE_X36Y74         FDRE (Prop_fdre_C_Q)         0.478     3.404 r  Sobel_design_i/sobel_0/inst/trunc_ln22_1_reg_1338_pp0_iter16_reg_reg[0]/Q
                         net (fo=8, routed)           0.694     4.098    Sobel_design_i/sobel_0/inst/trunc_ln22_1_reg_1338_pp0_iter16_reg[0]
    SLICE_X37Y74         LUT6 (Prop_lut6_I0_O)        0.301     4.399 r  Sobel_design_i/sobel_0/inst/add_ln52_reg_1512[3]_i_25/O
                         net (fo=2, routed)           0.796     5.196    Sobel_design_i/sobel_0/inst/add_ln52_reg_1512[3]_i_25_n_0
    SLICE_X38Y74         LUT2 (Prop_lut2_I1_O)        0.124     5.320 r  Sobel_design_i/sobel_0/inst/add_ln52_reg_1512[3]_i_21/O
                         net (fo=1, routed)           0.000     5.320    Sobel_design_i/sobel_0/inst/add_ln52_reg_1512[3]_i_21_n_0
    SLICE_X38Y74         CARRY4 (Prop_carry4_S[1]_O[2])
                                                      0.578     5.898 r  Sobel_design_i/sobel_0/inst/add_ln52_reg_1512_reg[3]_i_10/O[2]
                         net (fo=8, routed)           1.136     7.034    Sobel_design_i/sobel_0/inst/add_ln52_reg_1512_reg[3]_i_10_n_5
    SLICE_X42Y73         LUT6 (Prop_lut6_I1_O)        0.301     7.335 f  Sobel_design_i/sobel_0/inst/tmp_10_reg_1517[2]_i_15/O
                         net (fo=7, routed)           0.780     8.115    Sobel_design_i/sobel_0/inst/tmp_10_reg_1517[2]_i_15_n_0
    SLICE_X40Y75         LUT5 (Prop_lut5_I2_O)        0.124     8.239 f  Sobel_design_i/sobel_0/inst/add_ln52_reg_1512[7]_i_10/O
                         net (fo=19, routed)          0.816     9.055    Sobel_design_i/sobel_0/inst/add_ln52_reg_1512[7]_i_10_n_0
    SLICE_X42Y72         LUT5 (Prop_lut5_I2_O)        0.150     9.205 r  Sobel_design_i/sobel_0/inst/add_ln52_reg_1512[3]_i_3/O
                         net (fo=2, routed)           0.497     9.702    Sobel_design_i/sobel_0/inst/add_ln52_reg_1512[3]_i_3_n_0
    SLICE_X41Y72         CARRY4 (Prop_carry4_DI[2]_CO[3])
                                                      0.602    10.304 r  Sobel_design_i/sobel_0/inst/add_ln52_reg_1512_reg[3]_i_1/CO[3]
                         net (fo=1, routed)           0.000    10.304    Sobel_design_i/sobel_0/inst/add_ln52_reg_1512_reg[3]_i_1_n_0
    SLICE_X41Y73         CARRY4 (Prop_carry4_CI_O[2])
                                                      0.239    10.543 r  Sobel_design_i/sobel_0/inst/add_ln52_reg_1512_reg[7]_i_1/O[2]
                         net (fo=1, routed)           0.000    10.543    Sobel_design_i/sobel_0/inst/add_ln52_fu_1205_p2[6]
    SLICE_X41Y73         FDRE                                         r  Sobel_design_i/sobel_0/inst/add_ln52_reg_1512_reg[6]/D
  -------------------------------------------------------------------    -------------------

                         (clock clk_fpga_0 rise edge)
                                                     20.000    20.000 r  
    PS7_X0Y0             PS7                          0.000    20.000 r  Sobel_design_i/processing_system7_0/inst/PS7_i/FCLKCLK[0]
                         net (fo=1, routed)           1.088    21.088    Sobel_design_i/processing_system7_0/inst/FCLK_CLK_unbuffered[0]
    BUFGCTRL_X0Y16       BUFG (Prop_bufg_I_O)         0.091    21.179 r  Sobel_design_i/processing_system7_0/inst/buffer_fclk_clk_0.FCLK_CLK_0_BUFG/O
                         net (fo=2809, routed)        1.464    22.643    Sobel_design_i/sobel_0/inst/ap_clk
    SLICE_X41Y73         FDRE                                         r  Sobel_design_i/sobel_0/inst/add_ln52_reg_1512_reg[6]/C
                         clock pessimism              0.229    22.872    
                         clock uncertainty           -0.302    22.570    
    SLICE_X41Y73         FDRE (Setup_fdre_C_D)        0.062    22.632    Sobel_design_i/sobel_0/inst/add_ln52_reg_1512_reg[6]
  -------------------------------------------------------------------
                         required time                         22.632    
                         arrival time                         -10.543    
  -------------------------------------------------------------------
                         slack                                 12.089    





Min Delay Paths
--------------------------------------------------------------------------------------
Slack (MET) :             0.023ns  (arrival time - required time)
  Source:                 <hidden>
                            (rising edge-triggered cell FDRE clocked by clk_fpga_0  {rise@0.000ns fall@10.000ns period=20.000ns})
  Destination:            <hidden>
                            (rising edge-triggered cell FDRE clocked by clk_fpga_0  {rise@0.000ns fall@10.000ns period=20.000ns})
  Path Group:             clk_fpga_0
  Path Type:              Hold (Min at Fast Process Corner)
  Requirement:            0.000ns  (clk_fpga_0 rise@0.000ns - clk_fpga_0 rise@0.000ns)
  Data Path Delay:        0.337ns  (logic 0.189ns (56.143%)  route 0.148ns (43.857%))
  Logic Levels:           1  (LUT3=1)
  Clock Path Skew:        0.183ns (DCD - SCD - CPR)
    Destination Clock Delay (DCD):    1.210ns
    Source Clock Delay      (SCD):    0.992ns
    Clock Pessimism Removal (CPR):    0.035ns

    Location             Delay type                Incr(ns)  Path(ns)    Netlist Resource(s)
  -------------------------------------------------------------------    -------------------
                         (clock clk_fpga_0 rise edge)
                                                      0.000     0.000 r  
    PS7_X0Y0             PS7                          0.000     0.000 r  Sobel_design_i/processing_system7_0/inst/PS7_i/FCLKCLK[0]
                         net (fo=1, routed)           0.310     0.310    Sobel_design_i/processing_system7_0/inst/FCLK_CLK_unbuffered[0]
    BUFGCTRL_X0Y16       BUFG (Prop_bufg_I_O)         0.026     0.336 r  Sobel_design_i/processing_system7_0/inst/buffer_fclk_clk_0.FCLK_CLK_0_BUFG/O
                         net (fo=2809, routed)        0.656     0.992    <hidden>
    SLICE_X27Y100        FDRE                                         r  <hidden>
  -------------------------------------------------------------------    -------------------
    SLICE_X27Y100        FDRE (Prop_fdre_C_Q)         0.141     1.133 r  <hidden>
                         net (fo=1, routed)           0.148     1.281    <hidden>
    SLICE_X26Y99         LUT3 (Prop_lut3_I0_O)        0.048     1.329 r  <hidden>
                         net (fo=1, routed)           0.000     1.329    <hidden>
    SLICE_X26Y99         FDRE                                         r  <hidden>
  -------------------------------------------------------------------    -------------------

                         (clock clk_fpga_0 rise edge)
                                                      0.000     0.000 r  
    PS7_X0Y0             PS7                          0.000     0.000 r  Sobel_design_i/processing_system7_0/inst/PS7_i/FCLKCLK[0]
                         net (fo=1, routed)           0.337     0.337    Sobel_design_i/processing_system7_0/inst/FCLK_CLK_unbuffered[0]
    BUFGCTRL_X0Y16       BUFG (Prop_bufg_I_O)         0.029     0.366 r  Sobel_design_i/processing_system7_0/inst/buffer_fclk_clk_0.FCLK_CLK_0_BUFG/O
                         net (fo=2809, routed)        0.844     1.210    <hidden>
    SLICE_X26Y99         FDRE                                         r  <hidden>
                         clock pessimism             -0.035     1.175    
    SLICE_X26Y99         FDRE (Hold_fdre_C_D)         0.131     1.306    <hidden>
  -------------------------------------------------------------------
                         required time                         -1.306    
                         arrival time                           1.329    
  -------------------------------------------------------------------
                         slack                                  0.023    

Slack (MET) :             0.041ns  (arrival time - required time)
  Source:                 Sobel_design_i/axi_dma_0/U0/I_PRMRY_DATAMOVER/GEN_S2MM_FULL.I_S2MM_FULL_WRAPPER/I_CMD_STATUS/I_CMD_FIFO/USE_SINGLE_REG.sig_regfifo_dout_reg_reg[26]/C
                            (rising edge-triggered cell FDRE clocked by clk_fpga_0  {rise@0.000ns fall@10.000ns period=20.000ns})
  Destination:            Sobel_design_i/axi_dma_0/U0/I_PRMRY_DATAMOVER/GEN_S2MM_FULL.I_S2MM_FULL_WRAPPER/GEN_INCLUDE_IBTTCC.I_S2MM_MSTR_IBTTCC/sig_input_burst_type_reg_reg/D
                            (rising edge-triggered cell FDRE clocked by clk_fpga_0  {rise@0.000ns fall@10.000ns period=20.000ns})
  Path Group:             clk_fpga_0
  Path Type:              Hold (Min at Fast Process Corner)
  Requirement:            0.000ns  (clk_fpga_0 rise@0.000ns - clk_fpga_0 rise@0.000ns)
  Data Path Delay:        0.370ns  (logic 0.141ns (38.070%)  route 0.229ns (61.930%))
  Logic Levels:           0  
  Clock Path Skew:        0.259ns (DCD - SCD - CPR)
    Destination Clock Delay (DCD):    1.270ns
    Source Clock Delay      (SCD):    0.972ns
    Clock Pessimism Removal (CPR):    0.039ns

    Location             Delay type                Incr(ns)  Path(ns)    Netlist Resource(s)
  -------------------------------------------------------------------    -------------------
                         (clock clk_fpga_0 rise edge)
                                                      0.000     0.000 r  
    PS7_X0Y0             PS7                          0.000     0.000 r  Sobel_design_i/processing_system7_0/inst/PS7_i/FCLKCLK[0]
                         net (fo=1, routed)           0.310     0.310    Sobel_design_i/processing_system7_0/inst/FCLK_CLK_unbuffered[0]
    BUFGCTRL_X0Y16       BUFG (Prop_bufg_I_O)         0.026     0.336 r  Sobel_design_i/processing_system7_0/inst/buffer_fclk_clk_0.FCLK_CLK_0_BUFG/O
                         net (fo=2809, routed)        0.636     0.972    Sobel_design_i/axi_dma_0/U0/I_PRMRY_DATAMOVER/GEN_S2MM_FULL.I_S2MM_FULL_WRAPPER/I_CMD_STATUS/I_CMD_FIFO/m_axi_s2mm_aclk
    SLICE_X45Y110        FDRE                                         r  Sobel_design_i/axi_dma_0/U0/I_PRMRY_DATAMOVER/GEN_S2MM_FULL.I_S2MM_FULL_WRAPPER/I_CMD_STATUS/I_CMD_FIFO/USE_SINGLE_REG.sig_regfifo_dout_reg_reg[26]/C
  -------------------------------------------------------------------    -------------------
    SLICE_X45Y110        FDRE (Prop_fdre_C_Q)         0.141     1.113 r  Sobel_design_i/axi_dma_0/U0/I_PRMRY_DATAMOVER/GEN_S2MM_FULL.I_S2MM_FULL_WRAPPER/I_CMD_STATUS/I_CMD_FIFO/USE_SINGLE_REG.sig_regfifo_dout_reg_reg[26]/Q
                         net (fo=1, routed)           0.229     1.342    Sobel_design_i/axi_dma_0/U0/I_PRMRY_DATAMOVER/GEN_S2MM_FULL.I_S2MM_FULL_WRAPPER/GEN_INCLUDE_IBTTCC.I_S2MM_MSTR_IBTTCC/Q[14]
    SLICE_X52Y111        FDRE                                         r  Sobel_design_i/axi_dma_0/U0/I_PRMRY_DATAMOVER/GEN_S2MM_FULL.I_S2MM_FULL_WRAPPER/GEN_INCLUDE_IBTTCC.I_S2MM_MSTR_IBTTCC/sig_input_burst_type_reg_reg/D
  -------------------------------------------------------------------    -------------------

                         (clock clk_fpga_0 rise edge)
                                                      0.000     0.000 r  
    PS7_X0Y0             PS7                          0.000     0.000 r  Sobel_design_i/processing_system7_0/inst/PS7_i/FCLKCLK[0]
                         net (fo=1, routed)           0.337     0.337    Sobel_design_i/processing_system7_0/inst/FCLK_CLK_unbuffered[0]
    BUFGCTRL_X0Y16       BUFG (Prop_bufg_I_O)         0.029     0.366 r  Sobel_design_i/processing_system7_0/inst/buffer_fclk_clk_0.FCLK_CLK_0_BUFG/O
                         net (fo=2809, routed)        0.904     1.270    Sobel_design_i/axi_dma_0/U0/I_PRMRY_DATAMOVER/GEN_S2MM_FULL.I_S2MM_FULL_WRAPPER/GEN_INCLUDE_IBTTCC.I_S2MM_MSTR_IBTTCC/m_axi_s2mm_aclk
    SLICE_X52Y111        FDRE                                         r  Sobel_design_i/axi_dma_0/U0/I_PRMRY_DATAMOVER/GEN_S2MM_FULL.I_S2MM_FULL_WRAPPER/GEN_INCLUDE_IBTTCC.I_S2MM_MSTR_IBTTCC/sig_input_burst_type_reg_reg/C
                         clock pessimism             -0.039     1.231    
    SLICE_X52Y111        FDRE (Hold_fdre_C_D)         0.070     1.301    Sobel_design_i/axi_dma_0/U0/I_PRMRY_DATAMOVER/GEN_S2MM_FULL.I_S2MM_FULL_WRAPPER/GEN_INCLUDE_IBTTCC.I_S2MM_MSTR_IBTTCC/sig_input_burst_type_reg_reg
  -------------------------------------------------------------------
                         required time                         -1.301    
                         arrival time                           1.342    
  -------------------------------------------------------------------
                         slack                                  0.041    

Slack (MET) :             0.043ns  (arrival time - required time)
  Source:                 Sobel_design_i/axi_dma_0/U0/I_PRMRY_DATAMOVER/GEN_S2MM_FULL.I_S2MM_FULL_WRAPPER/ENABLE_AXIS_SKID.I_S2MM_STRM_SKID_BUF/sig_data_reg_out_reg[2]/C
                            (rising edge-triggered cell FDRE clocked by clk_fpga_0  {rise@0.000ns fall@10.000ns period=20.000ns})
  Destination:            Sobel_design_i/axi_dma_0/U0/I_PRMRY_DATAMOVER/GEN_S2MM_FULL.I_S2MM_FULL_WRAPPER/GEN_INCLUDE_REALIGNER.I_S2MM_REALIGNER/GEN_INCLUDE_SCATTER.I_S2MM_SCATTER/I_MSSAI_SKID_BUF/sig_data_skid_reg_reg[2]/D
                            (rising edge-triggered cell FDRE clocked by clk_fpga_0  {rise@0.000ns fall@10.000ns period=20.000ns})
  Path Group:             clk_fpga_0
  Path Type:              Hold (Min at Fast Process Corner)
  Requirement:            0.000ns  (clk_fpga_0 rise@0.000ns - clk_fpga_0 rise@0.000ns)
  Data Path Delay:        0.362ns  (logic 0.164ns (45.283%)  route 0.198ns (54.717%))
  Logic Levels:           0  
  Clock Path Skew:        0.260ns (DCD - SCD - CPR)
    Destination Clock Delay (DCD):    1.185ns
    Source Clock Delay      (SCD):    0.890ns
    Clock Pessimism Removal (CPR):    0.035ns

    Location             Delay type                Incr(ns)  Path(ns)    Netlist Resource(s)
  -------------------------------------------------------------------    -------------------
                         (clock clk_fpga_0 rise edge)
                                                      0.000     0.000 r  
    PS7_X0Y0             PS7                          0.000     0.000 r  Sobel_design_i/processing_system7_0/inst/PS7_i/FCLKCLK[0]
                         net (fo=1, routed)           0.310     0.310    Sobel_design_i/processing_system7_0/inst/FCLK_CLK_unbuffered[0]
    BUFGCTRL_X0Y16       BUFG (Prop_bufg_I_O)         0.026     0.336 r  Sobel_design_i/processing_system7_0/inst/buffer_fclk_clk_0.FCLK_CLK_0_BUFG/O
                         net (fo=2809, routed)        0.554     0.890    Sobel_design_i/axi_dma_0/U0/I_PRMRY_DATAMOVER/GEN_S2MM_FULL.I_S2MM_FULL_WRAPPER/ENABLE_AXIS_SKID.I_S2MM_STRM_SKID_BUF/m_axi_s2mm_aclk
    SLICE_X46Y88         FDRE                                         r  Sobel_design_i/axi_dma_0/U0/I_PRMRY_DATAMOVER/GEN_S2MM_FULL.I_S2MM_FULL_WRAPPER/ENABLE_AXIS_SKID.I_S2MM_STRM_SKID_BUF/sig_data_reg_out_reg[2]/C
  -------------------------------------------------------------------    -------------------
    SLICE_X46Y88         FDRE (Prop_fdre_C_Q)         0.164     1.054 r  Sobel_design_i/axi_dma_0/U0/I_PRMRY_DATAMOVER/GEN_S2MM_FULL.I_S2MM_FULL_WRAPPER/ENABLE_AXIS_SKID.I_S2MM_STRM_SKID_BUF/sig_data_reg_out_reg[2]/Q
                         net (fo=2, routed)           0.198     1.252    Sobel_design_i/axi_dma_0/U0/I_PRMRY_DATAMOVER/GEN_S2MM_FULL.I_S2MM_FULL_WRAPPER/GEN_INCLUDE_REALIGNER.I_S2MM_REALIGNER/GEN_INCLUDE_SCATTER.I_S2MM_SCATTER/I_MSSAI_SKID_BUF/D[2]
    SLICE_X50Y91         FDRE                                         r  Sobel_design_i/axi_dma_0/U0/I_PRMRY_DATAMOVER/GEN_S2MM_FULL.I_S2MM_FULL_WRAPPER/GEN_INCLUDE_REALIGNER.I_S2MM_REALIGNER/GEN_INCLUDE_SCATTER.I_S2MM_SCATTER/I_MSSAI_SKID_BUF/sig_data_skid_reg_reg[2]/D
  -------------------------------------------------------------------    -------------------

                         (clock clk_fpga_0 rise edge)
                                                      0.000     0.000 r  
    PS7_X0Y0             PS7                          0.000     0.000 r  Sobel_design_i/processing_system7_0/inst/PS7_i/FCLKCLK[0]
                         net (fo=1, routed)           0.337     0.337    Sobel_design_i/processing_system7_0/inst/FCLK_CLK_unbuffered[0]
    BUFGCTRL_X0Y16       BUFG (Prop_bufg_I_O)         0.029     0.366 r  Sobel_design_i/processing_system7_0/inst/buffer_fclk_clk_0.FCLK_CLK_0_BUFG/O
                         net (fo=2809, routed)        0.819     1.185    Sobel_design_i/axi_dma_0/U0/I_PRMRY_DATAMOVER/GEN_S2MM_FULL.I_S2MM_FULL_WRAPPER/GEN_INCLUDE_REALIGNER.I_S2MM_REALIGNER/GEN_INCLUDE_SCATTER.I_S2MM_SCATTER/I_MSSAI_SKID_BUF/m_axi_s2mm_aclk
    SLICE_X50Y91         FDRE                                         r  Sobel_design_i/axi_dma_0/U0/I_PRMRY_DATAMOVER/GEN_S2MM_FULL.I_S2MM_FULL_WRAPPER/GEN_INCLUDE_REALIGNER.I_S2MM_REALIGNER/GEN_INCLUDE_SCATTER.I_S2MM_SCATTER/I_MSSAI_SKID_BUF/sig_data_skid_reg_reg[2]/C
                         clock pessimism             -0.035     1.150    
    SLICE_X50Y91         FDRE (Hold_fdre_C_D)         0.059     1.209    Sobel_design_i/axi_dma_0/U0/I_PRMRY_DATAMOVER/GEN_S2MM_FULL.I_S2MM_FULL_WRAPPER/GEN_INCLUDE_REALIGNER.I_S2MM_REALIGNER/GEN_INCLUDE_SCATTER.I_S2MM_SCATTER/I_MSSAI_SKID_BUF/sig_data_skid_reg_reg[2]
  -------------------------------------------------------------------
                         required time                         -1.209    
                         arrival time                           1.252    
  -------------------------------------------------------------------
                         slack                                  0.043    

Slack (MET) :             0.045ns  (arrival time - required time)
  Source:                 Sobel_design_i/axi_dma_0/U0/I_PRMRY_DATAMOVER/GEN_S2MM_FULL.I_S2MM_FULL_WRAPPER/ENABLE_AXIS_SKID.I_S2MM_STRM_SKID_BUF/sig_data_reg_out_reg[0]/C
                            (rising edge-triggered cell FDRE clocked by clk_fpga_0  {rise@0.000ns fall@10.000ns period=20.000ns})
  Destination:            Sobel_design_i/axi_dma_0/U0/I_PRMRY_DATAMOVER/GEN_S2MM_FULL.I_S2MM_FULL_WRAPPER/GEN_INCLUDE_REALIGNER.I_S2MM_REALIGNER/GEN_INCLUDE_SCATTER.I_S2MM_SCATTER/I_MSSAI_SKID_BUF/sig_data_skid_reg_reg[0]/D
                            (rising edge-triggered cell FDRE clocked by clk_fpga_0  {rise@0.000ns fall@10.000ns period=20.000ns})
  Path Group:             clk_fpga_0
  Path Type:              Hold (Min at Fast Process Corner)
  Requirement:            0.000ns  (clk_fpga_0 rise@0.000ns - clk_fpga_0 rise@0.000ns)
  Data Path Delay:        0.365ns  (logic 0.164ns (44.975%)  route 0.201ns (55.025%))
  Logic Levels:           0  
  Clock Path Skew:        0.260ns (DCD - SCD - CPR)
    Destination Clock Delay (DCD):    1.185ns
    Source Clock Delay      (SCD):    0.890ns
    Clock Pessimism Removal (CPR):    0.035ns

    Location             Delay type                Incr(ns)  Path(ns)    Netlist Resource(s)
  -------------------------------------------------------------------    -------------------
                         (clock clk_fpga_0 rise edge)
                                                      0.000     0.000 r  
    PS7_X0Y0             PS7                          0.000     0.000 r  Sobel_design_i/processing_system7_0/inst/PS7_i/FCLKCLK[0]
                         net (fo=1, routed)           0.310     0.310    Sobel_design_i/processing_system7_0/inst/FCLK_CLK_unbuffered[0]
    BUFGCTRL_X0Y16       BUFG (Prop_bufg_I_O)         0.026     0.336 r  Sobel_design_i/processing_system7_0/inst/buffer_fclk_clk_0.FCLK_CLK_0_BUFG/O
                         net (fo=2809, routed)        0.554     0.890    Sobel_design_i/axi_dma_0/U0/I_PRMRY_DATAMOVER/GEN_S2MM_FULL.I_S2MM_FULL_WRAPPER/ENABLE_AXIS_SKID.I_S2MM_STRM_SKID_BUF/m_axi_s2mm_aclk
    SLICE_X46Y88         FDRE                                         r  Sobel_design_i/axi_dma_0/U0/I_PRMRY_DATAMOVER/GEN_S2MM_FULL.I_S2MM_FULL_WRAPPER/ENABLE_AXIS_SKID.I_S2MM_STRM_SKID_BUF/sig_data_reg_out_reg[0]/C
  -------------------------------------------------------------------    -------------------
    SLICE_X46Y88         FDRE (Prop_fdre_C_Q)         0.164     1.054 r  Sobel_design_i/axi_dma_0/U0/I_PRMRY_DATAMOVER/GEN_S2MM_FULL.I_S2MM_FULL_WRAPPER/ENABLE_AXIS_SKID.I_S2MM_STRM_SKID_BUF/sig_data_reg_out_reg[0]/Q
                         net (fo=2, routed)           0.201     1.254    Sobel_design_i/axi_dma_0/U0/I_PRMRY_DATAMOVER/GEN_S2MM_FULL.I_S2MM_FULL_WRAPPER/GEN_INCLUDE_REALIGNER.I_S2MM_REALIGNER/GEN_INCLUDE_SCATTER.I_S2MM_SCATTER/I_MSSAI_SKID_BUF/D[0]
    SLICE_X50Y92         FDRE                                         r  Sobel_design_i/axi_dma_0/U0/I_PRMRY_DATAMOVER/GEN_S2MM_FULL.I_S2MM_FULL_WRAPPER/GEN_INCLUDE_REALIGNER.I_S2MM_REALIGNER/GEN_INCLUDE_SCATTER.I_S2MM_SCATTER/I_MSSAI_SKID_BUF/sig_data_skid_reg_reg[0]/D
  -------------------------------------------------------------------    -------------------

                         (clock clk_fpga_0 rise edge)
                                                      0.000     0.000 r  
    PS7_X0Y0             PS7                          0.000     0.000 r  Sobel_design_i/processing_system7_0/inst/PS7_i/FCLKCLK[0]
                         net (fo=1, routed)           0.337     0.337    Sobel_design_i/processing_system7_0/inst/FCLK_CLK_unbuffered[0]
    BUFGCTRL_X0Y16       BUFG (Prop_bufg_I_O)         0.029     0.366 r  Sobel_design_i/processing_system7_0/inst/buffer_fclk_clk_0.FCLK_CLK_0_BUFG/O
                         net (fo=2809, routed)        0.819     1.185    Sobel_design_i/axi_dma_0/U0/I_PRMRY_DATAMOVER/GEN_S2MM_FULL.I_S2MM_FULL_WRAPPER/GEN_INCLUDE_REALIGNER.I_S2MM_REALIGNER/GEN_INCLUDE_SCATTER.I_S2MM_SCATTER/I_MSSAI_SKID_BUF/m_axi_s2mm_aclk
    SLICE_X50Y92         FDRE                                         r  Sobel_design_i/axi_dma_0/U0/I_PRMRY_DATAMOVER/GEN_S2MM_FULL.I_S2MM_FULL_WRAPPER/GEN_INCLUDE_REALIGNER.I_S2MM_REALIGNER/GEN_INCLUDE_SCATTER.I_S2MM_SCATTER/I_MSSAI_SKID_BUF/sig_data_skid_reg_reg[0]/C
                         clock pessimism             -0.035     1.150    
    SLICE_X50Y92         FDRE (Hold_fdre_C_D)         0.059     1.209    Sobel_design_i/axi_dma_0/U0/I_PRMRY_DATAMOVER/GEN_S2MM_FULL.I_S2MM_FULL_WRAPPER/GEN_INCLUDE_REALIGNER.I_S2MM_REALIGNER/GEN_INCLUDE_SCATTER.I_S2MM_SCATTER/I_MSSAI_SKID_BUF/sig_data_skid_reg_reg[0]
  -------------------------------------------------------------------
                         required time                         -1.209    
                         arrival time                           1.254    
  -------------------------------------------------------------------
                         slack                                  0.045    

Slack (MET) :             0.053ns  (arrival time - required time)
  Source:                 Sobel_design_i/axi_dma_0/U0/I_PRMRY_DATAMOVER/GEN_S2MM_FULL.I_S2MM_FULL_WRAPPER/ENABLE_AXIS_SKID.I_S2MM_STRM_SKID_BUF/sig_data_reg_out_reg[0]/C
                            (rising edge-triggered cell FDRE clocked by clk_fpga_0  {rise@0.000ns fall@10.000ns period=20.000ns})
  Destination:            Sobel_design_i/axi_dma_0/U0/I_PRMRY_DATAMOVER/GEN_S2MM_FULL.I_S2MM_FULL_WRAPPER/GEN_INCLUDE_REALIGNER.I_S2MM_REALIGNER/GEN_INCLUDE_SCATTER.I_S2MM_SCATTER/I_MSSAI_SKID_BUF/sig_data_reg_out_reg[0]/D
                            (rising edge-triggered cell FDRE clocked by clk_fpga_0  {rise@0.000ns fall@10.000ns period=20.000ns})
  Path Group:             clk_fpga_0
  Path Type:              Hold (Min at Fast Process Corner)
  Requirement:            0.000ns  (clk_fpga_0 rise@0.000ns - clk_fpga_0 rise@0.000ns)
  Data Path Delay:        0.406ns  (logic 0.209ns (51.523%)  route 0.197ns (48.477%))
  Logic Levels:           1  (LUT3=1)
  Clock Path Skew:        0.260ns (DCD - SCD - CPR)
    Destination Clock Delay (DCD):    1.185ns
    Source Clock Delay      (SCD):    0.890ns
    Clock Pessimism Removal (CPR):    0.035ns

    Location             Delay type                Incr(ns)  Path(ns)    Netlist Resource(s)
  -------------------------------------------------------------------    -------------------
                         (clock clk_fpga_0 rise edge)
                                                      0.000     0.000 r  
    PS7_X0Y0             PS7                          0.000     0.000 r  Sobel_design_i/processing_system7_0/inst/PS7_i/FCLKCLK[0]
                         net (fo=1, routed)           0.310     0.310    Sobel_design_i/processing_system7_0/inst/FCLK_CLK_unbuffered[0]
    BUFGCTRL_X0Y16       BUFG (Prop_bufg_I_O)         0.026     0.336 r  Sobel_design_i/processing_system7_0/inst/buffer_fclk_clk_0.FCLK_CLK_0_BUFG/O
                         net (fo=2809, routed)        0.554     0.890    Sobel_design_i/axi_dma_0/U0/I_PRMRY_DATAMOVER/GEN_S2MM_FULL.I_S2MM_FULL_WRAPPER/ENABLE_AXIS_SKID.I_S2MM_STRM_SKID_BUF/m_axi_s2mm_aclk
    SLICE_X46Y88         FDRE                                         r  Sobel_design_i/axi_dma_0/U0/I_PRMRY_DATAMOVER/GEN_S2MM_FULL.I_S2MM_FULL_WRAPPER/ENABLE_AXIS_SKID.I_S2MM_STRM_SKID_BUF/sig_data_reg_out_reg[0]/C
  -------------------------------------------------------------------    -------------------
    SLICE_X46Y88         FDRE (Prop_fdre_C_Q)         0.164     1.054 r  Sobel_design_i/axi_dma_0/U0/I_PRMRY_DATAMOVER/GEN_S2MM_FULL.I_S2MM_FULL_WRAPPER/ENABLE_AXIS_SKID.I_S2MM_STRM_SKID_BUF/sig_data_reg_out_reg[0]/Q
                         net (fo=2, routed)           0.197     1.250    Sobel_design_i/axi_dma_0/U0/I_PRMRY_DATAMOVER/GEN_S2MM_FULL.I_S2MM_FULL_WRAPPER/GEN_INCLUDE_REALIGNER.I_S2MM_REALIGNER/GEN_INCLUDE_SCATTER.I_S2MM_SCATTER/I_MSSAI_SKID_BUF/D[0]
    SLICE_X51Y92         LUT3 (Prop_lut3_I1_O)        0.045     1.295 r  Sobel_design_i/axi_dma_0/U0/I_PRMRY_DATAMOVER/GEN_S2MM_FULL.I_S2MM_FULL_WRAPPER/GEN_INCLUDE_REALIGNER.I_S2MM_REALIGNER/GEN_INCLUDE_SCATTER.I_S2MM_SCATTER/I_MSSAI_SKID_BUF/sig_data_reg_out[0]_i_1/O
                         net (fo=1, routed)           0.000     1.295    Sobel_design_i/axi_dma_0/U0/I_PRMRY_DATAMOVER/GEN_S2MM_FULL.I_S2MM_FULL_WRAPPER/GEN_INCLUDE_REALIGNER.I_S2MM_REALIGNER/GEN_INCLUDE_SCATTER.I_S2MM_SCATTER/I_MSSAI_SKID_BUF/sig_data_reg_out[0]_i_1_n_0
    SLICE_X51Y92         FDRE                                         r  Sobel_design_i/axi_dma_0/U0/I_PRMRY_DATAMOVER/GEN_S2MM_FULL.I_S2MM_FULL_WRAPPER/GEN_INCLUDE_REALIGNER.I_S2MM_REALIGNER/GEN_INCLUDE_SCATTER.I_S2MM_SCATTER/I_MSSAI_SKID_BUF/sig_data_reg_out_reg[0]/D
  -------------------------------------------------------------------    -------------------

                         (clock clk_fpga_0 rise edge)
                                                      0.000     0.000 r  
    PS7_X0Y0             PS7                          0.000     0.000 r  Sobel_design_i/processing_system7_0/inst/PS7_i/FCLKCLK[0]
                         net (fo=1, routed)           0.337     0.337    Sobel_design_i/processing_system7_0/inst/FCLK_CLK_unbuffered[0]
    BUFGCTRL_X0Y16       BUFG (Prop_bufg_I_O)         0.029     0.366 r  Sobel_design_i/processing_system7_0/inst/buffer_fclk_clk_0.FCLK_CLK_0_BUFG/O
                         net (fo=2809, routed)        0.819     1.185    Sobel_design_i/axi_dma_0/U0/I_PRMRY_DATAMOVER/GEN_S2MM_FULL.I_S2MM_FULL_WRAPPER/GEN_INCLUDE_REALIGNER.I_S2MM_REALIGNER/GEN_INCLUDE_SCATTER.I_S2MM_SCATTER/I_MSSAI_SKID_BUF/m_axi_s2mm_aclk
    SLICE_X51Y92         FDRE                                         r  Sobel_design_i/axi_dma_0/U0/I_PRMRY_DATAMOVER/GEN_S2MM_FULL.I_S2MM_FULL_WRAPPER/GEN_INCLUDE_REALIGNER.I_S2MM_REALIGNER/GEN_INCLUDE_SCATTER.I_S2MM_SCATTER/I_MSSAI_SKID_BUF/sig_data_reg_out_reg[0]/C
                         clock pessimism             -0.035     1.150    
    SLICE_X51Y92         FDRE (Hold_fdre_C_D)         0.092     1.242    Sobel_design_i/axi_dma_0/U0/I_PRMRY_DATAMOVER/GEN_S2MM_FULL.I_S2MM_FULL_WRAPPER/GEN_INCLUDE_REALIGNER.I_S2MM_REALIGNER/GEN_INCLUDE_SCATTER.I_S2MM_SCATTER/I_MSSAI_SKID_BUF/sig_data_reg_out_reg[0]
  -------------------------------------------------------------------
                         required time                         -1.242    
                         arrival time                           1.295    
  -------------------------------------------------------------------
                         slack                                  0.053    

Slack (MET) :             0.069ns  (arrival time - required time)
  Source:                 Sobel_design_i/sobel_0/inst/regslice_both_in_stream_V_data_V_U/data_p1_reg[5]/C
                            (rising edge-triggered cell FDRE clocked by clk_fpga_0  {rise@0.000ns fall@10.000ns period=20.000ns})
  Destination:            Sobel_design_i/sobel_0/inst/line_buffer_2_U/ram0_reg/DIADI[5]
                            (rising edge-triggered cell RAMB18E1 clocked by clk_fpga_0  {rise@0.000ns fall@10.000ns period=20.000ns})
  Path Group:             clk_fpga_0
  Path Type:              Hold (Min at Fast Process Corner)
  Requirement:            0.000ns  (clk_fpga_0 rise@0.000ns - clk_fpga_0 rise@0.000ns)
  Data Path Delay:        0.299ns  (logic 0.164ns (54.817%)  route 0.135ns (45.183%))
  Logic Levels:           0  
  Clock Path Skew:        0.075ns (DCD - SCD - CPR)
    Destination Clock Delay (DCD):    1.226ns
    Source Clock Delay      (SCD):    0.887ns
    Clock Pessimism Removal (CPR):    0.264ns

    Location             Delay type                Incr(ns)  Path(ns)    Netlist Resource(s)
  -------------------------------------------------------------------    -------------------
                         (clock clk_fpga_0 rise edge)
                                                      0.000     0.000 r  
    PS7_X0Y0             PS7                          0.000     0.000 r  Sobel_design_i/processing_system7_0/inst/PS7_i/FCLKCLK[0]
                         net (fo=1, routed)           0.310     0.310    Sobel_design_i/processing_system7_0/inst/FCLK_CLK_unbuffered[0]
    BUFGCTRL_X0Y16       BUFG (Prop_bufg_I_O)         0.026     0.336 r  Sobel_design_i/processing_system7_0/inst/buffer_fclk_clk_0.FCLK_CLK_0_BUFG/O
                         net (fo=2809, routed)        0.551     0.887    Sobel_design_i/sobel_0/inst/regslice_both_in_stream_V_data_V_U/ap_clk
    SLICE_X34Y81         FDRE                                         r  Sobel_design_i/sobel_0/inst/regslice_both_in_stream_V_data_V_U/data_p1_reg[5]/C
  -------------------------------------------------------------------    -------------------
    SLICE_X34Y81         FDRE (Prop_fdre_C_Q)         0.164     1.051 r  Sobel_design_i/sobel_0/inst/regslice_both_in_stream_V_data_V_U/data_p1_reg[5]/Q
                         net (fo=3, routed)           0.135     1.186    Sobel_design_i/sobel_0/inst/line_buffer_2_U/ram0_reg_1[5]
    RAMB18_X2Y32         RAMB18E1                                     r  Sobel_design_i/sobel_0/inst/line_buffer_2_U/ram0_reg/DIADI[5]
  -------------------------------------------------------------------    -------------------

                         (clock clk_fpga_0 rise edge)
                                                      0.000     0.000 r  
    PS7_X0Y0             PS7                          0.000     0.000 r  Sobel_design_i/processing_system7_0/inst/PS7_i/FCLKCLK[0]
                         net (fo=1, routed)           0.337     0.337    Sobel_design_i/processing_system7_0/inst/FCLK_CLK_unbuffered[0]
    BUFGCTRL_X0Y16       BUFG (Prop_bufg_I_O)         0.029     0.366 r  Sobel_design_i/processing_system7_0/inst/buffer_fclk_clk_0.FCLK_CLK_0_BUFG/O
                         net (fo=2809, routed)        0.860     1.226    Sobel_design_i/sobel_0/inst/line_buffer_2_U/ap_clk
    RAMB18_X2Y32         RAMB18E1                                     r  Sobel_design_i/sobel_0/inst/line_buffer_2_U/ram0_reg/CLKARDCLK
                         clock pessimism             -0.264     0.962    
    RAMB18_X2Y32         RAMB18E1 (Hold_ramb18e1_CLKARDCLK_DIADI[5])
                                                      0.155     1.117    Sobel_design_i/sobel_0/inst/line_buffer_2_U/ram0_reg
  -------------------------------------------------------------------
                         required time                         -1.117    
                         arrival time                           1.186    
  -------------------------------------------------------------------
                         slack                                  0.069    

Slack (MET) :             0.069ns  (arrival time - required time)
  Source:                 Sobel_design_i/sobel_0/inst/regslice_both_in_stream_V_data_V_U/data_p1_reg[6]/C
                            (rising edge-triggered cell FDRE clocked by clk_fpga_0  {rise@0.000ns fall@10.000ns period=20.000ns})
  Destination:            Sobel_design_i/sobel_0/inst/line_buffer_2_U/ram0_reg/DIADI[6]
                            (rising edge-triggered cell RAMB18E1 clocked by clk_fpga_0  {rise@0.000ns fall@10.000ns period=20.000ns})
  Path Group:             clk_fpga_0
  Path Type:              Hold (Min at Fast Process Corner)
  Requirement:            0.000ns  (clk_fpga_0 rise@0.000ns - clk_fpga_0 rise@0.000ns)
  Data Path Delay:        0.299ns  (logic 0.164ns (54.817%)  route 0.135ns (45.183%))
  Logic Levels:           0  
  Clock Path Skew:        0.075ns (DCD - SCD - CPR)
    Destination Clock Delay (DCD):    1.226ns
    Source Clock Delay      (SCD):    0.887ns
    Clock Pessimism Removal (CPR):    0.264ns

    Location             Delay type                Incr(ns)  Path(ns)    Netlist Resource(s)
  -------------------------------------------------------------------    -------------------
                         (clock clk_fpga_0 rise edge)
                                                      0.000     0.000 r  
    PS7_X0Y0             PS7                          0.000     0.000 r  Sobel_design_i/processing_system7_0/inst/PS7_i/FCLKCLK[0]
                         net (fo=1, routed)           0.310     0.310    Sobel_design_i/processing_system7_0/inst/FCLK_CLK_unbuffered[0]
    BUFGCTRL_X0Y16       BUFG (Prop_bufg_I_O)         0.026     0.336 r  Sobel_design_i/processing_system7_0/inst/buffer_fclk_clk_0.FCLK_CLK_0_BUFG/O
                         net (fo=2809, routed)        0.551     0.887    Sobel_design_i/sobel_0/inst/regslice_both_in_stream_V_data_V_U/ap_clk
    SLICE_X34Y81         FDRE                                         r  Sobel_design_i/sobel_0/inst/regslice_both_in_stream_V_data_V_U/data_p1_reg[6]/C
  -------------------------------------------------------------------    -------------------
    SLICE_X34Y81         FDRE (Prop_fdre_C_Q)         0.164     1.051 r  Sobel_design_i/sobel_0/inst/regslice_both_in_stream_V_data_V_U/data_p1_reg[6]/Q
                         net (fo=3, routed)           0.135     1.186    Sobel_design_i/sobel_0/inst/line_buffer_2_U/ram0_reg_1[6]
    RAMB18_X2Y32         RAMB18E1                                     r  Sobel_design_i/sobel_0/inst/line_buffer_2_U/ram0_reg/DIADI[6]
  -------------------------------------------------------------------    -------------------

                         (clock clk_fpga_0 rise edge)
                                                      0.000     0.000 r  
    PS7_X0Y0             PS7                          0.000     0.000 r  Sobel_design_i/processing_system7_0/inst/PS7_i/FCLKCLK[0]
                         net (fo=1, routed)           0.337     0.337    Sobel_design_i/processing_system7_0/inst/FCLK_CLK_unbuffered[0]
    BUFGCTRL_X0Y16       BUFG (Prop_bufg_I_O)         0.029     0.366 r  Sobel_design_i/processing_system7_0/inst/buffer_fclk_clk_0.FCLK_CLK_0_BUFG/O
                         net (fo=2809, routed)        0.860     1.226    Sobel_design_i/sobel_0/inst/line_buffer_2_U/ap_clk
    RAMB18_X2Y32         RAMB18E1                                     r  Sobel_design_i/sobel_0/inst/line_buffer_2_U/ram0_reg/CLKARDCLK
                         clock pessimism             -0.264     0.962    
    RAMB18_X2Y32         RAMB18E1 (Hold_ramb18e1_CLKARDCLK_DIADI[6])
                                                      0.155     1.117    Sobel_design_i/sobel_0/inst/line_buffer_2_U/ram0_reg
  -------------------------------------------------------------------
                         required time                         -1.117    
                         arrival time                           1.186    
  -------------------------------------------------------------------
                         slack                                  0.069    

Slack (MET) :             0.073ns  (arrival time - required time)
  Source:                 Sobel_design_i/axi_dma_0/U0/I_PRMRY_DATAMOVER/GEN_S2MM_FULL.I_S2MM_FULL_WRAPPER/GEN_ENABLE_INDET_BTT_SF.I_INDET_BTT/INCLUDE_PACKING.DO_REG_SLICES[1].lsig_strb_slice_reg_reg[1][0]/C
                            (rising edge-triggered cell FDRE clocked by clk_fpga_0  {rise@0.000ns fall@10.000ns period=20.000ns})
  Destination:            Sobel_design_i/axi_dma_0/U0/I_PRMRY_DATAMOVER/GEN_S2MM_FULL.I_S2MM_FULL_WRAPPER/GEN_ENABLE_INDET_BTT_SF.I_INDET_BTT/I_DATA_FIFO/BLK_MEM.I_SYNC_FIFOGEN_FIFO/xpm_fifo_instance.xpm_fifo_sync_inst/xpm_fifo_base_inst/gen_sdpram.xpm_memory_base_inst/gen_wr_a.gen_word_narrow.mem_reg/DIBDI[1]
                            (rising edge-triggered cell RAMB36E1 clocked by clk_fpga_0  {rise@0.000ns fall@10.000ns period=20.000ns})
  Path Group:             clk_fpga_0
  Path Type:              Hold (Min at Fast Process Corner)
  Requirement:            0.000ns  (clk_fpga_0 rise@0.000ns - clk_fpga_0 rise@0.000ns)
  Data Path Delay:        0.445ns  (logic 0.141ns (31.713%)  route 0.304ns (68.287%))
  Logic Levels:           0  
  Clock Path Skew:        0.075ns (DCD - SCD - CPR)
    Destination Clock Delay (DCD):    1.252ns
    Source Clock Delay      (SCD):    0.913ns
    Clock Pessimism Removal (CPR):    0.264ns

    Location             Delay type                Incr(ns)  Path(ns)    Netlist Resource(s)
  -------------------------------------------------------------------    -------------------
                         (clock clk_fpga_0 rise edge)
                                                      0.000     0.000 r  
    PS7_X0Y0             PS7                          0.000     0.000 r  Sobel_design_i/processing_system7_0/inst/PS7_i/FCLKCLK[0]
                         net (fo=1, routed)           0.310     0.310    Sobel_design_i/processing_system7_0/inst/FCLK_CLK_unbuffered[0]
    BUFGCTRL_X0Y16       BUFG (Prop_bufg_I_O)         0.026     0.336 r  Sobel_design_i/processing_system7_0/inst/buffer_fclk_clk_0.FCLK_CLK_0_BUFG/O
                         net (fo=2809, routed)        0.577     0.913    Sobel_design_i/axi_dma_0/U0/I_PRMRY_DATAMOVER/GEN_S2MM_FULL.I_S2MM_FULL_WRAPPER/GEN_ENABLE_INDET_BTT_SF.I_INDET_BTT/m_axi_s2mm_aclk
    SLICE_X56Y94         FDRE                                         r  Sobel_design_i/axi_dma_0/U0/I_PRMRY_DATAMOVER/GEN_S2MM_FULL.I_S2MM_FULL_WRAPPER/GEN_ENABLE_INDET_BTT_SF.I_INDET_BTT/INCLUDE_PACKING.DO_REG_SLICES[1].lsig_strb_slice_reg_reg[1][0]/C
  -------------------------------------------------------------------    -------------------
    SLICE_X56Y94         FDRE (Prop_fdre_C_Q)         0.141     1.054 r  Sobel_design_i/axi_dma_0/U0/I_PRMRY_DATAMOVER/GEN_S2MM_FULL.I_S2MM_FULL_WRAPPER/GEN_ENABLE_INDET_BTT_SF.I_INDET_BTT/INCLUDE_PACKING.DO_REG_SLICES[1].lsig_strb_slice_reg_reg[1][0]/Q
                         net (fo=1, routed)           0.304     1.357    Sobel_design_i/axi_dma_0/U0/I_PRMRY_DATAMOVER/GEN_S2MM_FULL.I_S2MM_FULL_WRAPPER/GEN_ENABLE_INDET_BTT_SF.I_INDET_BTT/I_DATA_FIFO/BLK_MEM.I_SYNC_FIFOGEN_FIFO/xpm_fifo_instance.xpm_fifo_sync_inst/xpm_fifo_base_inst/gen_sdpram.xpm_memory_base_inst/dina[33]
    RAMB36_X3Y18         RAMB36E1                                     r  Sobel_design_i/axi_dma_0/U0/I_PRMRY_DATAMOVER/GEN_S2MM_FULL.I_S2MM_FULL_WRAPPER/GEN_ENABLE_INDET_BTT_SF.I_INDET_BTT/I_DATA_FIFO/BLK_MEM.I_SYNC_FIFOGEN_FIFO/xpm_fifo_instance.xpm_fifo_sync_inst/xpm_fifo_base_inst/gen_sdpram.xpm_memory_base_inst/gen_wr_a.gen_word_narrow.mem_reg/DIBDI[1]
  -------------------------------------------------------------------    -------------------

                         (clock clk_fpga_0 rise edge)
                                                      0.000     0.000 r  
    PS7_X0Y0             PS7                          0.000     0.000 r  Sobel_design_i/processing_system7_0/inst/PS7_i/FCLKCLK[0]
                         net (fo=1, routed)           0.337     0.337    Sobel_design_i/processing_system7_0/inst/FCLK_CLK_unbuffered[0]
    BUFGCTRL_X0Y16       BUFG (Prop_bufg_I_O)         0.029     0.366 r  Sobel_design_i/processing_system7_0/inst/buffer_fclk_clk_0.FCLK_CLK_0_BUFG/O
                         net (fo=2809, routed)        0.886     1.252    Sobel_design_i/axi_dma_0/U0/I_PRMRY_DATAMOVER/GEN_S2MM_FULL.I_S2MM_FULL_WRAPPER/GEN_ENABLE_INDET_BTT_SF.I_INDET_BTT/I_DATA_FIFO/BLK_MEM.I_SYNC_FIFOGEN_FIFO/xpm_fifo_instance.xpm_fifo_sync_inst/xpm_fifo_base_inst/gen_sdpram.xpm_memory_base_inst/clka
    RAMB36_X3Y18         RAMB36E1                                     r  Sobel_design_i/axi_dma_0/U0/I_PRMRY_DATAMOVER/GEN_S2MM_FULL.I_S2MM_FULL_WRAPPER/GEN_ENABLE_INDET_BTT_SF.I_INDET_BTT/I_DATA_FIFO/BLK_MEM.I_SYNC_FIFOGEN_FIFO/xpm_fifo_instance.xpm_fifo_sync_inst/xpm_fifo_base_inst/gen_sdpram.xpm_memory_base_inst/gen_wr_a.gen_word_narrow.mem_reg/CLKBWRCLK
                         clock pessimism             -0.264     0.988    
    RAMB36_X3Y18         RAMB36E1 (Hold_ramb36e1_CLKBWRCLK_DIBDI[1])
                                                      0.296     1.284    Sobel_design_i/axi_dma_0/U0/I_PRMRY_DATAMOVER/GEN_S2MM_FULL.I_S2MM_FULL_WRAPPER/GEN_ENABLE_INDET_BTT_SF.I_INDET_BTT/I_DATA_FIFO/BLK_MEM.I_SYNC_FIFOGEN_FIFO/xpm_fifo_instance.xpm_fifo_sync_inst/xpm_fifo_base_inst/gen_sdpram.xpm_memory_base_inst/gen_wr_a.gen_word_narrow.mem_reg
  -------------------------------------------------------------------
                         required time                         -1.284    
                         arrival time                           1.357    
  -------------------------------------------------------------------
                         slack                                  0.073    

Slack (MET) :             0.084ns  (arrival time - required time)
  Source:                 Sobel_design_i/axi_dma_0/U0/I_AXI_DMA_REG_MODULE/GEN_AXI_LITE_IF.AXI_LITE_IF_I/GEN_ASYNC_READ.rvalid_reg/C
                            (rising edge-triggered cell FDRE clocked by clk_fpga_0  {rise@0.000ns fall@10.000ns period=20.000ns})
  Destination:            Sobel_design_i/axi_dma_0/U0/I_AXI_DMA_REG_MODULE/GEN_AXI_LITE_IF.AXI_LITE_IF_I/GEN_ASYNC_READ.lite_rdata_cdc_from_reg[13]/CE
                            (rising edge-triggered cell FDRE clocked by clk_fpga_0  {rise@0.000ns fall@10.000ns period=20.000ns})
  Path Group:             clk_fpga_0
  Path Type:              Hold (Min at Fast Process Corner)
  Requirement:            0.000ns  (clk_fpga_0 rise@0.000ns - clk_fpga_0 rise@0.000ns)
  Data Path Delay:        0.417ns  (logic 0.141ns (33.786%)  route 0.276ns (66.214%))
  Logic Levels:           0  
  Clock Path Skew:        0.349ns (DCD - SCD - CPR)
    Destination Clock Delay (DCD):    1.277ns
    Source Clock Delay      (SCD):    0.893ns
    Clock Pessimism Removal (CPR):    0.035ns

    Location             Delay type                Incr(ns)  Path(ns)    Netlist Resource(s)
  -------------------------------------------------------------------    -------------------
                         (clock clk_fpga_0 rise edge)
                                                      0.000     0.000 r  
    PS7_X0Y0             PS7                          0.000     0.000 r  Sobel_design_i/processing_system7_0/inst/PS7_i/FCLKCLK[0]
                         net (fo=1, routed)           0.310     0.310    Sobel_design_i/processing_system7_0/inst/FCLK_CLK_unbuffered[0]
    BUFGCTRL_X0Y16       BUFG (Prop_bufg_I_O)         0.026     0.336 r  Sobel_design_i/processing_system7_0/inst/buffer_fclk_clk_0.FCLK_CLK_0_BUFG/O
                         net (fo=2809, routed)        0.557     0.893    Sobel_design_i/axi_dma_0/U0/I_AXI_DMA_REG_MODULE/GEN_AXI_LITE_IF.AXI_LITE_IF_I/m_axi_sg_aclk
    SLICE_X43Y97         FDRE                                         r  Sobel_design_i/axi_dma_0/U0/I_AXI_DMA_REG_MODULE/GEN_AXI_LITE_IF.AXI_LITE_IF_I/GEN_ASYNC_READ.rvalid_reg/C
  -------------------------------------------------------------------    -------------------
    SLICE_X43Y97         FDRE (Prop_fdre_C_Q)         0.141     1.034 r  Sobel_design_i/axi_dma_0/U0/I_AXI_DMA_REG_MODULE/GEN_AXI_LITE_IF.AXI_LITE_IF_I/GEN_ASYNC_READ.rvalid_reg/Q
                         net (fo=32, routed)          0.276     1.310    Sobel_design_i/axi_dma_0/U0/I_AXI_DMA_REG_MODULE/GEN_AXI_LITE_IF.AXI_LITE_IF_I/rvalid
    SLICE_X36Y100        FDRE                                         r  Sobel_design_i/axi_dma_0/U0/I_AXI_DMA_REG_MODULE/GEN_AXI_LITE_IF.AXI_LITE_IF_I/GEN_ASYNC_READ.lite_rdata_cdc_from_reg[13]/CE
  -------------------------------------------------------------------    -------------------

                         (clock clk_fpga_0 rise edge)
                                                      0.000     0.000 r  
    PS7_X0Y0             PS7                          0.000     0.000 r  Sobel_design_i/processing_system7_0/inst/PS7_i/FCLKCLK[0]
                         net (fo=1, routed)           0.337     0.337    Sobel_design_i/processing_system7_0/inst/FCLK_CLK_unbuffered[0]
    BUFGCTRL_X0Y16       BUFG (Prop_bufg_I_O)         0.029     0.366 r  Sobel_design_i/processing_system7_0/inst/buffer_fclk_clk_0.FCLK_CLK_0_BUFG/O
                         net (fo=2809, routed)        0.911     1.277    Sobel_design_i/axi_dma_0/U0/I_AXI_DMA_REG_MODULE/GEN_AXI_LITE_IF.AXI_LITE_IF_I/m_axi_sg_aclk
    SLICE_X36Y100        FDRE                                         r  Sobel_design_i/axi_dma_0/U0/I_AXI_DMA_REG_MODULE/GEN_AXI_LITE_IF.AXI_LITE_IF_I/GEN_ASYNC_READ.lite_rdata_cdc_from_reg[13]/C
                         clock pessimism             -0.035     1.242    
    SLICE_X36Y100        FDRE (Hold_fdre_C_CE)       -0.016     1.226    Sobel_design_i/axi_dma_0/U0/I_AXI_DMA_REG_MODULE/GEN_AXI_LITE_IF.AXI_LITE_IF_I/GEN_ASYNC_READ.lite_rdata_cdc_from_reg[13]
  -------------------------------------------------------------------
                         required time                         -1.226    
                         arrival time                           1.310    
  -------------------------------------------------------------------
                         slack                                  0.084    

Slack (MET) :             0.090ns  (arrival time - required time)
  Source:                 Sobel_design_i/axi_dma_0/U0/I_PRMRY_DATAMOVER/GEN_S2MM_FULL.I_S2MM_FULL_WRAPPER/GEN_INCLUDE_REALIGNER.I_S2MM_REALIGNER/GEN_INCLUDE_SCATTER.I_S2MM_SCATTER/I_MSSAI_SKID_BUF/sig_m_valid_out_reg/C
                            (rising edge-triggered cell FDRE clocked by clk_fpga_0  {rise@0.000ns fall@10.000ns period=20.000ns})
  Destination:            Sobel_design_i/axi_dma_0/U0/I_PRMRY_DATAMOVER/GEN_S2MM_FULL.I_S2MM_FULL_WRAPPER/GEN_ENABLE_INDET_BTT_SF.I_INDET_BTT/sig_dre2ibtt_tlast_reg_reg/D
                            (rising edge-triggered cell FDRE clocked by clk_fpga_0  {rise@0.000ns fall@10.000ns period=20.000ns})
  Path Group:             clk_fpga_0
  Path Type:              Hold (Min at Fast Process Corner)
  Requirement:            0.000ns  (clk_fpga_0 rise@0.000ns - clk_fpga_0 rise@0.000ns)
  Data Path Delay:        0.587ns  (logic 0.212ns (36.097%)  route 0.375ns (63.903%))
  Logic Levels:           1  (LUT5=1)
  Clock Path Skew:        0.374ns (DCD - SCD - CPR)
    Destination Clock Delay (DCD):    1.298ns
    Source Clock Delay      (SCD):    0.889ns
    Clock Pessimism Removal (CPR):    0.035ns

    Location             Delay type                Incr(ns)  Path(ns)    Netlist Resource(s)
  -------------------------------------------------------------------    -------------------
                         (clock clk_fpga_0 rise edge)
                                                      0.000     0.000 r  
    PS7_X0Y0             PS7                          0.000     0.000 r  Sobel_design_i/processing_system7_0/inst/PS7_i/FCLKCLK[0]
                         net (fo=1, routed)           0.310     0.310    Sobel_design_i/processing_system7_0/inst/FCLK_CLK_unbuffered[0]
    BUFGCTRL_X0Y16       BUFG (Prop_bufg_I_O)         0.026     0.336 r  Sobel_design_i/processing_system7_0/inst/buffer_fclk_clk_0.FCLK_CLK_0_BUFG/O
                         net (fo=2809, routed)        0.553     0.889    Sobel_design_i/axi_dma_0/U0/I_PRMRY_DATAMOVER/GEN_S2MM_FULL.I_S2MM_FULL_WRAPPER/GEN_INCLUDE_REALIGNER.I_S2MM_REALIGNER/GEN_INCLUDE_SCATTER.I_S2MM_SCATTER/I_MSSAI_SKID_BUF/m_axi_s2mm_aclk
    SLICE_X50Y98         FDRE                                         r  Sobel_design_i/axi_dma_0/U0/I_PRMRY_DATAMOVER/GEN_S2MM_FULL.I_S2MM_FULL_WRAPPER/GEN_INCLUDE_REALIGNER.I_S2MM_REALIGNER/GEN_INCLUDE_SCATTER.I_S2MM_SCATTER/I_MSSAI_SKID_BUF/sig_m_valid_out_reg/C
  -------------------------------------------------------------------    -------------------
    SLICE_X50Y98         FDRE (Prop_fdre_C_Q)         0.164     1.053 r  Sobel_design_i/axi_dma_0/U0/I_PRMRY_DATAMOVER/GEN_S2MM_FULL.I_S2MM_FULL_WRAPPER/GEN_INCLUDE_REALIGNER.I_S2MM_REALIGNER/GEN_INCLUDE_SCATTER.I_S2MM_SCATTER/I_MSSAI_SKID_BUF/sig_m_valid_out_reg/Q
                         net (fo=14, routed)          0.375     1.428    Sobel_design_i/axi_dma_0/U0/I_PRMRY_DATAMOVER/GEN_S2MM_FULL.I_S2MM_FULL_WRAPPER/GEN_INCLUDE_REALIGNER.I_S2MM_REALIGNER/GEN_INCLUDE_SCATTER.I_S2MM_SCATTER/I_TSTRB_FIFO/USE_SRL_FIFO.I_SYNC_FIFO/I_SRL_FIFO_RBU_F/CNTR_INCR_DECR_ADDN_F_I/sig_dre2ibtt_tlast_reg_reg_0
    SLICE_X54Y100        LUT5 (Prop_lut5_I2_O)        0.048     1.476 r  Sobel_design_i/axi_dma_0/U0/I_PRMRY_DATAMOVER/GEN_S2MM_FULL.I_S2MM_FULL_WRAPPER/GEN_INCLUDE_REALIGNER.I_S2MM_REALIGNER/GEN_INCLUDE_SCATTER.I_S2MM_SCATTER/I_TSTRB_FIFO/USE_SRL_FIFO.I_SYNC_FIFO/I_SRL_FIFO_RBU_F/CNTR_INCR_DECR_ADDN_F_I/sig_dre2ibtt_tlast_reg_i_1/O
                         net (fo=2, routed)           0.000     1.476    Sobel_design_i/axi_dma_0/U0/I_PRMRY_DATAMOVER/GEN_S2MM_FULL.I_S2MM_FULL_WRAPPER/GEN_ENABLE_INDET_BTT_SF.I_INDET_BTT/sig_dre2ibtt_tlast
    SLICE_X54Y100        FDRE                                         r  Sobel_design_i/axi_dma_0/U0/I_PRMRY_DATAMOVER/GEN_S2MM_FULL.I_S2MM_FULL_WRAPPER/GEN_ENABLE_INDET_BTT_SF.I_INDET_BTT/sig_dre2ibtt_tlast_reg_reg/D
  -------------------------------------------------------------------    -------------------

                         (clock clk_fpga_0 rise edge)
                                                      0.000     0.000 r  
    PS7_X0Y0             PS7                          0.000     0.000 r  Sobel_design_i/processing_system7_0/inst/PS7_i/FCLKCLK[0]
                         net (fo=1, routed)           0.337     0.337    Sobel_design_i/processing_system7_0/inst/FCLK_CLK_unbuffered[0]
    BUFGCTRL_X0Y16       BUFG (Prop_bufg_I_O)         0.029     0.366 r  Sobel_design_i/processing_system7_0/inst/buffer_fclk_clk_0.FCLK_CLK_0_BUFG/O
                         net (fo=2809, routed)        0.932     1.298    Sobel_design_i/axi_dma_0/U0/I_PRMRY_DATAMOVER/GEN_S2MM_FULL.I_S2MM_FULL_WRAPPER/GEN_ENABLE_INDET_BTT_SF.I_INDET_BTT/m_axi_s2mm_aclk
    SLICE_X54Y100        FDRE                                         r  Sobel_design_i/axi_dma_0/U0/I_PRMRY_DATAMOVER/GEN_S2MM_FULL.I_S2MM_FULL_WRAPPER/GEN_ENABLE_INDET_BTT_SF.I_INDET_BTT/sig_dre2ibtt_tlast_reg_reg/C
                         clock pessimism             -0.035     1.263    
    SLICE_X54Y100        FDRE (Hold_fdre_C_D)         0.123     1.386    Sobel_design_i/axi_dma_0/U0/I_PRMRY_DATAMOVER/GEN_S2MM_FULL.I_S2MM_FULL_WRAPPER/GEN_ENABLE_INDET_BTT_SF.I_INDET_BTT/sig_dre2ibtt_tlast_reg_reg
  -------------------------------------------------------------------
                         required time                         -1.386    
                         arrival time                           1.476    
  -------------------------------------------------------------------
                         slack                                  0.090    





Pulse Width Checks
--------------------------------------------------------------------------------------
Clock Name:         clk_fpga_0
Waveform(ns):       { 0.000 10.000 }
Period(ns):         20.000
Sources:            { Sobel_design_i/processing_system7_0/inst/PS7_i/FCLKCLK[0] }

Check Type        Corner  Lib Pin             Reference Pin  Required(ns)  Actual(ns)  Slack(ns)  Location       Pin
Min Period        n/a     RAMB18E1/CLKARDCLK  n/a            2.944         20.000      17.056     RAMB18_X2Y31   Sobel_design_i/sobel_0/inst/line_buffer_1_17_U/ram0_reg/CLKARDCLK
Min Period        n/a     RAMB18E1/CLKARDCLK  n/a            2.944         20.000      17.056     RAMB18_X2Y24   Sobel_design_i/sobel_0/inst/line_buffer_1_U/ram0_reg/CLKARDCLK
Min Period        n/a     RAMB18E1/CLKARDCLK  n/a            2.944         20.000      17.056     RAMB18_X2Y25   Sobel_design_i/sobel_0/inst/line_buffer_1_U/ram1_reg/CLKARDCLK
Min Period        n/a     RAMB18E1/CLKARDCLK  n/a            2.944         20.000      17.056     RAMB18_X2Y26   Sobel_design_i/sobel_0/inst/line_buffer_1_U/ram2_reg/CLKARDCLK
Min Period        n/a     RAMB18E1/CLKARDCLK  n/a            2.944         20.000      17.056     RAMB18_X2Y32   Sobel_design_i/sobel_0/inst/line_buffer_2_U/ram0_reg/CLKARDCLK
Min Period        n/a     RAMB18E1/CLKARDCLK  n/a            2.944         20.000      17.056     RAMB18_X2Y29   Sobel_design_i/sobel_0/inst/line_buffer_3_U/ram_reg/CLKARDCLK
Min Period        n/a     RAMB18E1/CLKARDCLK  n/a            2.944         20.000      17.056     RAMB18_X2Y28   Sobel_design_i/sobel_0/inst/line_buffer_4_U/ram_reg/CLKARDCLK
Min Period        n/a     RAMB18E1/CLKARDCLK  n/a            2.944         20.000      17.056     RAMB18_X2Y27   Sobel_design_i/sobel_0/inst/line_buffer_5_U/ram_reg/CLKARDCLK
Min Period        n/a     RAMB18E1/CLKARDCLK  n/a            2.944         20.000      17.056     RAMB18_X2Y30   Sobel_design_i/sobel_0/inst/line_buffer_U/ram0_reg/CLKARDCLK
Min Period        n/a     RAMB36E1/CLKARDCLK  n/a            2.576         20.000      17.424     RAMB36_X2Y17   Sobel_design_i/axi_dma_0/U0/I_PRMRY_DATAMOVER/GEN_MM2S_FULL.I_MM2S_FULL_WRAPPER/GEN_INCLUDE_MM2S_SF.I_RD_SF/I_DATA_FIFO/BLK_MEM.I_SYNC_FIFOGEN_FIFO/xpm_fifo_instance.xpm_fifo_sync_inst/xpm_fifo_base_inst/gen_sdpram.xpm_memory_base_inst/gen_wr_a.gen_word_narrow.mem_reg/CLKARDCLK
Low Pulse Width   Slow    RAMD32/CLK          n/a            1.250         10.000      8.750      SLICE_X50Y101  Sobel_design_i/axi_dma_0/U0/I_PRMRY_DATAMOVER/GEN_S2MM_FULL.I_S2MM_FULL_WRAPPER/GEN_ENABLE_INDET_BTT_SF.I_INDET_BTT/I_XD_FIFO/NON_BLK_MEM.I_SYNC_FIFOGEN_FIFO/xpm_fifo_instance.xpm_fifo_sync_inst/xpm_fifo_base_inst/gen_sdpram.xpm_memory_base_inst/gen_wr_a.gen_word_narrow.mem_reg_0_15_0_5/RAMA/CLK
Low Pulse Width   Fast    RAMD32/CLK          n/a            1.250         10.000      8.750      SLICE_X50Y101  Sobel_design_i/axi_dma_0/U0/I_PRMRY_DATAMOVER/GEN_S2MM_FULL.I_S2MM_FULL_WRAPPER/GEN_ENABLE_INDET_BTT_SF.I_INDET_BTT/I_XD_FIFO/NON_BLK_MEM.I_SYNC_FIFOGEN_FIFO/xpm_fifo_instance.xpm_fifo_sync_inst/xpm_fifo_base_inst/gen_sdpram.xpm_memory_base_inst/gen_wr_a.gen_word_narrow.mem_reg_0_15_0_5/RAMA/CLK
Low Pulse Width   Slow    RAMD32/CLK          n/a            1.250         10.000      8.750      SLICE_X50Y101  Sobel_design_i/axi_dma_0/U0/I_PRMRY_DATAMOVER/GEN_S2MM_FULL.I_S2MM_FULL_WRAPPER/GEN_ENABLE_INDET_BTT_SF.I_INDET_BTT/I_XD_FIFO/NON_BLK_MEM.I_SYNC_FIFOGEN_FIFO/xpm_fifo_instance.xpm_fifo_sync_inst/xpm_fifo_base_inst/gen_sdpram.xpm_memory_base_inst/gen_wr_a.gen_word_narrow.mem_reg_0_15_0_5/RAMA_D1/CLK
Low Pulse Width   Fast    RAMD32/CLK          n/a            1.250         10.000      8.750      SLICE_X50Y101  Sobel_design_i/axi_dma_0/U0/I_PRMRY_DATAMOVER/GEN_S2MM_FULL.I_S2MM_FULL_WRAPPER/GEN_ENABLE_INDET_BTT_SF.I_INDET_BTT/I_XD_FIFO/NON_BLK_MEM.I_SYNC_FIFOGEN_FIFO/xpm_fifo_instance.xpm_fifo_sync_inst/xpm_fifo_base_inst/gen_sdpram.xpm_memory_base_inst/gen_wr_a.gen_word_narrow.mem_reg_0_15_0_5/RAMA_D1/CLK
Low Pulse Width   Slow    RAMD32/CLK          n/a            1.250         10.000      8.750      SLICE_X50Y101  Sobel_design_i/axi_dma_0/U0/I_PRMRY_DATAMOVER/GEN_S2MM_FULL.I_S2MM_FULL_WRAPPER/GEN_ENABLE_INDET_BTT_SF.I_INDET_BTT/I_XD_FIFO/NON_BLK_MEM.I_SYNC_FIFOGEN_FIFO/xpm_fifo_instance.xpm_fifo_sync_inst/xpm_fifo_base_inst/gen_sdpram.xpm_memory_base_inst/gen_wr_a.gen_word_narrow.mem_reg_0_15_0_5/RAMB/CLK
Low Pulse Width   Fast    RAMD32/CLK          n/a            1.250         10.000      8.750      SLICE_X50Y101  Sobel_design_i/axi_dma_0/U0/I_PRMRY_DATAMOVER/GEN_S2MM_FULL.I_S2MM_FULL_WRAPPER/GEN_ENABLE_INDET_BTT_SF.I_INDET_BTT/I_XD_FIFO/NON_BLK_MEM.I_SYNC_FIFOGEN_FIFO/xpm_fifo_instance.xpm_fifo_sync_inst/xpm_fifo_base_inst/gen_sdpram.xpm_memory_base_inst/gen_wr_a.gen_word_narrow.mem_reg_0_15_0_5/RAMB/CLK
Low Pulse Width   Slow    RAMD32/CLK          n/a            1.250         10.000      8.750      SLICE_X50Y101  Sobel_design_i/axi_dma_0/U0/I_PRMRY_DATAMOVER/GEN_S2MM_FULL.I_S2MM_FULL_WRAPPER/GEN_ENABLE_INDET_BTT_SF.I_INDET_BTT/I_XD_FIFO/NON_BLK_MEM.I_SYNC_FIFOGEN_FIFO/xpm_fifo_instance.xpm_fifo_sync_inst/xpm_fifo_base_inst/gen_sdpram.xpm_memory_base_inst/gen_wr_a.gen_word_narrow.mem_reg_0_15_0_5/RAMB_D1/CLK
Low Pulse Width   Fast    RAMD32/CLK          n/a            1.250         10.000      8.750      SLICE_X50Y101  Sobel_design_i/axi_dma_0/U0/I_PRMRY_DATAMOVER/GEN_S2MM_FULL.I_S2MM_FULL_WRAPPER/GEN_ENABLE_INDET_BTT_SF.I_INDET_BTT/I_XD_FIFO/NON_BLK_MEM.I_SYNC_FIFOGEN_FIFO/xpm_fifo_instance.xpm_fifo_sync_inst/xpm_fifo_base_inst/gen_sdpram.xpm_memory_base_inst/gen_wr_a.gen_word_narrow.mem_reg_0_15_0_5/RAMB_D1/CLK
Low Pulse Width   Slow    RAMD32/CLK          n/a            1.250         10.000      8.750      SLICE_X50Y101  Sobel_design_i/axi_dma_0/U0/I_PRMRY_DATAMOVER/GEN_S2MM_FULL.I_S2MM_FULL_WRAPPER/GEN_ENABLE_INDET_BTT_SF.I_INDET_BTT/I_XD_FIFO/NON_BLK_MEM.I_SYNC_FIFOGEN_FIFO/xpm_fifo_instance.xpm_fifo_sync_inst/xpm_fifo_base_inst/gen_sdpram.xpm_memory_base_inst/gen_wr_a.gen_word_narrow.mem_reg_0_15_0_5/RAMC/CLK
Low Pulse Width   Fast    RAMD32/CLK          n/a            1.250         10.000      8.750      SLICE_X50Y101  Sobel_design_i/axi_dma_0/U0/I_PRMRY_DATAMOVER/GEN_S2MM_FULL.I_S2MM_FULL_WRAPPER/GEN_ENABLE_INDET_BTT_SF.I_INDET_BTT/I_XD_FIFO/NON_BLK_MEM.I_SYNC_FIFOGEN_FIFO/xpm_fifo_instance.xpm_fifo_sync_inst/xpm_fifo_base_inst/gen_sdpram.xpm_memory_base_inst/gen_wr_a.gen_word_narrow.mem_reg_0_15_0_5/RAMC/CLK
High Pulse Width  Slow    RAMD32/CLK          n/a            1.250         10.000      8.750      SLICE_X50Y101  Sobel_design_i/axi_dma_0/U0/I_PRMRY_DATAMOVER/GEN_S2MM_FULL.I_S2MM_FULL_WRAPPER/GEN_ENABLE_INDET_BTT_SF.I_INDET_BTT/I_XD_FIFO/NON_BLK_MEM.I_SYNC_FIFOGEN_FIFO/xpm_fifo_instance.xpm_fifo_sync_inst/xpm_fifo_base_inst/gen_sdpram.xpm_memory_base_inst/gen_wr_a.gen_word_narrow.mem_reg_0_15_0_5/RAMA/CLK
High Pulse Width  Fast    RAMD32/CLK          n/a            1.250         10.000      8.750      SLICE_X50Y101  Sobel_design_i/axi_dma_0/U0/I_PRMRY_DATAMOVER/GEN_S2MM_FULL.I_S2MM_FULL_WRAPPER/GEN_ENABLE_INDET_BTT_SF.I_INDET_BTT/I_XD_FIFO/NON_BLK_MEM.I_SYNC_FIFOGEN_FIFO/xpm_fifo_instance.xpm_fifo_sync_inst/xpm_fifo_base_inst/gen_sdpram.xpm_memory_base_inst/gen_wr_a.gen_word_narrow.mem_reg_0_15_0_5/RAMA/CLK
High Pulse Width  Slow    RAMD32/CLK          n/a            1.250         10.000      8.750      SLICE_X50Y101  Sobel_design_i/axi_dma_0/U0/I_PRMRY_DATAMOVER/GEN_S2MM_FULL.I_S2MM_FULL_WRAPPER/GEN_ENABLE_INDET_BTT_SF.I_INDET_BTT/I_XD_FIFO/NON_BLK_MEM.I_SYNC_FIFOGEN_FIFO/xpm_fifo_instance.xpm_fifo_sync_inst/xpm_fifo_base_inst/gen_sdpram.xpm_memory_base_inst/gen_wr_a.gen_word_narrow.mem_reg_0_15_0_5/RAMA_D1/CLK
High Pulse Width  Fast    RAMD32/CLK          n/a            1.250         10.000      8.750      SLICE_X50Y101  Sobel_design_i/axi_dma_0/U0/I_PRMRY_DATAMOVER/GEN_S2MM_FULL.I_S2MM_FULL_WRAPPER/GEN_ENABLE_INDET_BTT_SF.I_INDET_BTT/I_XD_FIFO/NON_BLK_MEM.I_SYNC_FIFOGEN_FIFO/xpm_fifo_instance.xpm_fifo_sync_inst/xpm_fifo_base_inst/gen_sdpram.xpm_memory_base_inst/gen_wr_a.gen_word_narrow.mem_reg_0_15_0_5/RAMA_D1/CLK
High Pulse Width  Slow    RAMD32/CLK          n/a            1.250         10.000      8.750      SLICE_X50Y101  Sobel_design_i/axi_dma_0/U0/I_PRMRY_DATAMOVER/GEN_S2MM_FULL.I_S2MM_FULL_WRAPPER/GEN_ENABLE_INDET_BTT_SF.I_INDET_BTT/I_XD_FIFO/NON_BLK_MEM.I_SYNC_FIFOGEN_FIFO/xpm_fifo_instance.xpm_fifo_sync_inst/xpm_fifo_base_inst/gen_sdpram.xpm_memory_base_inst/gen_wr_a.gen_word_narrow.mem_reg_0_15_0_5/RAMB/CLK
High Pulse Width  Fast    RAMD32/CLK          n/a            1.250         10.000      8.750      SLICE_X50Y101  Sobel_design_i/axi_dma_0/U0/I_PRMRY_DATAMOVER/GEN_S2MM_FULL.I_S2MM_FULL_WRAPPER/GEN_ENABLE_INDET_BTT_SF.I_INDET_BTT/I_XD_FIFO/NON_BLK_MEM.I_SYNC_FIFOGEN_FIFO/xpm_fifo_instance.xpm_fifo_sync_inst/xpm_fifo_base_inst/gen_sdpram.xpm_memory_base_inst/gen_wr_a.gen_word_narrow.mem_reg_0_15_0_5/RAMB/CLK
High Pulse Width  Slow    RAMD32/CLK          n/a            1.250         10.000      8.750      SLICE_X50Y101  Sobel_design_i/axi_dma_0/U0/I_PRMRY_DATAMOVER/GEN_S2MM_FULL.I_S2MM_FULL_WRAPPER/GEN_ENABLE_INDET_BTT_SF.I_INDET_BTT/I_XD_FIFO/NON_BLK_MEM.I_SYNC_FIFOGEN_FIFO/xpm_fifo_instance.xpm_fifo_sync_inst/xpm_fifo_base_inst/gen_sdpram.xpm_memory_base_inst/gen_wr_a.gen_word_narrow.mem_reg_0_15_0_5/RAMB_D1/CLK
High Pulse Width  Fast    RAMD32/CLK          n/a            1.250         10.000      8.750      SLICE_X50Y101  Sobel_design_i/axi_dma_0/U0/I_PRMRY_DATAMOVER/GEN_S2MM_FULL.I_S2MM_FULL_WRAPPER/GEN_ENABLE_INDET_BTT_SF.I_INDET_BTT/I_XD_FIFO/NON_BLK_MEM.I_SYNC_FIFOGEN_FIFO/xpm_fifo_instance.xpm_fifo_sync_inst/xpm_fifo_base_inst/gen_sdpram.xpm_memory_base_inst/gen_wr_a.gen_word_narrow.mem_reg_0_15_0_5/RAMB_D1/CLK
High Pulse Width  Slow    RAMD32/CLK          n/a            1.250         10.000      8.750      SLICE_X50Y101  Sobel_design_i/axi_dma_0/U0/I_PRMRY_DATAMOVER/GEN_S2MM_FULL.I_S2MM_FULL_WRAPPER/GEN_ENABLE_INDET_BTT_SF.I_INDET_BTT/I_XD_FIFO/NON_BLK_MEM.I_SYNC_FIFOGEN_FIFO/xpm_fifo_instance.xpm_fifo_sync_inst/xpm_fifo_base_inst/gen_sdpram.xpm_memory_base_inst/gen_wr_a.gen_word_narrow.mem_reg_0_15_0_5/RAMC/CLK
High Pulse Width  Fast    RAMD32/CLK          n/a            1.250         10.000      8.750      SLICE_X50Y101  Sobel_design_i/axi_dma_0/U0/I_PRMRY_DATAMOVER/GEN_S2MM_FULL.I_S2MM_FULL_WRAPPER/GEN_ENABLE_INDET_BTT_SF.I_INDET_BTT/I_XD_FIFO/NON_BLK_MEM.I_SYNC_FIFOGEN_FIFO/xpm_fifo_instance.xpm_fifo_sync_inst/xpm_fifo_base_inst/gen_sdpram.xpm_memory_base_inst/gen_wr_a.gen_word_narrow.mem_reg_0_15_0_5/RAMC/CLK



--------------------------------------------------------------------------------------
Path Group:  (none)
From Clock:  
  To Clock:  clk_fpga_0

Max Delay             1 Endpoint
Min Delay             1 Endpoint
--------------------------------------------------------------------------------------


Max Delay Paths
--------------------------------------------------------------------------------------
Slack:                    inf
  Source:                 Sobel_design_i/processing_system7_0/inst/PS7_i/FCLKRESETN[0]
                            (internal pin)
  Destination:            Sobel_design_i/proc_sys_reset_0/U0/EXT_LPF/ACTIVE_LOW_EXT.ACT_LO_EXT/GENERATE_LEVEL_P_S_CDC.SINGLE_BIT.CROSS_PLEVEL_IN2SCNDRY_IN_cdc_to/D
                            (rising edge-triggered cell FDRE clocked by clk_fpga_0  {rise@0.000ns fall@10.000ns period=20.000ns})
  Path Group:             (none)
  Path Type:              Setup (Max at Slow Process Corner)
  Data Path Delay:        1.310ns  (logic 0.124ns (9.468%)  route 1.186ns (90.532%))
  Logic Levels:           1  (LUT1=1)
  Clock Uncertainty:      0.301ns  ((TSJ^2 + TIJ^2)^1/2 + DJ) / 2 + PE
    Total System Jitter     (TSJ):    0.050ns
    Total Input Jitter      (TIJ):    0.600ns
    Discrete Jitter          (DJ):    0.000ns
    Phase Error              (PE):    0.000ns
  Timing Exception:       False Path

    Location             Delay type                Incr(ns)  Path(ns)    Netlist Resource(s)
  -------------------------------------------------------------------    -------------------
    PS7_X0Y0             PS7                          0.000     0.000 f  Sobel_design_i/processing_system7_0/inst/PS7_i/FCLKRESETN[0]
                         net (fo=1, routed)           1.186     1.186    Sobel_design_i/proc_sys_reset_0/U0/EXT_LPF/ACTIVE_LOW_EXT.ACT_LO_EXT/ext_reset_in
    SLICE_X26Y83         LUT1 (Prop_lut1_I0_O)        0.124     1.310 r  Sobel_design_i/proc_sys_reset_0/U0/EXT_LPF/ACTIVE_LOW_EXT.ACT_LO_EXT/GENERATE_LEVEL_P_S_CDC.SINGLE_BIT.CROSS_PLEVEL_IN2SCNDRY_IN_cdc_to_i_1/O
                         net (fo=1, routed)           0.000     1.310    Sobel_design_i/proc_sys_reset_0/U0/EXT_LPF/ACTIVE_LOW_EXT.ACT_LO_EXT/exr_d1
    SLICE_X26Y83         FDRE                                         r  Sobel_design_i/proc_sys_reset_0/U0/EXT_LPF/ACTIVE_LOW_EXT.ACT_LO_EXT/GENERATE_LEVEL_P_S_CDC.SINGLE_BIT.CROSS_PLEVEL_IN2SCNDRY_IN_cdc_to/D
  -------------------------------------------------------------------    -------------------

                         (clock clk_fpga_0 rise edge)
                                                      0.000     0.000 r  
    PS7_X0Y0             PS7                          0.000     0.000 r  Sobel_design_i/processing_system7_0/inst/PS7_i/FCLKCLK[0]
                         net (fo=1, routed)           1.088     1.088    Sobel_design_i/processing_system7_0/inst/FCLK_CLK_unbuffered[0]
    BUFGCTRL_X0Y16       BUFG (Prop_bufg_I_O)         0.091     1.179 r  Sobel_design_i/processing_system7_0/inst/buffer_fclk_clk_0.FCLK_CLK_0_BUFG/O
                         net (fo=2809, routed)        1.514     2.693    Sobel_design_i/proc_sys_reset_0/U0/EXT_LPF/ACTIVE_LOW_EXT.ACT_LO_EXT/slowest_sync_clk
    SLICE_X26Y83         FDRE                                         r  Sobel_design_i/proc_sys_reset_0/U0/EXT_LPF/ACTIVE_LOW_EXT.ACT_LO_EXT/GENERATE_LEVEL_P_S_CDC.SINGLE_BIT.CROSS_PLEVEL_IN2SCNDRY_IN_cdc_to/C





Min Delay Paths
--------------------------------------------------------------------------------------
Slack:                    inf
  Source:                 Sobel_design_i/processing_system7_0/inst/PS7_i/FCLKRESETN[0]
                            (internal pin)
  Destination:            Sobel_design_i/proc_sys_reset_0/U0/EXT_LPF/ACTIVE_LOW_EXT.ACT_LO_EXT/GENERATE_LEVEL_P_S_CDC.SINGLE_BIT.CROSS_PLEVEL_IN2SCNDRY_IN_cdc_to/D
                            (rising edge-triggered cell FDRE clocked by clk_fpga_0  {rise@0.000ns fall@10.000ns period=20.000ns})
  Path Group:             (none)
  Path Type:              Hold (Min at Fast Process Corner)
  Data Path Delay:        0.451ns  (logic 0.045ns (9.984%)  route 0.406ns (90.016%))
  Logic Levels:           1  (LUT1=1)
  Clock Uncertainty:      0.301ns  ((TSJ^2 + TIJ^2)^1/2 + DJ) / 2 + PE
    Total System Jitter     (TSJ):    0.050ns
    Total Input Jitter      (TIJ):    0.600ns
    Discrete Jitter          (DJ):    0.000ns
    Phase Error              (PE):    0.000ns
  Timing Exception:       False Path

    Location             Delay type                Incr(ns)  Path(ns)    Netlist Resource(s)
  -------------------------------------------------------------------    -------------------
    PS7_X0Y0             PS7                          0.000     0.000 f  Sobel_design_i/processing_system7_0/inst/PS7_i/FCLKRESETN[0]
                         net (fo=1, routed)           0.406     0.406    Sobel_design_i/proc_sys_reset_0/U0/EXT_LPF/ACTIVE_LOW_EXT.ACT_LO_EXT/ext_reset_in
    SLICE_X26Y83         LUT1 (Prop_lut1_I0_O)        0.045     0.451 r  Sobel_design_i/proc_sys_reset_0/U0/EXT_LPF/ACTIVE_LOW_EXT.ACT_LO_EXT/GENERATE_LEVEL_P_S_CDC.SINGLE_BIT.CROSS_PLEVEL_IN2SCNDRY_IN_cdc_to_i_1/O
                         net (fo=1, routed)           0.000     0.451    Sobel_design_i/proc_sys_reset_0/U0/EXT_LPF/ACTIVE_LOW_EXT.ACT_LO_EXT/exr_d1
    SLICE_X26Y83         FDRE                                         r  Sobel_design_i/proc_sys_reset_0/U0/EXT_LPF/ACTIVE_LOW_EXT.ACT_LO_EXT/GENERATE_LEVEL_P_S_CDC.SINGLE_BIT.CROSS_PLEVEL_IN2SCNDRY_IN_cdc_to/D
  -------------------------------------------------------------------    -------------------

                         (clock clk_fpga_0 rise edge)
                                                      0.000     0.000 r  
    PS7_X0Y0             PS7                          0.000     0.000 r  Sobel_design_i/processing_system7_0/inst/PS7_i/FCLKCLK[0]
                         net (fo=1, routed)           0.337     0.337    Sobel_design_i/processing_system7_0/inst/FCLK_CLK_unbuffered[0]
    BUFGCTRL_X0Y16       BUFG (Prop_bufg_I_O)         0.029     0.366 r  Sobel_design_i/processing_system7_0/inst/buffer_fclk_clk_0.FCLK_CLK_0_BUFG/O
                         net (fo=2809, routed)        0.836     1.202    Sobel_design_i/proc_sys_reset_0/U0/EXT_LPF/ACTIVE_LOW_EXT.ACT_LO_EXT/slowest_sync_clk
    SLICE_X26Y83         FDRE                                         r  Sobel_design_i/proc_sys_reset_0/U0/EXT_LPF/ACTIVE_LOW_EXT.ACT_LO_EXT/GENERATE_LEVEL_P_S_CDC.SINGLE_BIT.CROSS_PLEVEL_IN2SCNDRY_IN_cdc_to/C





--------------------------------------------------------------------------------------
Path Group:  (none)
From Clock:  clk_fpga_0
  To Clock:  clk_fpga_0

Max Delay           118 Endpoints
Min Delay           118 Endpoints
--------------------------------------------------------------------------------------


Max Delay Paths
--------------------------------------------------------------------------------------
Slack:                    inf
  Source:                 Sobel_design_i/axi_smc/inst/clk_map/psr_aclk/U0/ACTIVE_LOW_BSR_OUT_DFF[0].FDRE_BSR_N/C
                            (rising edge-triggered cell FDRE clocked by clk_fpga_0  {rise@0.000ns fall@10.000ns period=20.000ns})
  Destination:            <hidden>
                            (recovery check against rising-edge clock clk_fpga_0  {rise@0.000ns fall@10.000ns period=20.000ns})
  Path Group:             (none)
  Path Type:              Recovery (Max at Slow Process Corner)
  Data Path Delay:        3.388ns  (logic 0.580ns (17.118%)  route 2.808ns (82.882%))
  Logic Levels:           1  (LUT1=1)
  Clock Path Skew:        -0.517ns (DCD - SCD + CPR)
    Destination Clock Delay (DCD):    2.659ns
    Source Clock Delay      (SCD):    3.176ns
    Clock Pessimism Removal (CPR):    0.000ns
  Clock Uncertainty:      0.302ns  ((TSJ^2 + TIJ^2)^1/2 + DJ) / 2 + PE
    Total System Jitter     (TSJ):    0.071ns
    Total Input Jitter      (TIJ):    0.600ns
    Discrete Jitter          (DJ):    0.000ns
    Phase Error              (PE):    0.000ns
  Timing Exception:       False Path

    Location             Delay type                Incr(ns)  Path(ns)    Netlist Resource(s)
  -------------------------------------------------------------------    -------------------
                         (clock clk_fpga_0 rise edge)
                                                      0.000     0.000 r  
    PS7_X0Y0             PS7                          0.000     0.000 r  Sobel_design_i/processing_system7_0/inst/PS7_i/FCLKCLK[0]
                         net (fo=1, routed)           1.193     1.193    Sobel_design_i/processing_system7_0/inst/FCLK_CLK_unbuffered[0]
    BUFGCTRL_X0Y16       BUFG (Prop_bufg_I_O)         0.101     1.294 r  Sobel_design_i/processing_system7_0/inst/buffer_fclk_clk_0.FCLK_CLK_0_BUFG/O
                         net (fo=2809, routed)        1.882     3.176    Sobel_design_i/axi_smc/inst/clk_map/psr_aclk/U0/aclk
    SLICE_X29Y117        FDRE                                         r  Sobel_design_i/axi_smc/inst/clk_map/psr_aclk/U0/ACTIVE_LOW_BSR_OUT_DFF[0].FDRE_BSR_N/C
  -------------------------------------------------------------------    -------------------
    SLICE_X29Y117        FDRE (Prop_fdre_C_Q)         0.456     3.632 r  Sobel_design_i/axi_smc/inst/clk_map/psr_aclk/U0/ACTIVE_LOW_BSR_OUT_DFF[0].FDRE_BSR_N/Q
                         net (fo=9, routed)           1.997     5.629    <hidden>
    SLICE_X39Y97         LUT1 (Prop_lut1_I0_O)        0.124     5.753 f  <hidden>
                         net (fo=3, routed)           0.811     6.564    <hidden>
    SLICE_X41Y97         FDCE                                         f  <hidden>
  -------------------------------------------------------------------    -------------------

                         (clock clk_fpga_0 rise edge)
                                                      0.000     0.000 r  
    PS7_X0Y0             PS7                          0.000     0.000 r  Sobel_design_i/processing_system7_0/inst/PS7_i/FCLKCLK[0]
                         net (fo=1, routed)           1.088     1.088    Sobel_design_i/processing_system7_0/inst/FCLK_CLK_unbuffered[0]
    BUFGCTRL_X0Y16       BUFG (Prop_bufg_I_O)         0.091     1.179 r  Sobel_design_i/processing_system7_0/inst/buffer_fclk_clk_0.FCLK_CLK_0_BUFG/O
                         net (fo=2809, routed)        1.480     2.659    <hidden>
    SLICE_X41Y97         FDCE                                         r  <hidden>

Slack:                    inf
  Source:                 Sobel_design_i/axi_smc/inst/clk_map/psr_aclk/U0/ACTIVE_LOW_BSR_OUT_DFF[0].FDRE_BSR_N/C
                            (rising edge-triggered cell FDRE clocked by clk_fpga_0  {rise@0.000ns fall@10.000ns period=20.000ns})
  Destination:            <hidden>
                            (recovery check against rising-edge clock clk_fpga_0  {rise@0.000ns fall@10.000ns period=20.000ns})
  Path Group:             (none)
  Path Type:              Recovery (Max at Slow Process Corner)
  Data Path Delay:        3.388ns  (logic 0.580ns (17.118%)  route 2.808ns (82.882%))
  Logic Levels:           1  (LUT1=1)
  Clock Path Skew:        -0.517ns (DCD - SCD + CPR)
    Destination Clock Delay (DCD):    2.659ns
    Source Clock Delay      (SCD):    3.176ns
    Clock Pessimism Removal (CPR):    0.000ns
  Clock Uncertainty:      0.302ns  ((TSJ^2 + TIJ^2)^1/2 + DJ) / 2 + PE
    Total System Jitter     (TSJ):    0.071ns
    Total Input Jitter      (TIJ):    0.600ns
    Discrete Jitter          (DJ):    0.000ns
    Phase Error              (PE):    0.000ns
  Timing Exception:       False Path

    Location             Delay type                Incr(ns)  Path(ns)    Netlist Resource(s)
  -------------------------------------------------------------------    -------------------
                         (clock clk_fpga_0 rise edge)
                                                      0.000     0.000 r  
    PS7_X0Y0             PS7                          0.000     0.000 r  Sobel_design_i/processing_system7_0/inst/PS7_i/FCLKCLK[0]
                         net (fo=1, routed)           1.193     1.193    Sobel_design_i/processing_system7_0/inst/FCLK_CLK_unbuffered[0]
    BUFGCTRL_X0Y16       BUFG (Prop_bufg_I_O)         0.101     1.294 r  Sobel_design_i/processing_system7_0/inst/buffer_fclk_clk_0.FCLK_CLK_0_BUFG/O
                         net (fo=2809, routed)        1.882     3.176    Sobel_design_i/axi_smc/inst/clk_map/psr_aclk/U0/aclk
    SLICE_X29Y117        FDRE                                         r  Sobel_design_i/axi_smc/inst/clk_map/psr_aclk/U0/ACTIVE_LOW_BSR_OUT_DFF[0].FDRE_BSR_N/C
  -------------------------------------------------------------------    -------------------
    SLICE_X29Y117        FDRE (Prop_fdre_C_Q)         0.456     3.632 r  Sobel_design_i/axi_smc/inst/clk_map/psr_aclk/U0/ACTIVE_LOW_BSR_OUT_DFF[0].FDRE_BSR_N/Q
                         net (fo=9, routed)           1.997     5.629    <hidden>
    SLICE_X39Y97         LUT1 (Prop_lut1_I0_O)        0.124     5.753 f  <hidden>
                         net (fo=3, routed)           0.811     6.564    <hidden>
    SLICE_X41Y97         FDCE                                         f  <hidden>
  -------------------------------------------------------------------    -------------------

                         (clock clk_fpga_0 rise edge)
                                                      0.000     0.000 r  
    PS7_X0Y0             PS7                          0.000     0.000 r  Sobel_design_i/processing_system7_0/inst/PS7_i/FCLKCLK[0]
                         net (fo=1, routed)           1.088     1.088    Sobel_design_i/processing_system7_0/inst/FCLK_CLK_unbuffered[0]
    BUFGCTRL_X0Y16       BUFG (Prop_bufg_I_O)         0.091     1.179 r  Sobel_design_i/processing_system7_0/inst/buffer_fclk_clk_0.FCLK_CLK_0_BUFG/O
                         net (fo=2809, routed)        1.480     2.659    <hidden>
    SLICE_X41Y97         FDCE                                         r  <hidden>

Slack:                    inf
  Source:                 Sobel_design_i/axi_smc/inst/clk_map/psr_aclk/U0/ACTIVE_LOW_BSR_OUT_DFF[0].FDRE_BSR_N/C
                            (rising edge-triggered cell FDRE clocked by clk_fpga_0  {rise@0.000ns fall@10.000ns period=20.000ns})
  Destination:            <hidden>
                            (recovery check against rising-edge clock clk_fpga_0  {rise@0.000ns fall@10.000ns period=20.000ns})
  Path Group:             (none)
  Path Type:              Recovery (Max at Slow Process Corner)
  Data Path Delay:        3.388ns  (logic 0.580ns (17.118%)  route 2.808ns (82.882%))
  Logic Levels:           1  (LUT1=1)
  Clock Path Skew:        -0.517ns (DCD - SCD + CPR)
    Destination Clock Delay (DCD):    2.659ns
    Source Clock Delay      (SCD):    3.176ns
    Clock Pessimism Removal (CPR):    0.000ns
  Clock Uncertainty:      0.302ns  ((TSJ^2 + TIJ^2)^1/2 + DJ) / 2 + PE
    Total System Jitter     (TSJ):    0.071ns
    Total Input Jitter      (TIJ):    0.600ns
    Discrete Jitter          (DJ):    0.000ns
    Phase Error              (PE):    0.000ns
  Timing Exception:       False Path

    Location             Delay type                Incr(ns)  Path(ns)    Netlist Resource(s)
  -------------------------------------------------------------------    -------------------
                         (clock clk_fpga_0 rise edge)
                                                      0.000     0.000 r  
    PS7_X0Y0             PS7                          0.000     0.000 r  Sobel_design_i/processing_system7_0/inst/PS7_i/FCLKCLK[0]
                         net (fo=1, routed)           1.193     1.193    Sobel_design_i/processing_system7_0/inst/FCLK_CLK_unbuffered[0]
    BUFGCTRL_X0Y16       BUFG (Prop_bufg_I_O)         0.101     1.294 r  Sobel_design_i/processing_system7_0/inst/buffer_fclk_clk_0.FCLK_CLK_0_BUFG/O
                         net (fo=2809, routed)        1.882     3.176    Sobel_design_i/axi_smc/inst/clk_map/psr_aclk/U0/aclk
    SLICE_X29Y117        FDRE                                         r  Sobel_design_i/axi_smc/inst/clk_map/psr_aclk/U0/ACTIVE_LOW_BSR_OUT_DFF[0].FDRE_BSR_N/C
  -------------------------------------------------------------------    -------------------
    SLICE_X29Y117        FDRE (Prop_fdre_C_Q)         0.456     3.632 r  Sobel_design_i/axi_smc/inst/clk_map/psr_aclk/U0/ACTIVE_LOW_BSR_OUT_DFF[0].FDRE_BSR_N/Q
                         net (fo=9, routed)           1.997     5.629    <hidden>
    SLICE_X39Y97         LUT1 (Prop_lut1_I0_O)        0.124     5.753 f  <hidden>
                         net (fo=3, routed)           0.811     6.564    <hidden>
    SLICE_X41Y97         FDCE                                         f  <hidden>
  -------------------------------------------------------------------    -------------------

                         (clock clk_fpga_0 rise edge)
                                                      0.000     0.000 r  
    PS7_X0Y0             PS7                          0.000     0.000 r  Sobel_design_i/processing_system7_0/inst/PS7_i/FCLKCLK[0]
                         net (fo=1, routed)           1.088     1.088    Sobel_design_i/processing_system7_0/inst/FCLK_CLK_unbuffered[0]
    BUFGCTRL_X0Y16       BUFG (Prop_bufg_I_O)         0.091     1.179 r  Sobel_design_i/processing_system7_0/inst/buffer_fclk_clk_0.FCLK_CLK_0_BUFG/O
                         net (fo=2809, routed)        1.480     2.659    <hidden>
    SLICE_X41Y97         FDCE                                         r  <hidden>

Slack:                    inf
  Source:                 Sobel_design_i/axi_smc/inst/clk_map/psr_aclk/U0/ACTIVE_LOW_BSR_OUT_DFF[0].FDRE_BSR_N/C
                            (rising edge-triggered cell FDRE clocked by clk_fpga_0  {rise@0.000ns fall@10.000ns period=20.000ns})
  Destination:            <hidden>
                            (recovery check against rising-edge clock clk_fpga_0  {rise@0.000ns fall@10.000ns period=20.000ns})
  Path Group:             (none)
  Path Type:              Recovery (Max at Slow Process Corner)
  Data Path Delay:        3.380ns  (logic 0.580ns (17.159%)  route 2.800ns (82.841%))
  Logic Levels:           1  (LUT1=1)
  Clock Path Skew:        -0.518ns (DCD - SCD + CPR)
    Destination Clock Delay (DCD):    2.658ns
    Source Clock Delay      (SCD):    3.176ns
    Clock Pessimism Removal (CPR):    0.000ns
  Clock Uncertainty:      0.302ns  ((TSJ^2 + TIJ^2)^1/2 + DJ) / 2 + PE
    Total System Jitter     (TSJ):    0.071ns
    Total Input Jitter      (TIJ):    0.600ns
    Discrete Jitter          (DJ):    0.000ns
    Phase Error              (PE):    0.000ns
  Timing Exception:       False Path

    Location             Delay type                Incr(ns)  Path(ns)    Netlist Resource(s)
  -------------------------------------------------------------------    -------------------
                         (clock clk_fpga_0 rise edge)
                                                      0.000     0.000 r  
    PS7_X0Y0             PS7                          0.000     0.000 r  Sobel_design_i/processing_system7_0/inst/PS7_i/FCLKCLK[0]
                         net (fo=1, routed)           1.193     1.193    Sobel_design_i/processing_system7_0/inst/FCLK_CLK_unbuffered[0]
    BUFGCTRL_X0Y16       BUFG (Prop_bufg_I_O)         0.101     1.294 r  Sobel_design_i/processing_system7_0/inst/buffer_fclk_clk_0.FCLK_CLK_0_BUFG/O
                         net (fo=2809, routed)        1.882     3.176    Sobel_design_i/axi_smc/inst/clk_map/psr_aclk/U0/aclk
    SLICE_X29Y117        FDRE                                         r  Sobel_design_i/axi_smc/inst/clk_map/psr_aclk/U0/ACTIVE_LOW_BSR_OUT_DFF[0].FDRE_BSR_N/C
  -------------------------------------------------------------------    -------------------
    SLICE_X29Y117        FDRE (Prop_fdre_C_Q)         0.456     3.632 r  Sobel_design_i/axi_smc/inst/clk_map/psr_aclk/U0/ACTIVE_LOW_BSR_OUT_DFF[0].FDRE_BSR_N/Q
                         net (fo=9, routed)           1.983     5.615    <hidden>
    SLICE_X39Y95         LUT1 (Prop_lut1_I0_O)        0.124     5.739 f  <hidden>
                         net (fo=3, routed)           0.818     6.556    <hidden>
    SLICE_X38Y95         FDCE                                         f  <hidden>
  -------------------------------------------------------------------    -------------------

                         (clock clk_fpga_0 rise edge)
                                                      0.000     0.000 r  
    PS7_X0Y0             PS7                          0.000     0.000 r  Sobel_design_i/processing_system7_0/inst/PS7_i/FCLKCLK[0]
                         net (fo=1, routed)           1.088     1.088    Sobel_design_i/processing_system7_0/inst/FCLK_CLK_unbuffered[0]
    BUFGCTRL_X0Y16       BUFG (Prop_bufg_I_O)         0.091     1.179 r  Sobel_design_i/processing_system7_0/inst/buffer_fclk_clk_0.FCLK_CLK_0_BUFG/O
                         net (fo=2809, routed)        1.479     2.658    <hidden>
    SLICE_X38Y95         FDCE                                         r  <hidden>

Slack:                    inf
  Source:                 Sobel_design_i/axi_smc/inst/clk_map/psr_aclk/U0/ACTIVE_LOW_BSR_OUT_DFF[0].FDRE_BSR_N/C
                            (rising edge-triggered cell FDRE clocked by clk_fpga_0  {rise@0.000ns fall@10.000ns period=20.000ns})
  Destination:            <hidden>
                            (recovery check against rising-edge clock clk_fpga_0  {rise@0.000ns fall@10.000ns period=20.000ns})
  Path Group:             (none)
  Path Type:              Recovery (Max at Slow Process Corner)
  Data Path Delay:        3.380ns  (logic 0.580ns (17.159%)  route 2.800ns (82.841%))
  Logic Levels:           1  (LUT1=1)
  Clock Path Skew:        -0.518ns (DCD - SCD + CPR)
    Destination Clock Delay (DCD):    2.658ns
    Source Clock Delay      (SCD):    3.176ns
    Clock Pessimism Removal (CPR):    0.000ns
  Clock Uncertainty:      0.302ns  ((TSJ^2 + TIJ^2)^1/2 + DJ) / 2 + PE
    Total System Jitter     (TSJ):    0.071ns
    Total Input Jitter      (TIJ):    0.600ns
    Discrete Jitter          (DJ):    0.000ns
    Phase Error              (PE):    0.000ns
  Timing Exception:       False Path

    Location             Delay type                Incr(ns)  Path(ns)    Netlist Resource(s)
  -------------------------------------------------------------------    -------------------
                         (clock clk_fpga_0 rise edge)
                                                      0.000     0.000 r  
    PS7_X0Y0             PS7                          0.000     0.000 r  Sobel_design_i/processing_system7_0/inst/PS7_i/FCLKCLK[0]
                         net (fo=1, routed)           1.193     1.193    Sobel_design_i/processing_system7_0/inst/FCLK_CLK_unbuffered[0]
    BUFGCTRL_X0Y16       BUFG (Prop_bufg_I_O)         0.101     1.294 r  Sobel_design_i/processing_system7_0/inst/buffer_fclk_clk_0.FCLK_CLK_0_BUFG/O
                         net (fo=2809, routed)        1.882     3.176    Sobel_design_i/axi_smc/inst/clk_map/psr_aclk/U0/aclk
    SLICE_X29Y117        FDRE                                         r  Sobel_design_i/axi_smc/inst/clk_map/psr_aclk/U0/ACTIVE_LOW_BSR_OUT_DFF[0].FDRE_BSR_N/C
  -------------------------------------------------------------------    -------------------
    SLICE_X29Y117        FDRE (Prop_fdre_C_Q)         0.456     3.632 r  Sobel_design_i/axi_smc/inst/clk_map/psr_aclk/U0/ACTIVE_LOW_BSR_OUT_DFF[0].FDRE_BSR_N/Q
                         net (fo=9, routed)           1.983     5.615    <hidden>
    SLICE_X39Y95         LUT1 (Prop_lut1_I0_O)        0.124     5.739 f  <hidden>
                         net (fo=3, routed)           0.818     6.556    <hidden>
    SLICE_X38Y95         FDCE                                         f  <hidden>
  -------------------------------------------------------------------    -------------------

                         (clock clk_fpga_0 rise edge)
                                                      0.000     0.000 r  
    PS7_X0Y0             PS7                          0.000     0.000 r  Sobel_design_i/processing_system7_0/inst/PS7_i/FCLKCLK[0]
                         net (fo=1, routed)           1.088     1.088    Sobel_design_i/processing_system7_0/inst/FCLK_CLK_unbuffered[0]
    BUFGCTRL_X0Y16       BUFG (Prop_bufg_I_O)         0.091     1.179 r  Sobel_design_i/processing_system7_0/inst/buffer_fclk_clk_0.FCLK_CLK_0_BUFG/O
                         net (fo=2809, routed)        1.479     2.658    <hidden>
    SLICE_X38Y95         FDCE                                         r  <hidden>

Slack:                    inf
  Source:                 Sobel_design_i/axi_smc/inst/clk_map/psr_aclk/U0/ACTIVE_LOW_BSR_OUT_DFF[0].FDRE_BSR_N/C
                            (rising edge-triggered cell FDRE clocked by clk_fpga_0  {rise@0.000ns fall@10.000ns period=20.000ns})
  Destination:            <hidden>
                            (recovery check against rising-edge clock clk_fpga_0  {rise@0.000ns fall@10.000ns period=20.000ns})
  Path Group:             (none)
  Path Type:              Recovery (Max at Slow Process Corner)
  Data Path Delay:        3.380ns  (logic 0.580ns (17.159%)  route 2.800ns (82.841%))
  Logic Levels:           1  (LUT1=1)
  Clock Path Skew:        -0.518ns (DCD - SCD + CPR)
    Destination Clock Delay (DCD):    2.658ns
    Source Clock Delay      (SCD):    3.176ns
    Clock Pessimism Removal (CPR):    0.000ns
  Clock Uncertainty:      0.302ns  ((TSJ^2 + TIJ^2)^1/2 + DJ) / 2 + PE
    Total System Jitter     (TSJ):    0.071ns
    Total Input Jitter      (TIJ):    0.600ns
    Discrete Jitter          (DJ):    0.000ns
    Phase Error              (PE):    0.000ns
  Timing Exception:       False Path

    Location             Delay type                Incr(ns)  Path(ns)    Netlist Resource(s)
  -------------------------------------------------------------------    -------------------
                         (clock clk_fpga_0 rise edge)
                                                      0.000     0.000 r  
    PS7_X0Y0             PS7                          0.000     0.000 r  Sobel_design_i/processing_system7_0/inst/PS7_i/FCLKCLK[0]
                         net (fo=1, routed)           1.193     1.193    Sobel_design_i/processing_system7_0/inst/FCLK_CLK_unbuffered[0]
    BUFGCTRL_X0Y16       BUFG (Prop_bufg_I_O)         0.101     1.294 r  Sobel_design_i/processing_system7_0/inst/buffer_fclk_clk_0.FCLK_CLK_0_BUFG/O
                         net (fo=2809, routed)        1.882     3.176    Sobel_design_i/axi_smc/inst/clk_map/psr_aclk/U0/aclk
    SLICE_X29Y117        FDRE                                         r  Sobel_design_i/axi_smc/inst/clk_map/psr_aclk/U0/ACTIVE_LOW_BSR_OUT_DFF[0].FDRE_BSR_N/C
  -------------------------------------------------------------------    -------------------
    SLICE_X29Y117        FDRE (Prop_fdre_C_Q)         0.456     3.632 r  Sobel_design_i/axi_smc/inst/clk_map/psr_aclk/U0/ACTIVE_LOW_BSR_OUT_DFF[0].FDRE_BSR_N/Q
                         net (fo=9, routed)           1.983     5.615    <hidden>
    SLICE_X39Y95         LUT1 (Prop_lut1_I0_O)        0.124     5.739 f  <hidden>
                         net (fo=3, routed)           0.818     6.556    <hidden>
    SLICE_X38Y95         FDCE                                         f  <hidden>
  -------------------------------------------------------------------    -------------------

                         (clock clk_fpga_0 rise edge)
                                                      0.000     0.000 r  
    PS7_X0Y0             PS7                          0.000     0.000 r  Sobel_design_i/processing_system7_0/inst/PS7_i/FCLKCLK[0]
                         net (fo=1, routed)           1.088     1.088    Sobel_design_i/processing_system7_0/inst/FCLK_CLK_unbuffered[0]
    BUFGCTRL_X0Y16       BUFG (Prop_bufg_I_O)         0.091     1.179 r  Sobel_design_i/processing_system7_0/inst/buffer_fclk_clk_0.FCLK_CLK_0_BUFG/O
                         net (fo=2809, routed)        1.479     2.658    <hidden>
    SLICE_X38Y95         FDCE                                         r  <hidden>

Slack:                    inf
  Source:                 Sobel_design_i/axi_smc/inst/clk_map/psr_aclk/U0/ACTIVE_LOW_BSR_OUT_DFF[0].FDRE_BSR_N/C
                            (rising edge-triggered cell FDRE clocked by clk_fpga_0  {rise@0.000ns fall@10.000ns period=20.000ns})
  Destination:            <hidden>
                            (recovery check against rising-edge clock clk_fpga_0  {rise@0.000ns fall@10.000ns period=20.000ns})
  Path Group:             (none)
  Path Type:              Recovery (Max at Slow Process Corner)
  Data Path Delay:        3.123ns  (logic 0.609ns (19.498%)  route 2.514ns (80.502%))
  Logic Levels:           1  (LUT1=1)
  Clock Path Skew:        -0.518ns (DCD - SCD + CPR)
    Destination Clock Delay (DCD):    2.658ns
    Source Clock Delay      (SCD):    3.176ns
    Clock Pessimism Removal (CPR):    0.000ns
  Clock Uncertainty:      0.302ns  ((TSJ^2 + TIJ^2)^1/2 + DJ) / 2 + PE
    Total System Jitter     (TSJ):    0.071ns
    Total Input Jitter      (TIJ):    0.600ns
    Discrete Jitter          (DJ):    0.000ns
    Phase Error              (PE):    0.000ns
  Timing Exception:       False Path

    Location             Delay type                Incr(ns)  Path(ns)    Netlist Resource(s)
  -------------------------------------------------------------------    -------------------
                         (clock clk_fpga_0 rise edge)
                                                      0.000     0.000 r  
    PS7_X0Y0             PS7                          0.000     0.000 r  Sobel_design_i/processing_system7_0/inst/PS7_i/FCLKCLK[0]
                         net (fo=1, routed)           1.193     1.193    Sobel_design_i/processing_system7_0/inst/FCLK_CLK_unbuffered[0]
    BUFGCTRL_X0Y16       BUFG (Prop_bufg_I_O)         0.101     1.294 r  Sobel_design_i/processing_system7_0/inst/buffer_fclk_clk_0.FCLK_CLK_0_BUFG/O
                         net (fo=2809, routed)        1.882     3.176    Sobel_design_i/axi_smc/inst/clk_map/psr_aclk/U0/aclk
    SLICE_X29Y117        FDRE                                         r  Sobel_design_i/axi_smc/inst/clk_map/psr_aclk/U0/ACTIVE_LOW_BSR_OUT_DFF[0].FDRE_BSR_N/C
  -------------------------------------------------------------------    -------------------
    SLICE_X29Y117        FDRE (Prop_fdre_C_Q)         0.456     3.632 r  Sobel_design_i/axi_smc/inst/clk_map/psr_aclk/U0/ACTIVE_LOW_BSR_OUT_DFF[0].FDRE_BSR_N/Q
                         net (fo=9, routed)           1.983     5.615    <hidden>
    SLICE_X39Y95         LUT1 (Prop_lut1_I0_O)        0.153     5.768 f  <hidden>
                         net (fo=3, routed)           0.532     6.299    <hidden>
    SLICE_X39Y95         FDCE                                         f  <hidden>
  -------------------------------------------------------------------    -------------------

                         (clock clk_fpga_0 rise edge)
                                                      0.000     0.000 r  
    PS7_X0Y0             PS7                          0.000     0.000 r  Sobel_design_i/processing_system7_0/inst/PS7_i/FCLKCLK[0]
                         net (fo=1, routed)           1.088     1.088    Sobel_design_i/processing_system7_0/inst/FCLK_CLK_unbuffered[0]
    BUFGCTRL_X0Y16       BUFG (Prop_bufg_I_O)         0.091     1.179 r  Sobel_design_i/processing_system7_0/inst/buffer_fclk_clk_0.FCLK_CLK_0_BUFG/O
                         net (fo=2809, routed)        1.479     2.658    <hidden>
    SLICE_X39Y95         FDCE                                         r  <hidden>

Slack:                    inf
  Source:                 Sobel_design_i/axi_smc/inst/clk_map/psr_aclk/U0/ACTIVE_LOW_BSR_OUT_DFF[0].FDRE_BSR_N/C
                            (rising edge-triggered cell FDRE clocked by clk_fpga_0  {rise@0.000ns fall@10.000ns period=20.000ns})
  Destination:            <hidden>
                            (recovery check against rising-edge clock clk_fpga_0  {rise@0.000ns fall@10.000ns period=20.000ns})
  Path Group:             (none)
  Path Type:              Recovery (Max at Slow Process Corner)
  Data Path Delay:        3.123ns  (logic 0.609ns (19.498%)  route 2.514ns (80.502%))
  Logic Levels:           1  (LUT1=1)
  Clock Path Skew:        -0.518ns (DCD - SCD + CPR)
    Destination Clock Delay (DCD):    2.658ns
    Source Clock Delay      (SCD):    3.176ns
    Clock Pessimism Removal (CPR):    0.000ns
  Clock Uncertainty:      0.302ns  ((TSJ^2 + TIJ^2)^1/2 + DJ) / 2 + PE
    Total System Jitter     (TSJ):    0.071ns
    Total Input Jitter      (TIJ):    0.600ns
    Discrete Jitter          (DJ):    0.000ns
    Phase Error              (PE):    0.000ns
  Timing Exception:       False Path

    Location             Delay type                Incr(ns)  Path(ns)    Netlist Resource(s)
  -------------------------------------------------------------------    -------------------
                         (clock clk_fpga_0 rise edge)
                                                      0.000     0.000 r  
    PS7_X0Y0             PS7                          0.000     0.000 r  Sobel_design_i/processing_system7_0/inst/PS7_i/FCLKCLK[0]
                         net (fo=1, routed)           1.193     1.193    Sobel_design_i/processing_system7_0/inst/FCLK_CLK_unbuffered[0]
    BUFGCTRL_X0Y16       BUFG (Prop_bufg_I_O)         0.101     1.294 r  Sobel_design_i/processing_system7_0/inst/buffer_fclk_clk_0.FCLK_CLK_0_BUFG/O
                         net (fo=2809, routed)        1.882     3.176    Sobel_design_i/axi_smc/inst/clk_map/psr_aclk/U0/aclk
    SLICE_X29Y117        FDRE                                         r  Sobel_design_i/axi_smc/inst/clk_map/psr_aclk/U0/ACTIVE_LOW_BSR_OUT_DFF[0].FDRE_BSR_N/C
  -------------------------------------------------------------------    -------------------
    SLICE_X29Y117        FDRE (Prop_fdre_C_Q)         0.456     3.632 r  Sobel_design_i/axi_smc/inst/clk_map/psr_aclk/U0/ACTIVE_LOW_BSR_OUT_DFF[0].FDRE_BSR_N/Q
                         net (fo=9, routed)           1.983     5.615    <hidden>
    SLICE_X39Y95         LUT1 (Prop_lut1_I0_O)        0.153     5.768 f  <hidden>
                         net (fo=3, routed)           0.532     6.299    <hidden>
    SLICE_X39Y95         FDCE                                         f  <hidden>
  -------------------------------------------------------------------    -------------------

                         (clock clk_fpga_0 rise edge)
                                                      0.000     0.000 r  
    PS7_X0Y0             PS7                          0.000     0.000 r  Sobel_design_i/processing_system7_0/inst/PS7_i/FCLKCLK[0]
                         net (fo=1, routed)           1.088     1.088    Sobel_design_i/processing_system7_0/inst/FCLK_CLK_unbuffered[0]
    BUFGCTRL_X0Y16       BUFG (Prop_bufg_I_O)         0.091     1.179 r  Sobel_design_i/processing_system7_0/inst/buffer_fclk_clk_0.FCLK_CLK_0_BUFG/O
                         net (fo=2809, routed)        1.479     2.658    <hidden>
    SLICE_X39Y95         FDCE                                         r  <hidden>

Slack:                    inf
  Source:                 Sobel_design_i/axi_smc/inst/clk_map/psr_aclk/U0/ACTIVE_LOW_BSR_OUT_DFF[0].FDRE_BSR_N/C
                            (rising edge-triggered cell FDRE clocked by clk_fpga_0  {rise@0.000ns fall@10.000ns period=20.000ns})
  Destination:            <hidden>
                            (recovery check against rising-edge clock clk_fpga_0  {rise@0.000ns fall@10.000ns period=20.000ns})
  Path Group:             (none)
  Path Type:              Recovery (Max at Slow Process Corner)
  Data Path Delay:        3.123ns  (logic 0.609ns (19.498%)  route 2.514ns (80.502%))
  Logic Levels:           1  (LUT1=1)
  Clock Path Skew:        -0.518ns (DCD - SCD + CPR)
    Destination Clock Delay (DCD):    2.658ns
    Source Clock Delay      (SCD):    3.176ns
    Clock Pessimism Removal (CPR):    0.000ns
  Clock Uncertainty:      0.302ns  ((TSJ^2 + TIJ^2)^1/2 + DJ) / 2 + PE
    Total System Jitter     (TSJ):    0.071ns
    Total Input Jitter      (TIJ):    0.600ns
    Discrete Jitter          (DJ):    0.000ns
    Phase Error              (PE):    0.000ns
  Timing Exception:       False Path

    Location             Delay type                Incr(ns)  Path(ns)    Netlist Resource(s)
  -------------------------------------------------------------------    -------------------
                         (clock clk_fpga_0 rise edge)
                                                      0.000     0.000 r  
    PS7_X0Y0             PS7                          0.000     0.000 r  Sobel_design_i/processing_system7_0/inst/PS7_i/FCLKCLK[0]
                         net (fo=1, routed)           1.193     1.193    Sobel_design_i/processing_system7_0/inst/FCLK_CLK_unbuffered[0]
    BUFGCTRL_X0Y16       BUFG (Prop_bufg_I_O)         0.101     1.294 r  Sobel_design_i/processing_system7_0/inst/buffer_fclk_clk_0.FCLK_CLK_0_BUFG/O
                         net (fo=2809, routed)        1.882     3.176    Sobel_design_i/axi_smc/inst/clk_map/psr_aclk/U0/aclk
    SLICE_X29Y117        FDRE                                         r  Sobel_design_i/axi_smc/inst/clk_map/psr_aclk/U0/ACTIVE_LOW_BSR_OUT_DFF[0].FDRE_BSR_N/C
  -------------------------------------------------------------------    -------------------
    SLICE_X29Y117        FDRE (Prop_fdre_C_Q)         0.456     3.632 r  Sobel_design_i/axi_smc/inst/clk_map/psr_aclk/U0/ACTIVE_LOW_BSR_OUT_DFF[0].FDRE_BSR_N/Q
                         net (fo=9, routed)           1.983     5.615    <hidden>
    SLICE_X39Y95         LUT1 (Prop_lut1_I0_O)        0.153     5.768 f  <hidden>
                         net (fo=3, routed)           0.532     6.299    <hidden>
    SLICE_X39Y95         FDCE                                         f  <hidden>
  -------------------------------------------------------------------    -------------------

                         (clock clk_fpga_0 rise edge)
                                                      0.000     0.000 r  
    PS7_X0Y0             PS7                          0.000     0.000 r  Sobel_design_i/processing_system7_0/inst/PS7_i/FCLKCLK[0]
                         net (fo=1, routed)           1.088     1.088    Sobel_design_i/processing_system7_0/inst/FCLK_CLK_unbuffered[0]
    BUFGCTRL_X0Y16       BUFG (Prop_bufg_I_O)         0.091     1.179 r  Sobel_design_i/processing_system7_0/inst/buffer_fclk_clk_0.FCLK_CLK_0_BUFG/O
                         net (fo=2809, routed)        1.479     2.658    <hidden>
    SLICE_X39Y95         FDCE                                         r  <hidden>

Slack:                    inf
  Source:                 Sobel_design_i/axi_smc/inst/clk_map/psr_aclk/U0/ACTIVE_LOW_BSR_OUT_DFF[0].FDRE_BSR_N/C
                            (rising edge-triggered cell FDRE clocked by clk_fpga_0  {rise@0.000ns fall@10.000ns period=20.000ns})
  Destination:            <hidden>
                            (recovery check against rising-edge clock clk_fpga_0  {rise@0.000ns fall@10.000ns period=20.000ns})
  Path Group:             (none)
  Path Type:              Recovery (Max at Slow Process Corner)
  Data Path Delay:        3.114ns  (logic 0.573ns (18.403%)  route 2.541ns (81.597%))
  Logic Levels:           1  (LUT1=1)
  Clock Path Skew:        -0.518ns (DCD - SCD + CPR)
    Destination Clock Delay (DCD):    2.658ns
    Source Clock Delay      (SCD):    3.176ns
    Clock Pessimism Removal (CPR):    0.000ns
  Clock Uncertainty:      0.302ns  ((TSJ^2 + TIJ^2)^1/2 + DJ) / 2 + PE
    Total System Jitter     (TSJ):    0.071ns
    Total Input Jitter      (TIJ):    0.600ns
    Discrete Jitter          (DJ):    0.000ns
    Phase Error              (PE):    0.000ns
  Timing Exception:       False Path

    Location             Delay type                Incr(ns)  Path(ns)    Netlist Resource(s)
  -------------------------------------------------------------------    -------------------
                         (clock clk_fpga_0 rise edge)
                                                      0.000     0.000 r  
    PS7_X0Y0             PS7                          0.000     0.000 r  Sobel_design_i/processing_system7_0/inst/PS7_i/FCLKCLK[0]
                         net (fo=1, routed)           1.193     1.193    Sobel_design_i/processing_system7_0/inst/FCLK_CLK_unbuffered[0]
    BUFGCTRL_X0Y16       BUFG (Prop_bufg_I_O)         0.101     1.294 r  Sobel_design_i/processing_system7_0/inst/buffer_fclk_clk_0.FCLK_CLK_0_BUFG/O
                         net (fo=2809, routed)        1.882     3.176    Sobel_design_i/axi_smc/inst/clk_map/psr_aclk/U0/aclk
    SLICE_X29Y117        FDRE                                         r  Sobel_design_i/axi_smc/inst/clk_map/psr_aclk/U0/ACTIVE_LOW_BSR_OUT_DFF[0].FDRE_BSR_N/C
  -------------------------------------------------------------------    -------------------
    SLICE_X29Y117        FDRE (Prop_fdre_C_Q)         0.456     3.632 r  Sobel_design_i/axi_smc/inst/clk_map/psr_aclk/U0/ACTIVE_LOW_BSR_OUT_DFF[0].FDRE_BSR_N/Q
                         net (fo=9, routed)           1.905     5.537    <hidden>
    SLICE_X38Y93         LUT1 (Prop_lut1_I0_O)        0.117     5.654 f  <hidden>
                         net (fo=3, routed)           0.636     6.290    <hidden>
    SLICE_X40Y93         FDCE                                         f  <hidden>
  -------------------------------------------------------------------    -------------------

                         (clock clk_fpga_0 rise edge)
                                                      0.000     0.000 r  
    PS7_X0Y0             PS7                          0.000     0.000 r  Sobel_design_i/processing_system7_0/inst/PS7_i/FCLKCLK[0]
                         net (fo=1, routed)           1.088     1.088    Sobel_design_i/processing_system7_0/inst/FCLK_CLK_unbuffered[0]
    BUFGCTRL_X0Y16       BUFG (Prop_bufg_I_O)         0.091     1.179 r  Sobel_design_i/processing_system7_0/inst/buffer_fclk_clk_0.FCLK_CLK_0_BUFG/O
                         net (fo=2809, routed)        1.479     2.658    <hidden>
    SLICE_X40Y93         FDCE                                         r  <hidden>





Min Delay Paths
--------------------------------------------------------------------------------------
Slack:                    inf
  Source:                 <hidden>
                            (rising edge-triggered cell FDRE clocked by clk_fpga_0  {rise@0.000ns fall@10.000ns period=20.000ns})
  Destination:            Sobel_design_i/axi_dma_0/U0/I_AXI_DMA_REG_MODULE/GEN_AXI_LITE_IF.AXI_LITE_IF_I/GEN_ASYNC_READ.REG_RADDR_TO_IPCLK/GENERATE_LEVEL_P_S_CDC.MULTI_BIT.FOR_IN_cdc_to[9].CROSS2_PLEVEL_IN2SCNDRY_IN_cdc_to/D
                            (rising edge-triggered cell FDRE clocked by clk_fpga_0  {rise@0.000ns fall@10.000ns period=20.000ns})
  Path Group:             (none)
  Path Type:              Hold (Min at Fast Process Corner)
  Data Path Delay:        0.237ns  (logic 0.141ns (59.450%)  route 0.096ns (40.550%))
  Logic Levels:           0  
  Clock Path Skew:        0.298ns (DCD - SCD - CPR)
    Destination Clock Delay (DCD):    1.189ns
    Source Clock Delay      (SCD):    0.891ns
    Clock Pessimism Removal (CPR):    -0.000ns
  Clock Uncertainty:      0.302ns  ((TSJ^2 + TIJ^2)^1/2 + DJ) / 2 + PE
    Total System Jitter     (TSJ):    0.071ns
    Total Input Jitter      (TIJ):    0.600ns
    Discrete Jitter          (DJ):    0.000ns
    Phase Error              (PE):    0.000ns
  Timing Exception:       False Path

    Location             Delay type                Incr(ns)  Path(ns)    Netlist Resource(s)
  -------------------------------------------------------------------    -------------------
                         (clock clk_fpga_0 rise edge)
                                                      0.000     0.000 r  
    PS7_X0Y0             PS7                          0.000     0.000 r  Sobel_design_i/processing_system7_0/inst/PS7_i/FCLKCLK[0]
                         net (fo=1, routed)           0.310     0.310    Sobel_design_i/processing_system7_0/inst/FCLK_CLK_unbuffered[0]
    BUFGCTRL_X0Y16       BUFG (Prop_bufg_I_O)         0.026     0.336 r  Sobel_design_i/processing_system7_0/inst/buffer_fclk_clk_0.FCLK_CLK_0_BUFG/O
                         net (fo=2809, routed)        0.555     0.891    <hidden>
    SLICE_X37Y92         FDRE                                         r  <hidden>
  -------------------------------------------------------------------    -------------------
    SLICE_X37Y92         FDRE (Prop_fdre_C_Q)         0.141     1.032 r  <hidden>
                         net (fo=1, routed)           0.096     1.128    Sobel_design_i/axi_dma_0/U0/I_AXI_DMA_REG_MODULE/GEN_AXI_LITE_IF.AXI_LITE_IF_I/GEN_ASYNC_READ.REG_RADDR_TO_IPCLK/s_axi_lite_araddr[9]
    SLICE_X39Y92         FDRE                                         r  Sobel_design_i/axi_dma_0/U0/I_AXI_DMA_REG_MODULE/GEN_AXI_LITE_IF.AXI_LITE_IF_I/GEN_ASYNC_READ.REG_RADDR_TO_IPCLK/GENERATE_LEVEL_P_S_CDC.MULTI_BIT.FOR_IN_cdc_to[9].CROSS2_PLEVEL_IN2SCNDRY_IN_cdc_to/D
  -------------------------------------------------------------------    -------------------

                         (clock clk_fpga_0 rise edge)
                                                      0.000     0.000 r  
    PS7_X0Y0             PS7                          0.000     0.000 r  Sobel_design_i/processing_system7_0/inst/PS7_i/FCLKCLK[0]
                         net (fo=1, routed)           0.337     0.337    Sobel_design_i/processing_system7_0/inst/FCLK_CLK_unbuffered[0]
    BUFGCTRL_X0Y16       BUFG (Prop_bufg_I_O)         0.029     0.366 r  Sobel_design_i/processing_system7_0/inst/buffer_fclk_clk_0.FCLK_CLK_0_BUFG/O
                         net (fo=2809, routed)        0.823     1.189    Sobel_design_i/axi_dma_0/U0/I_AXI_DMA_REG_MODULE/GEN_AXI_LITE_IF.AXI_LITE_IF_I/GEN_ASYNC_READ.REG_RADDR_TO_IPCLK/m_axi_sg_aclk
    SLICE_X39Y92         FDRE                                         r  Sobel_design_i/axi_dma_0/U0/I_AXI_DMA_REG_MODULE/GEN_AXI_LITE_IF.AXI_LITE_IF_I/GEN_ASYNC_READ.REG_RADDR_TO_IPCLK/GENERATE_LEVEL_P_S_CDC.MULTI_BIT.FOR_IN_cdc_to[9].CROSS2_PLEVEL_IN2SCNDRY_IN_cdc_to/C

Slack:                    inf
  Source:                 Sobel_design_i/axi_dma_0/U0/I_AXI_DMA_REG_MODULE/GEN_AXI_LITE_IF.AXI_LITE_IF_I/GEN_ASYNC_READ.lite_rdata_cdc_from_reg[10]/C
                            (rising edge-triggered cell FDRE clocked by clk_fpga_0  {rise@0.000ns fall@10.000ns period=20.000ns})
  Destination:            Sobel_design_i/axi_dma_0/U0/I_AXI_DMA_REG_MODULE/GEN_AXI_LITE_IF.AXI_LITE_IF_I/GEN_ASYNC_READ.REG_DATA2LITE_CLOCK/GENERATE_LEVEL_P_S_CDC.MULTI_BIT.FOR_IN_cdc_to[10].CROSS2_PLEVEL_IN2SCNDRY_IN_cdc_to/D
                            (rising edge-triggered cell FDRE clocked by clk_fpga_0  {rise@0.000ns fall@10.000ns period=20.000ns})
  Path Group:             (none)
  Path Type:              Hold (Min at Fast Process Corner)
  Data Path Delay:        0.238ns  (logic 0.128ns (53.830%)  route 0.110ns (46.170%))
  Logic Levels:           0  
  Clock Path Skew:        0.298ns (DCD - SCD - CPR)
    Destination Clock Delay (DCD):    1.191ns
    Source Clock Delay      (SCD):    0.893ns
    Clock Pessimism Removal (CPR):    -0.000ns
  Clock Uncertainty:      0.302ns  ((TSJ^2 + TIJ^2)^1/2 + DJ) / 2 + PE
    Total System Jitter     (TSJ):    0.071ns
    Total Input Jitter      (TIJ):    0.600ns
    Discrete Jitter          (DJ):    0.000ns
    Phase Error              (PE):    0.000ns
  Timing Exception:       False Path

    Location             Delay type                Incr(ns)  Path(ns)    Netlist Resource(s)
  -------------------------------------------------------------------    -------------------
                         (clock clk_fpga_0 rise edge)
                                                      0.000     0.000 r  
    PS7_X0Y0             PS7                          0.000     0.000 r  Sobel_design_i/processing_system7_0/inst/PS7_i/FCLKCLK[0]
                         net (fo=1, routed)           0.310     0.310    Sobel_design_i/processing_system7_0/inst/FCLK_CLK_unbuffered[0]
    BUFGCTRL_X0Y16       BUFG (Prop_bufg_I_O)         0.026     0.336 r  Sobel_design_i/processing_system7_0/inst/buffer_fclk_clk_0.FCLK_CLK_0_BUFG/O
                         net (fo=2809, routed)        0.557     0.893    Sobel_design_i/axi_dma_0/U0/I_AXI_DMA_REG_MODULE/GEN_AXI_LITE_IF.AXI_LITE_IF_I/m_axi_sg_aclk
    SLICE_X39Y97         FDRE                                         r  Sobel_design_i/axi_dma_0/U0/I_AXI_DMA_REG_MODULE/GEN_AXI_LITE_IF.AXI_LITE_IF_I/GEN_ASYNC_READ.lite_rdata_cdc_from_reg[10]/C
  -------------------------------------------------------------------    -------------------
    SLICE_X39Y97         FDRE (Prop_fdre_C_Q)         0.128     1.021 r  Sobel_design_i/axi_dma_0/U0/I_AXI_DMA_REG_MODULE/GEN_AXI_LITE_IF.AXI_LITE_IF_I/GEN_ASYNC_READ.lite_rdata_cdc_from_reg[10]/Q
                         net (fo=1, routed)           0.110     1.130    Sobel_design_i/axi_dma_0/U0/I_AXI_DMA_REG_MODULE/GEN_AXI_LITE_IF.AXI_LITE_IF_I/GEN_ASYNC_READ.REG_DATA2LITE_CLOCK/prmry_vect_in[10]
    SLICE_X39Y98         FDRE                                         r  Sobel_design_i/axi_dma_0/U0/I_AXI_DMA_REG_MODULE/GEN_AXI_LITE_IF.AXI_LITE_IF_I/GEN_ASYNC_READ.REG_DATA2LITE_CLOCK/GENERATE_LEVEL_P_S_CDC.MULTI_BIT.FOR_IN_cdc_to[10].CROSS2_PLEVEL_IN2SCNDRY_IN_cdc_to/D
  -------------------------------------------------------------------    -------------------

                         (clock clk_fpga_0 rise edge)
                                                      0.000     0.000 r  
    PS7_X0Y0             PS7                          0.000     0.000 r  Sobel_design_i/processing_system7_0/inst/PS7_i/FCLKCLK[0]
                         net (fo=1, routed)           0.337     0.337    Sobel_design_i/processing_system7_0/inst/FCLK_CLK_unbuffered[0]
    BUFGCTRL_X0Y16       BUFG (Prop_bufg_I_O)         0.029     0.366 r  Sobel_design_i/processing_system7_0/inst/buffer_fclk_clk_0.FCLK_CLK_0_BUFG/O
                         net (fo=2809, routed)        0.825     1.191    Sobel_design_i/axi_dma_0/U0/I_AXI_DMA_REG_MODULE/GEN_AXI_LITE_IF.AXI_LITE_IF_I/GEN_ASYNC_READ.REG_DATA2LITE_CLOCK/s_axi_lite_aclk
    SLICE_X39Y98         FDRE                                         r  Sobel_design_i/axi_dma_0/U0/I_AXI_DMA_REG_MODULE/GEN_AXI_LITE_IF.AXI_LITE_IF_I/GEN_ASYNC_READ.REG_DATA2LITE_CLOCK/GENERATE_LEVEL_P_S_CDC.MULTI_BIT.FOR_IN_cdc_to[10].CROSS2_PLEVEL_IN2SCNDRY_IN_cdc_to/C

Slack:                    inf
  Source:                 Sobel_design_i/axi_dma_0/U0/I_AXI_DMA_REG_MODULE/GEN_AXI_LITE_IF.AXI_LITE_IF_I/GEN_ASYNC_READ.lite_rdata_cdc_from_reg[3]/C
                            (rising edge-triggered cell FDRE clocked by clk_fpga_0  {rise@0.000ns fall@10.000ns period=20.000ns})
  Destination:            Sobel_design_i/axi_dma_0/U0/I_AXI_DMA_REG_MODULE/GEN_AXI_LITE_IF.AXI_LITE_IF_I/GEN_ASYNC_READ.REG_DATA2LITE_CLOCK/GENERATE_LEVEL_P_S_CDC.MULTI_BIT.FOR_IN_cdc_to[3].CROSS2_PLEVEL_IN2SCNDRY_IN_cdc_to/D
                            (rising edge-triggered cell FDRE clocked by clk_fpga_0  {rise@0.000ns fall@10.000ns period=20.000ns})
  Path Group:             (none)
  Path Type:              Hold (Min at Fast Process Corner)
  Data Path Delay:        0.245ns  (logic 0.128ns (52.210%)  route 0.117ns (47.790%))
  Logic Levels:           0  
  Clock Path Skew:        0.298ns (DCD - SCD - CPR)
    Destination Clock Delay (DCD):    1.191ns
    Source Clock Delay      (SCD):    0.893ns
    Clock Pessimism Removal (CPR):    -0.000ns
  Clock Uncertainty:      0.302ns  ((TSJ^2 + TIJ^2)^1/2 + DJ) / 2 + PE
    Total System Jitter     (TSJ):    0.071ns
    Total Input Jitter      (TIJ):    0.600ns
    Discrete Jitter          (DJ):    0.000ns
    Phase Error              (PE):    0.000ns
  Timing Exception:       False Path

    Location             Delay type                Incr(ns)  Path(ns)    Netlist Resource(s)
  -------------------------------------------------------------------    -------------------
                         (clock clk_fpga_0 rise edge)
                                                      0.000     0.000 r  
    PS7_X0Y0             PS7                          0.000     0.000 r  Sobel_design_i/processing_system7_0/inst/PS7_i/FCLKCLK[0]
                         net (fo=1, routed)           0.310     0.310    Sobel_design_i/processing_system7_0/inst/FCLK_CLK_unbuffered[0]
    BUFGCTRL_X0Y16       BUFG (Prop_bufg_I_O)         0.026     0.336 r  Sobel_design_i/processing_system7_0/inst/buffer_fclk_clk_0.FCLK_CLK_0_BUFG/O
                         net (fo=2809, routed)        0.557     0.893    Sobel_design_i/axi_dma_0/U0/I_AXI_DMA_REG_MODULE/GEN_AXI_LITE_IF.AXI_LITE_IF_I/m_axi_sg_aclk
    SLICE_X40Y98         FDRE                                         r  Sobel_design_i/axi_dma_0/U0/I_AXI_DMA_REG_MODULE/GEN_AXI_LITE_IF.AXI_LITE_IF_I/GEN_ASYNC_READ.lite_rdata_cdc_from_reg[3]/C
  -------------------------------------------------------------------    -------------------
    SLICE_X40Y98         FDRE (Prop_fdre_C_Q)         0.128     1.021 r  Sobel_design_i/axi_dma_0/U0/I_AXI_DMA_REG_MODULE/GEN_AXI_LITE_IF.AXI_LITE_IF_I/GEN_ASYNC_READ.lite_rdata_cdc_from_reg[3]/Q
                         net (fo=1, routed)           0.117     1.138    Sobel_design_i/axi_dma_0/U0/I_AXI_DMA_REG_MODULE/GEN_AXI_LITE_IF.AXI_LITE_IF_I/GEN_ASYNC_READ.REG_DATA2LITE_CLOCK/prmry_vect_in[3]
    SLICE_X40Y99         FDRE                                         r  Sobel_design_i/axi_dma_0/U0/I_AXI_DMA_REG_MODULE/GEN_AXI_LITE_IF.AXI_LITE_IF_I/GEN_ASYNC_READ.REG_DATA2LITE_CLOCK/GENERATE_LEVEL_P_S_CDC.MULTI_BIT.FOR_IN_cdc_to[3].CROSS2_PLEVEL_IN2SCNDRY_IN_cdc_to/D
  -------------------------------------------------------------------    -------------------

                         (clock clk_fpga_0 rise edge)
                                                      0.000     0.000 r  
    PS7_X0Y0             PS7                          0.000     0.000 r  Sobel_design_i/processing_system7_0/inst/PS7_i/FCLKCLK[0]
                         net (fo=1, routed)           0.337     0.337    Sobel_design_i/processing_system7_0/inst/FCLK_CLK_unbuffered[0]
    BUFGCTRL_X0Y16       BUFG (Prop_bufg_I_O)         0.029     0.366 r  Sobel_design_i/processing_system7_0/inst/buffer_fclk_clk_0.FCLK_CLK_0_BUFG/O
                         net (fo=2809, routed)        0.825     1.191    Sobel_design_i/axi_dma_0/U0/I_AXI_DMA_REG_MODULE/GEN_AXI_LITE_IF.AXI_LITE_IF_I/GEN_ASYNC_READ.REG_DATA2LITE_CLOCK/s_axi_lite_aclk
    SLICE_X40Y99         FDRE                                         r  Sobel_design_i/axi_dma_0/U0/I_AXI_DMA_REG_MODULE/GEN_AXI_LITE_IF.AXI_LITE_IF_I/GEN_ASYNC_READ.REG_DATA2LITE_CLOCK/GENERATE_LEVEL_P_S_CDC.MULTI_BIT.FOR_IN_cdc_to[3].CROSS2_PLEVEL_IN2SCNDRY_IN_cdc_to/C

Slack:                    inf
  Source:                 Sobel_design_i/axi_dma_0/U0/I_AXI_DMA_REG_MODULE/GEN_AXI_LITE_IF.AXI_LITE_IF_I/GEN_ASYNC_READ.lite_rdata_cdc_from_reg[4]/C
                            (rising edge-triggered cell FDRE clocked by clk_fpga_0  {rise@0.000ns fall@10.000ns period=20.000ns})
  Destination:            Sobel_design_i/axi_dma_0/U0/I_AXI_DMA_REG_MODULE/GEN_AXI_LITE_IF.AXI_LITE_IF_I/GEN_ASYNC_READ.REG_DATA2LITE_CLOCK/GENERATE_LEVEL_P_S_CDC.MULTI_BIT.FOR_IN_cdc_to[4].CROSS2_PLEVEL_IN2SCNDRY_IN_cdc_to/D
                            (rising edge-triggered cell FDRE clocked by clk_fpga_0  {rise@0.000ns fall@10.000ns period=20.000ns})
  Path Group:             (none)
  Path Type:              Hold (Min at Fast Process Corner)
  Data Path Delay:        0.262ns  (logic 0.148ns (56.571%)  route 0.114ns (43.429%))
  Logic Levels:           0  
  Clock Path Skew:        0.298ns (DCD - SCD - CPR)
    Destination Clock Delay (DCD):    1.191ns
    Source Clock Delay      (SCD):    0.893ns
    Clock Pessimism Removal (CPR):    -0.000ns
  Clock Uncertainty:      0.302ns  ((TSJ^2 + TIJ^2)^1/2 + DJ) / 2 + PE
    Total System Jitter     (TSJ):    0.071ns
    Total Input Jitter      (TIJ):    0.600ns
    Discrete Jitter          (DJ):    0.000ns
    Phase Error              (PE):    0.000ns
  Timing Exception:       False Path

    Location             Delay type                Incr(ns)  Path(ns)    Netlist Resource(s)
  -------------------------------------------------------------------    -------------------
                         (clock clk_fpga_0 rise edge)
                                                      0.000     0.000 r  
    PS7_X0Y0             PS7                          0.000     0.000 r  Sobel_design_i/processing_system7_0/inst/PS7_i/FCLKCLK[0]
                         net (fo=1, routed)           0.310     0.310    Sobel_design_i/processing_system7_0/inst/FCLK_CLK_unbuffered[0]
    BUFGCTRL_X0Y16       BUFG (Prop_bufg_I_O)         0.026     0.336 r  Sobel_design_i/processing_system7_0/inst/buffer_fclk_clk_0.FCLK_CLK_0_BUFG/O
                         net (fo=2809, routed)        0.557     0.893    Sobel_design_i/axi_dma_0/U0/I_AXI_DMA_REG_MODULE/GEN_AXI_LITE_IF.AXI_LITE_IF_I/m_axi_sg_aclk
    SLICE_X42Y97         FDRE                                         r  Sobel_design_i/axi_dma_0/U0/I_AXI_DMA_REG_MODULE/GEN_AXI_LITE_IF.AXI_LITE_IF_I/GEN_ASYNC_READ.lite_rdata_cdc_from_reg[4]/C
  -------------------------------------------------------------------    -------------------
    SLICE_X42Y97         FDRE (Prop_fdre_C_Q)         0.148     1.041 r  Sobel_design_i/axi_dma_0/U0/I_AXI_DMA_REG_MODULE/GEN_AXI_LITE_IF.AXI_LITE_IF_I/GEN_ASYNC_READ.lite_rdata_cdc_from_reg[4]/Q
                         net (fo=1, routed)           0.114     1.154    Sobel_design_i/axi_dma_0/U0/I_AXI_DMA_REG_MODULE/GEN_AXI_LITE_IF.AXI_LITE_IF_I/GEN_ASYNC_READ.REG_DATA2LITE_CLOCK/prmry_vect_in[4]
    SLICE_X42Y98         FDRE                                         r  Sobel_design_i/axi_dma_0/U0/I_AXI_DMA_REG_MODULE/GEN_AXI_LITE_IF.AXI_LITE_IF_I/GEN_ASYNC_READ.REG_DATA2LITE_CLOCK/GENERATE_LEVEL_P_S_CDC.MULTI_BIT.FOR_IN_cdc_to[4].CROSS2_PLEVEL_IN2SCNDRY_IN_cdc_to/D
  -------------------------------------------------------------------    -------------------

                         (clock clk_fpga_0 rise edge)
                                                      0.000     0.000 r  
    PS7_X0Y0             PS7                          0.000     0.000 r  Sobel_design_i/processing_system7_0/inst/PS7_i/FCLKCLK[0]
                         net (fo=1, routed)           0.337     0.337    Sobel_design_i/processing_system7_0/inst/FCLK_CLK_unbuffered[0]
    BUFGCTRL_X0Y16       BUFG (Prop_bufg_I_O)         0.029     0.366 r  Sobel_design_i/processing_system7_0/inst/buffer_fclk_clk_0.FCLK_CLK_0_BUFG/O
                         net (fo=2809, routed)        0.825     1.191    Sobel_design_i/axi_dma_0/U0/I_AXI_DMA_REG_MODULE/GEN_AXI_LITE_IF.AXI_LITE_IF_I/GEN_ASYNC_READ.REG_DATA2LITE_CLOCK/s_axi_lite_aclk
    SLICE_X42Y98         FDRE                                         r  Sobel_design_i/axi_dma_0/U0/I_AXI_DMA_REG_MODULE/GEN_AXI_LITE_IF.AXI_LITE_IF_I/GEN_ASYNC_READ.REG_DATA2LITE_CLOCK/GENERATE_LEVEL_P_S_CDC.MULTI_BIT.FOR_IN_cdc_to[4].CROSS2_PLEVEL_IN2SCNDRY_IN_cdc_to/C

Slack:                    inf
  Source:                 Sobel_design_i/axi_dma_0/U0/I_AXI_DMA_REG_MODULE/GEN_AXI_LITE_IF.AXI_LITE_IF_I/GEN_ASYNC_READ.lite_rdata_cdc_from_reg[9]/C
                            (rising edge-triggered cell FDRE clocked by clk_fpga_0  {rise@0.000ns fall@10.000ns period=20.000ns})
  Destination:            Sobel_design_i/axi_dma_0/U0/I_AXI_DMA_REG_MODULE/GEN_AXI_LITE_IF.AXI_LITE_IF_I/GEN_ASYNC_READ.REG_DATA2LITE_CLOCK/GENERATE_LEVEL_P_S_CDC.MULTI_BIT.FOR_IN_cdc_to[9].CROSS2_PLEVEL_IN2SCNDRY_IN_cdc_to/D
                            (rising edge-triggered cell FDRE clocked by clk_fpga_0  {rise@0.000ns fall@10.000ns period=20.000ns})
  Path Group:             (none)
  Path Type:              Hold (Min at Fast Process Corner)
  Data Path Delay:        0.262ns  (logic 0.148ns (56.571%)  route 0.114ns (43.429%))
  Logic Levels:           0  
  Clock Path Skew:        0.298ns (DCD - SCD - CPR)
    Destination Clock Delay (DCD):    1.191ns
    Source Clock Delay      (SCD):    0.893ns
    Clock Pessimism Removal (CPR):    -0.000ns
  Clock Uncertainty:      0.302ns  ((TSJ^2 + TIJ^2)^1/2 + DJ) / 2 + PE
    Total System Jitter     (TSJ):    0.071ns
    Total Input Jitter      (TIJ):    0.600ns
    Discrete Jitter          (DJ):    0.000ns
    Phase Error              (PE):    0.000ns
  Timing Exception:       False Path

    Location             Delay type                Incr(ns)  Path(ns)    Netlist Resource(s)
  -------------------------------------------------------------------    -------------------
                         (clock clk_fpga_0 rise edge)
                                                      0.000     0.000 r  
    PS7_X0Y0             PS7                          0.000     0.000 r  Sobel_design_i/processing_system7_0/inst/PS7_i/FCLKCLK[0]
                         net (fo=1, routed)           0.310     0.310    Sobel_design_i/processing_system7_0/inst/FCLK_CLK_unbuffered[0]
    BUFGCTRL_X0Y16       BUFG (Prop_bufg_I_O)         0.026     0.336 r  Sobel_design_i/processing_system7_0/inst/buffer_fclk_clk_0.FCLK_CLK_0_BUFG/O
                         net (fo=2809, routed)        0.557     0.893    Sobel_design_i/axi_dma_0/U0/I_AXI_DMA_REG_MODULE/GEN_AXI_LITE_IF.AXI_LITE_IF_I/m_axi_sg_aclk
    SLICE_X38Y98         FDRE                                         r  Sobel_design_i/axi_dma_0/U0/I_AXI_DMA_REG_MODULE/GEN_AXI_LITE_IF.AXI_LITE_IF_I/GEN_ASYNC_READ.lite_rdata_cdc_from_reg[9]/C
  -------------------------------------------------------------------    -------------------
    SLICE_X38Y98         FDRE (Prop_fdre_C_Q)         0.148     1.041 r  Sobel_design_i/axi_dma_0/U0/I_AXI_DMA_REG_MODULE/GEN_AXI_LITE_IF.AXI_LITE_IF_I/GEN_ASYNC_READ.lite_rdata_cdc_from_reg[9]/Q
                         net (fo=1, routed)           0.114     1.154    Sobel_design_i/axi_dma_0/U0/I_AXI_DMA_REG_MODULE/GEN_AXI_LITE_IF.AXI_LITE_IF_I/GEN_ASYNC_READ.REG_DATA2LITE_CLOCK/prmry_vect_in[9]
    SLICE_X38Y99         FDRE                                         r  Sobel_design_i/axi_dma_0/U0/I_AXI_DMA_REG_MODULE/GEN_AXI_LITE_IF.AXI_LITE_IF_I/GEN_ASYNC_READ.REG_DATA2LITE_CLOCK/GENERATE_LEVEL_P_S_CDC.MULTI_BIT.FOR_IN_cdc_to[9].CROSS2_PLEVEL_IN2SCNDRY_IN_cdc_to/D
  -------------------------------------------------------------------    -------------------

                         (clock clk_fpga_0 rise edge)
                                                      0.000     0.000 r  
    PS7_X0Y0             PS7                          0.000     0.000 r  Sobel_design_i/processing_system7_0/inst/PS7_i/FCLKCLK[0]
                         net (fo=1, routed)           0.337     0.337    Sobel_design_i/processing_system7_0/inst/FCLK_CLK_unbuffered[0]
    BUFGCTRL_X0Y16       BUFG (Prop_bufg_I_O)         0.029     0.366 r  Sobel_design_i/processing_system7_0/inst/buffer_fclk_clk_0.FCLK_CLK_0_BUFG/O
                         net (fo=2809, routed)        0.825     1.191    Sobel_design_i/axi_dma_0/U0/I_AXI_DMA_REG_MODULE/GEN_AXI_LITE_IF.AXI_LITE_IF_I/GEN_ASYNC_READ.REG_DATA2LITE_CLOCK/s_axi_lite_aclk
    SLICE_X38Y99         FDRE                                         r  Sobel_design_i/axi_dma_0/U0/I_AXI_DMA_REG_MODULE/GEN_AXI_LITE_IF.AXI_LITE_IF_I/GEN_ASYNC_READ.REG_DATA2LITE_CLOCK/GENERATE_LEVEL_P_S_CDC.MULTI_BIT.FOR_IN_cdc_to[9].CROSS2_PLEVEL_IN2SCNDRY_IN_cdc_to/C

Slack:                    inf
  Source:                 <hidden>
                            (rising edge-triggered cell FDRE clocked by clk_fpga_0  {rise@0.000ns fall@10.000ns period=20.000ns})
  Destination:            Sobel_design_i/axi_dma_0/U0/I_AXI_DMA_REG_MODULE/GEN_AXI_LITE_IF.AXI_LITE_IF_I/GEN_ASYNC_WRITE.REG_WADDR_TO_IPCLK1/GENERATE_LEVEL_P_S_CDC.MULTI_BIT.FOR_IN_cdc_to[15].CROSS2_PLEVEL_IN2SCNDRY_IN_cdc_to/D
                            (rising edge-triggered cell FDRE clocked by clk_fpga_0  {rise@0.000ns fall@10.000ns period=20.000ns})
  Path Group:             (none)
  Path Type:              Hold (Min at Fast Process Corner)
  Data Path Delay:        0.264ns  (logic 0.164ns (62.120%)  route 0.100ns (37.880%))
  Logic Levels:           0  
  Clock Path Skew:        0.298ns (DCD - SCD - CPR)
    Destination Clock Delay (DCD):    1.191ns
    Source Clock Delay      (SCD):    0.893ns
    Clock Pessimism Removal (CPR):    -0.000ns
  Clock Uncertainty:      0.302ns  ((TSJ^2 + TIJ^2)^1/2 + DJ) / 2 + PE
    Total System Jitter     (TSJ):    0.071ns
    Total Input Jitter      (TIJ):    0.600ns
    Discrete Jitter          (DJ):    0.000ns
    Phase Error              (PE):    0.000ns
  Timing Exception:       False Path

    Location             Delay type                Incr(ns)  Path(ns)    Netlist Resource(s)
  -------------------------------------------------------------------    -------------------
                         (clock clk_fpga_0 rise edge)
                                                      0.000     0.000 r  
    PS7_X0Y0             PS7                          0.000     0.000 r  Sobel_design_i/processing_system7_0/inst/PS7_i/FCLKCLK[0]
                         net (fo=1, routed)           0.310     0.310    Sobel_design_i/processing_system7_0/inst/FCLK_CLK_unbuffered[0]
    BUFGCTRL_X0Y16       BUFG (Prop_bufg_I_O)         0.026     0.336 r  Sobel_design_i/processing_system7_0/inst/buffer_fclk_clk_0.FCLK_CLK_0_BUFG/O
                         net (fo=2809, routed)        0.557     0.893    <hidden>
    SLICE_X42Y99         FDRE                                         r  <hidden>
  -------------------------------------------------------------------    -------------------
    SLICE_X42Y99         FDRE (Prop_fdre_C_Q)         0.164     1.057 r  <hidden>
                         net (fo=1, routed)           0.100     1.157    Sobel_design_i/axi_dma_0/U0/I_AXI_DMA_REG_MODULE/GEN_AXI_LITE_IF.AXI_LITE_IF_I/GEN_ASYNC_WRITE.REG_WADDR_TO_IPCLK1/s_axi_lite_wdata[13]
    SLICE_X41Y99         FDRE                                         r  Sobel_design_i/axi_dma_0/U0/I_AXI_DMA_REG_MODULE/GEN_AXI_LITE_IF.AXI_LITE_IF_I/GEN_ASYNC_WRITE.REG_WADDR_TO_IPCLK1/GENERATE_LEVEL_P_S_CDC.MULTI_BIT.FOR_IN_cdc_to[15].CROSS2_PLEVEL_IN2SCNDRY_IN_cdc_to/D
  -------------------------------------------------------------------    -------------------

                         (clock clk_fpga_0 rise edge)
                                                      0.000     0.000 r  
    PS7_X0Y0             PS7                          0.000     0.000 r  Sobel_design_i/processing_system7_0/inst/PS7_i/FCLKCLK[0]
                         net (fo=1, routed)           0.337     0.337    Sobel_design_i/processing_system7_0/inst/FCLK_CLK_unbuffered[0]
    BUFGCTRL_X0Y16       BUFG (Prop_bufg_I_O)         0.029     0.366 r  Sobel_design_i/processing_system7_0/inst/buffer_fclk_clk_0.FCLK_CLK_0_BUFG/O
                         net (fo=2809, routed)        0.825     1.191    Sobel_design_i/axi_dma_0/U0/I_AXI_DMA_REG_MODULE/GEN_AXI_LITE_IF.AXI_LITE_IF_I/GEN_ASYNC_WRITE.REG_WADDR_TO_IPCLK1/m_axi_sg_aclk
    SLICE_X41Y99         FDRE                                         r  Sobel_design_i/axi_dma_0/U0/I_AXI_DMA_REG_MODULE/GEN_AXI_LITE_IF.AXI_LITE_IF_I/GEN_ASYNC_WRITE.REG_WADDR_TO_IPCLK1/GENERATE_LEVEL_P_S_CDC.MULTI_BIT.FOR_IN_cdc_to[15].CROSS2_PLEVEL_IN2SCNDRY_IN_cdc_to/C

Slack:                    inf
  Source:                 <hidden>
                            (rising edge-triggered cell FDRE clocked by clk_fpga_0  {rise@0.000ns fall@10.000ns period=20.000ns})
  Destination:            Sobel_design_i/axi_dma_0/U0/I_AXI_DMA_REG_MODULE/GEN_AXI_LITE_IF.AXI_LITE_IF_I/GEN_ASYNC_READ.REG_RADDR_TO_IPCLK/GENERATE_LEVEL_P_S_CDC.MULTI_BIT.FOR_IN_cdc_to[4].CROSS2_PLEVEL_IN2SCNDRY_IN_cdc_to/D
                            (rising edge-triggered cell FDRE clocked by clk_fpga_0  {rise@0.000ns fall@10.000ns period=20.000ns})
  Path Group:             (none)
  Path Type:              Hold (Min at Fast Process Corner)
  Data Path Delay:        0.282ns  (logic 0.128ns (45.408%)  route 0.154ns (54.592%))
  Logic Levels:           0  
  Clock Path Skew:        0.299ns (DCD - SCD - CPR)
    Destination Clock Delay (DCD):    1.190ns
    Source Clock Delay      (SCD):    0.891ns
    Clock Pessimism Removal (CPR):    -0.000ns
  Clock Uncertainty:      0.302ns  ((TSJ^2 + TIJ^2)^1/2 + DJ) / 2 + PE
    Total System Jitter     (TSJ):    0.071ns
    Total Input Jitter      (TIJ):    0.600ns
    Discrete Jitter          (DJ):    0.000ns
    Phase Error              (PE):    0.000ns
  Timing Exception:       False Path

    Location             Delay type                Incr(ns)  Path(ns)    Netlist Resource(s)
  -------------------------------------------------------------------    -------------------
                         (clock clk_fpga_0 rise edge)
                                                      0.000     0.000 r  
    PS7_X0Y0             PS7                          0.000     0.000 r  Sobel_design_i/processing_system7_0/inst/PS7_i/FCLKCLK[0]
                         net (fo=1, routed)           0.310     0.310    Sobel_design_i/processing_system7_0/inst/FCLK_CLK_unbuffered[0]
    BUFGCTRL_X0Y16       BUFG (Prop_bufg_I_O)         0.026     0.336 r  Sobel_design_i/processing_system7_0/inst/buffer_fclk_clk_0.FCLK_CLK_0_BUFG/O
                         net (fo=2809, routed)        0.555     0.891    <hidden>
    SLICE_X37Y92         FDRE                                         r  <hidden>
  -------------------------------------------------------------------    -------------------
    SLICE_X37Y92         FDRE (Prop_fdre_C_Q)         0.128     1.019 r  <hidden>
                         net (fo=1, routed)           0.154     1.172    Sobel_design_i/axi_dma_0/U0/I_AXI_DMA_REG_MODULE/GEN_AXI_LITE_IF.AXI_LITE_IF_I/GEN_ASYNC_READ.REG_RADDR_TO_IPCLK/s_axi_lite_araddr[4]
    SLICE_X39Y94         FDRE                                         r  Sobel_design_i/axi_dma_0/U0/I_AXI_DMA_REG_MODULE/GEN_AXI_LITE_IF.AXI_LITE_IF_I/GEN_ASYNC_READ.REG_RADDR_TO_IPCLK/GENERATE_LEVEL_P_S_CDC.MULTI_BIT.FOR_IN_cdc_to[4].CROSS2_PLEVEL_IN2SCNDRY_IN_cdc_to/D
  -------------------------------------------------------------------    -------------------

                         (clock clk_fpga_0 rise edge)
                                                      0.000     0.000 r  
    PS7_X0Y0             PS7                          0.000     0.000 r  Sobel_design_i/processing_system7_0/inst/PS7_i/FCLKCLK[0]
                         net (fo=1, routed)           0.337     0.337    Sobel_design_i/processing_system7_0/inst/FCLK_CLK_unbuffered[0]
    BUFGCTRL_X0Y16       BUFG (Prop_bufg_I_O)         0.029     0.366 r  Sobel_design_i/processing_system7_0/inst/buffer_fclk_clk_0.FCLK_CLK_0_BUFG/O
                         net (fo=2809, routed)        0.824     1.190    Sobel_design_i/axi_dma_0/U0/I_AXI_DMA_REG_MODULE/GEN_AXI_LITE_IF.AXI_LITE_IF_I/GEN_ASYNC_READ.REG_RADDR_TO_IPCLK/m_axi_sg_aclk
    SLICE_X39Y94         FDRE                                         r  Sobel_design_i/axi_dma_0/U0/I_AXI_DMA_REG_MODULE/GEN_AXI_LITE_IF.AXI_LITE_IF_I/GEN_ASYNC_READ.REG_RADDR_TO_IPCLK/GENERATE_LEVEL_P_S_CDC.MULTI_BIT.FOR_IN_cdc_to[4].CROSS2_PLEVEL_IN2SCNDRY_IN_cdc_to/C

Slack:                    inf
  Source:                 <hidden>
                            (rising edge-triggered cell FDRE clocked by clk_fpga_0  {rise@0.000ns fall@10.000ns period=20.000ns})
  Destination:            Sobel_design_i/axi_dma_0/U0/I_AXI_DMA_REG_MODULE/GEN_AXI_LITE_IF.AXI_LITE_IF_I/GEN_ASYNC_READ.REG_RADDR_TO_IPCLK/GENERATE_LEVEL_P_S_CDC.MULTI_BIT.FOR_IN_cdc_to[5].CROSS2_PLEVEL_IN2SCNDRY_IN_cdc_to/D
                            (rising edge-triggered cell FDRE clocked by clk_fpga_0  {rise@0.000ns fall@10.000ns period=20.000ns})
  Path Group:             (none)
  Path Type:              Hold (Min at Fast Process Corner)
  Data Path Delay:        0.284ns  (logic 0.128ns (45.058%)  route 0.156ns (54.942%))
  Logic Levels:           0  
  Clock Path Skew:        0.299ns (DCD - SCD - CPR)
    Destination Clock Delay (DCD):    1.190ns
    Source Clock Delay      (SCD):    0.891ns
    Clock Pessimism Removal (CPR):    -0.000ns
  Clock Uncertainty:      0.302ns  ((TSJ^2 + TIJ^2)^1/2 + DJ) / 2 + PE
    Total System Jitter     (TSJ):    0.071ns
    Total Input Jitter      (TIJ):    0.600ns
    Discrete Jitter          (DJ):    0.000ns
    Phase Error              (PE):    0.000ns
  Timing Exception:       False Path

    Location             Delay type                Incr(ns)  Path(ns)    Netlist Resource(s)
  -------------------------------------------------------------------    -------------------
                         (clock clk_fpga_0 rise edge)
                                                      0.000     0.000 r  
    PS7_X0Y0             PS7                          0.000     0.000 r  Sobel_design_i/processing_system7_0/inst/PS7_i/FCLKCLK[0]
                         net (fo=1, routed)           0.310     0.310    Sobel_design_i/processing_system7_0/inst/FCLK_CLK_unbuffered[0]
    BUFGCTRL_X0Y16       BUFG (Prop_bufg_I_O)         0.026     0.336 r  Sobel_design_i/processing_system7_0/inst/buffer_fclk_clk_0.FCLK_CLK_0_BUFG/O
                         net (fo=2809, routed)        0.555     0.891    <hidden>
    SLICE_X37Y92         FDRE                                         r  <hidden>
  -------------------------------------------------------------------    -------------------
    SLICE_X37Y92         FDRE (Prop_fdre_C_Q)         0.128     1.019 r  <hidden>
                         net (fo=1, routed)           0.156     1.175    Sobel_design_i/axi_dma_0/U0/I_AXI_DMA_REG_MODULE/GEN_AXI_LITE_IF.AXI_LITE_IF_I/GEN_ASYNC_READ.REG_RADDR_TO_IPCLK/s_axi_lite_araddr[5]
    SLICE_X38Y94         FDRE                                         r  Sobel_design_i/axi_dma_0/U0/I_AXI_DMA_REG_MODULE/GEN_AXI_LITE_IF.AXI_LITE_IF_I/GEN_ASYNC_READ.REG_RADDR_TO_IPCLK/GENERATE_LEVEL_P_S_CDC.MULTI_BIT.FOR_IN_cdc_to[5].CROSS2_PLEVEL_IN2SCNDRY_IN_cdc_to/D
  -------------------------------------------------------------------    -------------------

                         (clock clk_fpga_0 rise edge)
                                                      0.000     0.000 r  
    PS7_X0Y0             PS7                          0.000     0.000 r  Sobel_design_i/processing_system7_0/inst/PS7_i/FCLKCLK[0]
                         net (fo=1, routed)           0.337     0.337    Sobel_design_i/processing_system7_0/inst/FCLK_CLK_unbuffered[0]
    BUFGCTRL_X0Y16       BUFG (Prop_bufg_I_O)         0.029     0.366 r  Sobel_design_i/processing_system7_0/inst/buffer_fclk_clk_0.FCLK_CLK_0_BUFG/O
                         net (fo=2809, routed)        0.824     1.190    Sobel_design_i/axi_dma_0/U0/I_AXI_DMA_REG_MODULE/GEN_AXI_LITE_IF.AXI_LITE_IF_I/GEN_ASYNC_READ.REG_RADDR_TO_IPCLK/m_axi_sg_aclk
    SLICE_X38Y94         FDRE                                         r  Sobel_design_i/axi_dma_0/U0/I_AXI_DMA_REG_MODULE/GEN_AXI_LITE_IF.AXI_LITE_IF_I/GEN_ASYNC_READ.REG_RADDR_TO_IPCLK/GENERATE_LEVEL_P_S_CDC.MULTI_BIT.FOR_IN_cdc_to[5].CROSS2_PLEVEL_IN2SCNDRY_IN_cdc_to/C

Slack:                    inf
  Source:                 <hidden>
                            (rising edge-triggered cell FDRE clocked by clk_fpga_0  {rise@0.000ns fall@10.000ns period=20.000ns})
  Destination:            Sobel_design_i/axi_dma_0/U0/I_AXI_DMA_REG_MODULE/GEN_AXI_LITE_IF.AXI_LITE_IF_I/GEN_ASYNC_WRITE.REG_WADDR_TO_IPCLK1/GENERATE_LEVEL_P_S_CDC.MULTI_BIT.FOR_IN_cdc_to[7].CROSS2_PLEVEL_IN2SCNDRY_IN_cdc_to/D
                            (rising edge-triggered cell FDRE clocked by clk_fpga_0  {rise@0.000ns fall@10.000ns period=20.000ns})
  Path Group:             (none)
  Path Type:              Hold (Min at Fast Process Corner)
  Data Path Delay:        0.296ns  (logic 0.141ns (47.618%)  route 0.155ns (52.382%))
  Logic Levels:           0  
  Clock Path Skew:        0.299ns (DCD - SCD - CPR)
    Destination Clock Delay (DCD):    1.191ns
    Source Clock Delay      (SCD):    0.892ns
    Clock Pessimism Removal (CPR):    -0.000ns
  Clock Uncertainty:      0.302ns  ((TSJ^2 + TIJ^2)^1/2 + DJ) / 2 + PE
    Total System Jitter     (TSJ):    0.071ns
    Total Input Jitter      (TIJ):    0.600ns
    Discrete Jitter          (DJ):    0.000ns
    Phase Error              (PE):    0.000ns
  Timing Exception:       False Path

    Location             Delay type                Incr(ns)  Path(ns)    Netlist Resource(s)
  -------------------------------------------------------------------    -------------------
                         (clock clk_fpga_0 rise edge)
                                                      0.000     0.000 r  
    PS7_X0Y0             PS7                          0.000     0.000 r  Sobel_design_i/processing_system7_0/inst/PS7_i/FCLKCLK[0]
                         net (fo=1, routed)           0.310     0.310    Sobel_design_i/processing_system7_0/inst/FCLK_CLK_unbuffered[0]
    BUFGCTRL_X0Y16       BUFG (Prop_bufg_I_O)         0.026     0.336 r  Sobel_design_i/processing_system7_0/inst/buffer_fclk_clk_0.FCLK_CLK_0_BUFG/O
                         net (fo=2809, routed)        0.556     0.892    <hidden>
    SLICE_X40Y96         FDRE                                         r  <hidden>
  -------------------------------------------------------------------    -------------------
    SLICE_X40Y96         FDRE (Prop_fdre_C_Q)         0.141     1.033 r  <hidden>
                         net (fo=1, routed)           0.155     1.188    Sobel_design_i/axi_dma_0/U0/I_AXI_DMA_REG_MODULE/GEN_AXI_LITE_IF.AXI_LITE_IF_I/GEN_ASYNC_WRITE.REG_WADDR_TO_IPCLK1/s_axi_lite_wdata[5]
    SLICE_X42Y98         FDRE                                         r  Sobel_design_i/axi_dma_0/U0/I_AXI_DMA_REG_MODULE/GEN_AXI_LITE_IF.AXI_LITE_IF_I/GEN_ASYNC_WRITE.REG_WADDR_TO_IPCLK1/GENERATE_LEVEL_P_S_CDC.MULTI_BIT.FOR_IN_cdc_to[7].CROSS2_PLEVEL_IN2SCNDRY_IN_cdc_to/D
  -------------------------------------------------------------------    -------------------

                         (clock clk_fpga_0 rise edge)
                                                      0.000     0.000 r  
    PS7_X0Y0             PS7                          0.000     0.000 r  Sobel_design_i/processing_system7_0/inst/PS7_i/FCLKCLK[0]
                         net (fo=1, routed)           0.337     0.337    Sobel_design_i/processing_system7_0/inst/FCLK_CLK_unbuffered[0]
    BUFGCTRL_X0Y16       BUFG (Prop_bufg_I_O)         0.029     0.366 r  Sobel_design_i/processing_system7_0/inst/buffer_fclk_clk_0.FCLK_CLK_0_BUFG/O
                         net (fo=2809, routed)        0.825     1.191    Sobel_design_i/axi_dma_0/U0/I_AXI_DMA_REG_MODULE/GEN_AXI_LITE_IF.AXI_LITE_IF_I/GEN_ASYNC_WRITE.REG_WADDR_TO_IPCLK1/m_axi_sg_aclk
    SLICE_X42Y98         FDRE                                         r  Sobel_design_i/axi_dma_0/U0/I_AXI_DMA_REG_MODULE/GEN_AXI_LITE_IF.AXI_LITE_IF_I/GEN_ASYNC_WRITE.REG_WADDR_TO_IPCLK1/GENERATE_LEVEL_P_S_CDC.MULTI_BIT.FOR_IN_cdc_to[7].CROSS2_PLEVEL_IN2SCNDRY_IN_cdc_to/C

Slack:                    inf
  Source:                 Sobel_design_i/axi_dma_0/U0/I_AXI_DMA_REG_MODULE/GEN_AXI_LITE_IF.AXI_LITE_IF_I/GEN_ASYNC_READ.lite_rdata_cdc_from_reg[18]/C
                            (rising edge-triggered cell FDRE clocked by clk_fpga_0  {rise@0.000ns fall@10.000ns period=20.000ns})
  Destination:            Sobel_design_i/axi_dma_0/U0/I_AXI_DMA_REG_MODULE/GEN_AXI_LITE_IF.AXI_LITE_IF_I/GEN_ASYNC_READ.REG_DATA2LITE_CLOCK/GENERATE_LEVEL_P_S_CDC.MULTI_BIT.FOR_IN_cdc_to[18].CROSS2_PLEVEL_IN2SCNDRY_IN_cdc_to/D
                            (rising edge-triggered cell FDRE clocked by clk_fpga_0  {rise@0.000ns fall@10.000ns period=20.000ns})
  Path Group:             (none)
  Path Type:              Hold (Min at Fast Process Corner)
  Data Path Delay:        0.300ns  (logic 0.128ns (42.643%)  route 0.172ns (57.357%))
  Logic Levels:           0  
  Clock Path Skew:        0.383ns (DCD - SCD - CPR)
    Destination Clock Delay (DCD):    1.278ns
    Source Clock Delay      (SCD):    0.895ns
    Clock Pessimism Removal (CPR):    -0.000ns
  Clock Uncertainty:      0.302ns  ((TSJ^2 + TIJ^2)^1/2 + DJ) / 2 + PE
    Total System Jitter     (TSJ):    0.071ns
    Total Input Jitter      (TIJ):    0.600ns
    Discrete Jitter          (DJ):    0.000ns
    Phase Error              (PE):    0.000ns
  Timing Exception:       False Path

    Location             Delay type                Incr(ns)  Path(ns)    Netlist Resource(s)
  -------------------------------------------------------------------    -------------------
                         (clock clk_fpga_0 rise edge)
                                                      0.000     0.000 r  
    PS7_X0Y0             PS7                          0.000     0.000 r  Sobel_design_i/processing_system7_0/inst/PS7_i/FCLKCLK[0]
                         net (fo=1, routed)           0.310     0.310    Sobel_design_i/processing_system7_0/inst/FCLK_CLK_unbuffered[0]
    BUFGCTRL_X0Y16       BUFG (Prop_bufg_I_O)         0.026     0.336 r  Sobel_design_i/processing_system7_0/inst/buffer_fclk_clk_0.FCLK_CLK_0_BUFG/O
                         net (fo=2809, routed)        0.559     0.895    Sobel_design_i/axi_dma_0/U0/I_AXI_DMA_REG_MODULE/GEN_AXI_LITE_IF.AXI_LITE_IF_I/m_axi_sg_aclk
    SLICE_X33Y99         FDRE                                         r  Sobel_design_i/axi_dma_0/U0/I_AXI_DMA_REG_MODULE/GEN_AXI_LITE_IF.AXI_LITE_IF_I/GEN_ASYNC_READ.lite_rdata_cdc_from_reg[18]/C
  -------------------------------------------------------------------    -------------------
    SLICE_X33Y99         FDRE (Prop_fdre_C_Q)         0.128     1.023 r  Sobel_design_i/axi_dma_0/U0/I_AXI_DMA_REG_MODULE/GEN_AXI_LITE_IF.AXI_LITE_IF_I/GEN_ASYNC_READ.lite_rdata_cdc_from_reg[18]/Q
                         net (fo=1, routed)           0.172     1.195    Sobel_design_i/axi_dma_0/U0/I_AXI_DMA_REG_MODULE/GEN_AXI_LITE_IF.AXI_LITE_IF_I/GEN_ASYNC_READ.REG_DATA2LITE_CLOCK/prmry_vect_in[18]
    SLICE_X33Y100        FDRE                                         r  Sobel_design_i/axi_dma_0/U0/I_AXI_DMA_REG_MODULE/GEN_AXI_LITE_IF.AXI_LITE_IF_I/GEN_ASYNC_READ.REG_DATA2LITE_CLOCK/GENERATE_LEVEL_P_S_CDC.MULTI_BIT.FOR_IN_cdc_to[18].CROSS2_PLEVEL_IN2SCNDRY_IN_cdc_to/D
  -------------------------------------------------------------------    -------------------

                         (clock clk_fpga_0 rise edge)
                                                      0.000     0.000 r  
    PS7_X0Y0             PS7                          0.000     0.000 r  Sobel_design_i/processing_system7_0/inst/PS7_i/FCLKCLK[0]
                         net (fo=1, routed)           0.337     0.337    Sobel_design_i/processing_system7_0/inst/FCLK_CLK_unbuffered[0]
    BUFGCTRL_X0Y16       BUFG (Prop_bufg_I_O)         0.029     0.366 r  Sobel_design_i/processing_system7_0/inst/buffer_fclk_clk_0.FCLK_CLK_0_BUFG/O
                         net (fo=2809, routed)        0.912     1.278    Sobel_design_i/axi_dma_0/U0/I_AXI_DMA_REG_MODULE/GEN_AXI_LITE_IF.AXI_LITE_IF_I/GEN_ASYNC_READ.REG_DATA2LITE_CLOCK/s_axi_lite_aclk
    SLICE_X33Y100        FDRE                                         r  Sobel_design_i/axi_dma_0/U0/I_AXI_DMA_REG_MODULE/GEN_AXI_LITE_IF.AXI_LITE_IF_I/GEN_ASYNC_READ.REG_DATA2LITE_CLOCK/GENERATE_LEVEL_P_S_CDC.MULTI_BIT.FOR_IN_cdc_to[18].CROSS2_PLEVEL_IN2SCNDRY_IN_cdc_to/C





